LLR_ID,MLRA_ID,id,distance_m,intersection_m2,in_march_build,in_today_build
F,56,1868-251c,0,1626.6138839162886,TRUE,TRUE
F,56,1868-257d,0,820.4010889902711,TRUE,TRUE
F,56,1868-25de,0,287.437696762383,TRUE,TRUE
F,56,1868-263f,0,27.72370720980689,TRUE,TRUE
F,56,1868-26a0,4.99447612923883,0,FALSE,FALSE
F,56,1869-249e,3.4771769302397475,0,FALSE,FALSE
F,56,1869-2527,0,22.19002536125481,TRUE,TRUE
F,56,1869-2655,0,1299.65225032717,TRUE,TRUE
F,56,1869-26ea,0,1159.4337526690215,TRUE,TRUE
F,56,1871-2545,0,3097.48369397223,TRUE,TRUE
F,56,1873-24c0,0,1253.586886703968,TRUE,TRUE
F,56,1873-2656,0,2000.4557962827384,TRUE,TRUE
F,56,1873-26af,2.5820319458377123,0,FALSE,FALSE
F,56,1934-11b1,0,0.18477031809743494,FALSE,TRUE
F,56,1934-1531,0,3006.804880782962,TRUE,TRUE
F,56,1934-16c1,0,1416.397667761892,TRUE,TRUE
F,56,1934-17f2,0,1412.3433574028313,TRUE,TRUE
F,56,1934-1857,0,2494.197799935937,TRUE,TRUE
F,56,1934-19e9,0,359.9821244329214,TRUE,TRUE
F,56,1934-1e36,0,662.5147385597229,TRUE,TRUE
F,56,1934-1eff,0,279.0812440663576,TRUE,TRUE
F,56,1934-202d,0,73.62480407208204,TRUE,TRUE
F,56,1934-21bd,0,70.91493058763444,TRUE,TRUE
F,56,1934-3b0,0,1443.933115541935,TRUE,TRUE
F,56,1934-860,0.7657151276139906,0,FALSE,FALSE
F,56,1934-aa,0,4461.1338058672845,TRUE,TRUE
F,56,1934-b29,0,4279.530610464513,TRUE,TRUE
F,56,1934-f0e,0,2195.295669194311,TRUE,TRUE
F,56,1935-18a,5.167374183419487,0,FALSE,FALSE
F,56,1935-1a28,0,1434.8905402570963,TRUE,TRUE
F,56,1935-1c1d,0,2132.7390123680234,TRUE,TRUE
F,56,1935-336,0,2.616520212031901,TRUE,TRUE
F,56,1935-3bc,0,3940.317550636828,TRUE,TRUE
F,56,1935-533,0,818.3774065114558,TRUE,TRUE
F,56,1935-5b,6.565709485995158,0,FALSE,FALSE
F,56,1935-600,0,562.8346308227628,TRUE,TRUE
F,56,1935-6cd,0,354.98236508481205,TRUE,TRUE
F,56,1935-79b,0,768.2435183511116,TRUE,TRUE
F,56,1935-a88,8.073935334466752,0,FALSE,FALSE
F,56,1936-10da,0,3473.518181219697,TRUE,TRUE
F,56,1936-12b4,0,228.1434790175408,TRUE,TRUE
F,56,1936-16f5,0,412.08696891367435,TRUE,TRUE
F,56,1936-1d87,0,3663.6693107262254,TRUE,TRUE
F,56,1936-1de9,0,22.95129813393578,TRUE,TRUE
F,56,1936-1fd4,0,1529.2307491712272,TRUE,TRUE
F,56,1936-2009,0,1121.6638257354498,TRUE,TRUE
F,56,1936-245d,0,2570.320746280253,TRUE,TRUE
F,56,1936-2666,0,1447.4589728042483,TRUE,TRUE
F,56,1936-a23,1.454266959968334,0,FALSE,FALSE
F,56,1937-1001,0,3966.160142697394,TRUE,TRUE
F,56,1937-106b,0,4862.844596222043,TRUE,TRUE
F,56,1937-31,0,1883.0608048513532,TRUE,TRUE
F,56,1937-3c7,0,7.423183265840635,TRUE,TRUE
F,56,1937-5c6,9.699048248721253,0,FALSE,FALSE
F,56,1937-62e,0,401.565866259858,TRUE,TRUE
F,56,1937-a1d,0,3358.4842092618346,TRUE,TRUE
F,56,1937-f43,5.563491994727351,0,FALSE,FALSE
F,56,1937-fa6,0,1918.4036624580622,TRUE,TRUE
F,56,1938-1260,0,3450.6317232251167,TRUE,TRUE
F,56,1938-12c6,2.561949929206711,0,FALSE,FALSE
F,56,1938-19c1,0,3714.9048134982586,TRUE,TRUE
F,56,1938-7b2,7.718834701448209,0,FALSE,FALSE
F,56,1938-b19,0,949.0359431952238,TRUE,TRUE
F,56,1938-ef4,0,2516.914833776653,TRUE,TRUE
F,56,1939-13ee,0,216.37428128812462,TRUE,TRUE
F,56,1939-77e,0,3502.778464987874,TRUE,TRUE
F,56,1939-970,0,1353.5073543302715,TRUE,TRUE
F,56,1939-db8,0,354.1567354556173,TRUE,TRUE
F,56,2000-10f1,0,107.7007798999548,TRUE,TRUE
F,56,2000-1fc1,0,69.05317597836256,TRUE,TRUE
F,56,2000-1ffa,0,91.6279237694107,TRUE,TRUE
F,56,2000-2058,0,1921.5752223264426,TRUE,TRUE
F,56,2000-2173,0,1807.124410647899,TRUE,TRUE
F,56,2000-21d1,0,3799.910778027028,TRUE,TRUE
F,56,2000-22ec,0,26.2975814063102,TRUE,TRUE
F,56,2000-2407,5.446920385544085,0,FALSE,FALSE
F,56,2000-405,0.9950676990825389,0,FALSE,FALSE
F,56,2000-4cc,0,36.36409269552678,TRUE,TRUE
F,56,2001-19bc,0.880814768133917,0,FALSE,FALSE
F,56,2001-1b8f,0,19.44465371593833,TRUE,TRUE
F,56,2001-1ca7,0,4962.118055280298,TRUE,TRUE
F,56,2001-1d05,9.564584158036329,0,FALSE,FALSE
F,56,2001-1e1e,0,1687.0261163357645,TRUE,TRUE
F,56,2001-1e7c,7.162983955931213,0,FALSE,FALSE
F,56,2002-1388,9.49472053420669,0,FALSE,FALSE
F,56,2002-1441,0,454.2292590159923,TRUE,TRUE
F,56,2002-149e,0,14.760444237967022,TRUE,TRUE
F,56,2002-14fb,0,122.06363139627501,TRUE,TRUE
F,56,2002-1558,0,0.4381278022483457,FALSE,TRUE
F,56,2002-15b5,0,4089.631585802883,TRUE,TRUE
F,56,2002-166f,0,2472.299565894529,TRUE,TRUE
F,56,2002-16cc,0,3001.522827465087,TRUE,TRUE
F,56,2002-1729,0,3582.0328909102827,TRUE,TRUE
F,56,2002-1786,0,4213.829756293446,TRUE,TRUE
F,56,2002-17e3,0,4896.91342349723,TRUE,TRUE
F,56,2003-11b2,0,347.6953219054267,TRUE,TRUE
F,56,2004-107,0.7397931750236098,0,FALSE,FALSE
F,56,2004-c49,2.047129950757849,0,FALSE,FALSE
F,56,2004-d5b,0,846.0558756999671,TRUE,TRUE
F,57,1873-13e8,0,115.93132698908448,TRUE,TRUE
F,57,1873-17fd,0,4863.101773297414,TRUE,TRUE
F,57,1873-1837,7.647990863514383,0,FALSE,FALSE
F,57,1873-1859,0,4862.6111735366285,TRUE,TRUE
F,57,1873-18c9,5.541517488586539,0,FALSE,FALSE
F,57,1873-192e,0,1269.367295898497,TRUE,TRUE
F,57,1873-1aa5,0,128.03943588584661,TRUE,TRUE
F,57,1873-1c54,0,3781.896538719535,TRUE,TRUE
F,57,1873-1d49,0,222.93200830183923,TRUE,TRUE
F,57,1873-1e85,0,4924.587102420628,TRUE,TRUE
F,57,1873-236f,0,1.9490008150460199,TRUE,TRUE
F,57,1874-100a,0,4951.965134225786,TRUE,TRUE
F,57,1874-119d,0,1280.8171886652708,TRUE,TRUE
F,57,1874-184c,0,704.5013871304691,TRUE,TRUE
F,57,1874-1a43,0,1526.2965765856206,TRUE,TRUE
F,57,1874-1dcd,0,1768.3290352933109,TRUE,TRUE
F,57,1874-20f3,0,284.0712915994227,TRUE,TRUE
F,57,1874-f40,0,165.33977498300374,TRUE,TRUE
F,57,1938-1579,0,619.0502621494234,TRUE,TRUE
F,57,1938-1e01,0,2378.2762049101293,TRUE,TRUE
F,57,1938-230f,0,703.8864139728248,TRUE,TRUE
F,57,1938-23d6,0,2908.055643990636,TRUE,TRUE
F,57,1938-2500,0,4244.108891658485,TRUE,TRUE
F,57,1939-1261,0,235.96369864791632,TRUE,TRUE
F,57,1939-12c4,0,2186.2268758416176,TRUE,TRUE
F,57,1939-1a1,0,3919.237635061145,TRUE,TRUE
F,57,1939-e,0,1047.0345622375607,TRUE,TRUE
F,57,1940-18c3,0,5.539684866787866,TRUE,TRUE
F,57,1940-1ab4,0,2540.0948303490877,TRUE,TRUE
F,57,1940-1ca7,7.69475279492362,0,FALSE,FALSE
F,57,1940-21b8,0,3884.8661174327135,TRUE,TRUE
F,57,1940-347,0,1910.6313747568056,TRUE,TRUE
F,57,1940-61f,0,4535.745654784143,TRUE,TRUE
F,57,1940-818,0,485.69088945537806,TRUE,TRUE
F,57,2004-a2,0,0.5515911513357423,TRUE,TRUE
F,57,2005-320,0,1566.7309454549104,TRUE,TRUE
F,57,2005-699,0,34.90051026502624,TRUE,TRUE
F,57,2005-74c,0,984.0595345273614,TRUE,TRUE
F,57,2005-7a6,0,1.2909180913993623,TRUE,TRUE
F,57,2005-85a,7.263362155342329,0,FALSE,FALSE
F,57,2006-132,0,1074.29392240569,TRUE,TRUE
F,58,1679-1180,0,1342.0929078683257,TRUE,TRUE
F,58,1679-1231,0,1004.0273132566363,TRUE,TRUE
F,58,1679-13d9,0,12.524332285509445,TRUE,TRUE
F,58,1679-13e5,0,841.9971452020109,TRUE,TRUE
F,58,1679-154e,0.0037874176996195337,0,TRUE,FALSE
F,58,1679-1ea8,0,104.59301951620728,TRUE,TRUE
F,58,1679-2039,0,1651.798661345616,TRUE,TRUE
F,58,1679-2209,0,2339.309785184916,TRUE,TRUE
F,58,1679-2267,0,2181.6382398344576,TRUE,TRUE
F,58,1680-1a2e,0,938.1955312043428,TRUE,TRUE
F,58,1680-1c23,7.3736446676596845,0,FALSE,FALSE
F,58,1744-170c,0,545.2806609924883,TRUE,TRUE
F,58,1744-1aed,0,4405.297206545249,TRUE,TRUE
F,58,1744-1bbb,0,2034.815946124494,TRUE,TRUE
F,58,1744-1e0c,0,536.9280614070594,TRUE,TRUE
F,58,1744-1f96,0,3265.129628127441,TRUE,TRUE
F,58,1744-257d,0,2730.055627791211,TRUE,TRUE
F,58,1744-512,0,3386.5978406812064,TRUE,TRUE
F,58,1745-197,0,916.2447830028832,TRUE,TRUE
F,58,1745-1c8d,0,740.72870537173,TRUE,TRUE
F,58,1745-202b,0,21.03398513456341,TRUE,TRUE
F,58,1745-2032,0,1913.036102950573,TRUE,TRUE
F,58,1745-20eb,4.34938572629151,0,FALSE,FALSE
F,58,1745-214a,0,1694.031583784148,TRUE,TRUE
F,58,1745-2270,0,926.4291136022657,TRUE,TRUE
F,58,1745-2396,0,683.5281571359374,TRUE,TRUE
F,58,1745-23c1,0,59.189679473638535,TRUE,TRUE
F,58,1745-3ec,0,2795.5779064157978,TRUE,TRUE
F,58,1745-9cb,0,262.3195123532787,TRUE,TRUE
F,58,1745-bc3,0,2.920078852213919,TRUE,TRUE
F,58,1745-c8a,0,3319.6802303157747,TRUE,TRUE
F,58,1746-1399,0,25.767906609456986,TRUE,TRUE
F,58,1746-184d,0,1183.3538757041097,TRUE,TRUE
F,58,1746-24cc,0,328.63144141156226,TRUE,TRUE
F,58,1746-3f0,9.78227413701042,0,FALSE,FALSE
F,58,1746-83d,8.974415608357292,0,FALSE,FALSE
F,58,1746-d53,0,1864.118911165744,TRUE,TRUE
F,58,1810-1629,4.388468582474161,0,FALSE,FALSE
F,58,1810-19b0,0,1629.3350623957813,TRUE,TRUE
F,58,1810-1a7b,0,4.052322325063869,TRUE,TRUE
F,58,1810-1ae1,0,4202.996371127665,TRUE,TRUE
F,58,1810-1b44,0,1340.630310665816,TRUE,TRUE
F,58,1810-1c0a,4.000241308156779,0,FALSE,FALSE
F,58,1810-2308,0,774.9064173852094,TRUE,TRUE
F,58,1810-2495,0,311.22349057905376,TRUE,TRUE
F,58,1810-bb7,5.876228923880842,0,FALSE,FALSE
F,58,1810-ec8,0,3204.9557693023235,TRUE,TRUE
F,58,1810-f8d,0,1106.0822014352307,TRUE,TRUE
F,58,1811-134,0,162.28211881872267,TRUE,TRUE
F,58,1811-168,0,68.63113620784134,TRUE,TRUE
F,58,1811-1cb,0,3.814211942953989,TRUE,TRUE
F,58,1811-970,0,86.0076841940172,TRUE,TRUE
F,58,1811-9da,1.0559041164323932,0,FALSE,FALSE
F,58,1811-9dc,0,3378.1123112645,TRUE,TRUE
F,58,1811-b5c,0,83.09947844501585,TRUE,TRUE
F,58,1812-1013,0,1.6745045205461793,TRUE,TRUE
F,58,1812-1dbd,0,3228.7268883138895,TRUE,TRUE
F,58,1812-2013,0,755.8889081543311,TRUE,TRUE
F,58,1812-20da,0,1490.057230900973,TRUE,TRUE
F,58,1812-2584,0.49951093980068845,0,FALSE,FALSE
F,58,1812-2d1,0,373.49224657192826,TRUE,TRUE
F,58,1812-399,0,2428.195909075439,TRUE,TRUE
F,58,1812-4c4,0,173.9416526267305,TRUE,TRUE
F,58,1812-71a,0,1867.2796262521297,TRUE,TRUE
F,58,1812-8a9,0,43.52875262894668,TRUE,TRUE
F,58,1875-1000,8.70866094806548,0,FALSE,FALSE
F,58,1875-1003,0,181.07133064279333,TRUE,TRUE
F,58,1875-124a,0,1203.49650660716,TRUE,TRUE
F,58,1875-168d,0,2561.3881691619754,TRUE,TRUE
F,58,1875-187f,0,2810.580420506187,TRUE,TRUE
F,58,1875-1f17,0,74.68317559547722,TRUE,TRUE
F,58,1875-2241,0,405.51833857409656,TRUE,TRUE
F,58,1875-2359,0,9.59809091873467,TRUE,TRUE
F,58,1875-2679,0,77.64885646104813,TRUE,TRUE
F,58,1875-267b,0,595.7132465224713,TRUE,TRUE
F,58,1876-1090,0,2159.5581249762326,TRUE,TRUE
F,58,1876-10f0,0,450.97619060985744,TRUE,TRUE
F,58,1876-10f2,0,399.80494685843587,TRUE,TRUE
F,58,1876-16a5,0,228.3446359024383,TRUE,TRUE
F,58,1876-1a7b,0,3993.8029570821673,TRUE,TRUE
F,58,1876-1d2d,0,48.182250313227996,TRUE,TRUE
F,58,1876-1e4b,0,2365.4832747189794,TRUE,TRUE
F,58,1876-1eb7,8.09064037997185,0,FALSE,FALSE
F,58,1876-2100,0,1894.9937423635274,TRUE,TRUE
F,58,1876-2418,0,57.457092785742134,TRUE,TRUE
F,58,1876-291,0,374.99491979088634,TRUE,TRUE
F,58,1876-3b8,0,189.97528250096366,TRUE,TRUE
F,58,1876-e34,0,1260.3473373223096,TRUE,TRUE
F,58,1876-fa6,0,41.31489914981648,TRUE,TRUE
F,58,1877-1454,0.7286193723278518,0,FALSE,FALSE
F,58,1877-14b7,0,2954.820852862671,TRUE,TRUE
F,58,1877-31c,0,154.4417804616969,TRUE,TRUE
F,58,1877-5c5,2.738311018050134,0,FALSE,FALSE
F,58,1877-688,0,2027.4879375221208,TRUE,TRUE
F,58,1877-7ab,0,3575.4417007174343,TRUE,TRUE
F,58,1877-809,0,3584.2627896475606,TRUE,TRUE
F,58,1877-869,0,32.78965390159283,TRUE,TRUE
F,58,1877-92e,0,1481.9170504137874,TRUE,TRUE
F,58,1877-991,0,541.7667081207037,TRUE,TRUE
F,58,1877-9f4,0,64.90057558240369,TRUE,TRUE
F,58,1877-e81,0,2070.4515286916867,TRUE,TRUE
F,58,1940-1306,0,1222.8497211672366,TRUE,TRUE
F,58,1940-1803,0,1271.636512604542,TRUE,TRUE
F,58,1940-185e,2.347393355230885,0,FALSE,FALSE
F,58,1940-18c1,0,2894.877758577466,TRUE,TRUE
F,58,1940-18d8,0,409.1383183710277,TRUE,TRUE
F,58,1940-1c42,0,201.0788149088621,TRUE,TRUE
F,58,1940-212a,6.403210935293355,0,FALSE,FALSE
F,58,1940-2344,0,555.1230680141598,TRUE,TRUE
F,58,1940-246,0,3992.358802676201,TRUE,TRUE
F,58,1940-26b7,0,144.15240897238255,TRUE,TRUE
F,58,1940-435,0,19.800074389670044,TRUE,TRUE
F,58,1940-572,0,211.49931955570355,TRUE,TRUE
F,58,1940-7b8,4.690468272434039,0,FALSE,FALSE
F,58,1941-1000,0,955.7671415116638,TRUE,TRUE
F,58,1941-1063,0,86.73776828171685,TRUE,TRUE
F,58,1941-1155,0,2720.1184140369296,TRUE,TRUE
F,58,1941-15cd,0,86.85570396995172,TRUE,TRUE
F,58,1941-1ad4,0,1077.436476914212,TRUE,TRUE
F,58,1941-1c6,6.581311288517918,0,FALSE,FALSE
F,58,1941-202f,0,4747.57524141483,TRUE,TRUE
F,58,1941-2090,0,3994.560848781839,TRUE,TRUE
F,58,1941-20f1,0,3306.529013333842,TRUE,TRUE
F,58,1941-219d,9.700605587760773,0,FALSE,FALSE
F,58,1941-2210,0,2610.23322436586,TRUE,TRUE
F,58,1941-3a9,0,4706.701255105436,TRUE,TRUE
F,58,1941-470,0,2.696517028962262,TRUE,TRUE
F,58,1941-4d3,0,2378.4781568422914,TRUE,TRUE
F,58,1941-52b,0,2358.041935812682,TRUE,TRUE
F,58,1941-594,0,991.3540134839714,TRUE,TRUE
F,58,1941-6a7,0,402.3923165909946,TRUE,TRUE
F,58,1941-715,0,1368.3406232427806,TRUE,TRUE
F,58,1941-8ba,0,2031.2093272060156,TRUE,TRUE
F,58,1941-8be,0,487.308617644012,TRUE,TRUE
F,58,1941-97,0,3522.658268313855,TRUE,TRUE
F,58,1941-d6a,0,69.10230953153223,TRUE,TRUE
F,58,1941-e10,0,1064.3262404617853,TRUE,TRUE
F,58,1941-efd,0,3523.4039313942194,TRUE,TRUE
F,58,1941-f9d,0,2756.715903372038,TRUE,TRUE
F,58,1942-2d4,0,1228.1712401192635,TRUE,TRUE
F,58,1942-83c,0,110.5104806064628,TRUE,TRUE
F,58,1942-e6,0,452.0345697524026,TRUE,TRUE
F,58,2005-446,0,105.28554822225124,TRUE,TRUE
F,58,2005-640,0,663.6896276217885,TRUE,TRUE
F,58,2006-36a,1.1621001224266365,0,FALSE,FALSE
F,58,2006-47a,0,1134.3103646300733,TRUE,TRUE
F,58,2006-52b,0,76.91497850837186,TRUE,TRUE
F,58,2006-6b,0,3058.9652392603457,TRUE,TRUE
F,59,1612-24ab,0,448.74316196516156,TRUE,TRUE
F,59,1612-2638,0,691.1672968789935,TRUE,TRUE
F,59,1613-1253,0,98.89797780034132,TRUE,TRUE
F,59,1613-12b6,0,2347.2753436844796,TRUE,TRUE
F,59,1613-13b5,0,415.17355688428506,TRUE,TRUE
F,59,1613-17c1,9.227473018310512,0,FALSE,FALSE
F,59,1613-185,0,4120.840828970075,TRUE,TRUE
F,59,1613-18cc,0,508.3933422374539,TRUE,TRUE
F,59,1613-1b76,0,1647.6469196006656,TRUE,TRUE
F,59,1613-1d5f,6.727528634481132,0,FALSE,FALSE
F,59,1613-1dbe,0,843.4881445746869,TRUE,TRUE
F,59,1613-2004,0,914.4786000382155,TRUE,TRUE
F,59,1613-22bc,0,3896.7660283632576,TRUE,TRUE
F,59,1613-237c,0,1955.4488460994326,TRUE,TRUE
F,59,1613-23d7,0,1982.667202400975,TRUE,TRUE
F,59,1613-505,0,2497.2491412982345,TRUE,TRUE
F,59,1613-631,0,2364.8049897402525,TRUE,TRUE
F,59,1613-a20,0,2835.025977744721,TRUE,TRUE
F,59,1614-10f0,0,4474.2342533916235,TRUE,TRUE
F,59,1614-1471,0,2344.3938400316983,TRUE,TRUE
F,59,1614-191d,0,3162.721819188446,TRUE,TRUE
F,59,1614-19a,0,1396.6723477290943,TRUE,TRUE
F,59,1614-1d03,0,4682.372707460076,TRUE,TRUE
F,59,1614-1e2e,0,33.096537492005154,TRUE,TRUE
F,59,1614-2080,9.187090666447379,0,FALSE,FALSE
F,59,1614-32f,0,3788.546618727967,TRUE,TRUE
F,59,1614-58b,0,1412.7477307012305,TRUE,TRUE
F,59,1614-66,0,3935.258882683702,TRUE,TRUE
F,59,1614-9e1,0,1096.4548142310232,TRUE,TRUE
F,59,1614-c81,0,4077.1706834994256,TRUE,TRUE
F,59,1678-2ad,0,2409.0655817808583,TRUE,TRUE
F,59,1678-36f,0,2569.761255191639,TRUE,TRUE
F,59,1678-3d2,0,545.632155274041,TRUE,TRUE
F,59,1678-b4a,0,994.7942352686077,TRUE,TRUE
F,59,1678-c78,0,1.5256510464241728,TRUE,TRUE
F,59,1678-e6f,8.269012295408817,0,FALSE,FALSE
F,59,1679-1325,0,8.661759125061508e-5,FALSE,TRUE
F,59,1679-13c1,0,1786.9195887930691,TRUE,TRUE
F,59,1679-15b3,0,2.051856972684618e-5,FALSE,TRUE
F,59,1679-15ec,0,192.75391520373523,TRUE,TRUE
F,59,1679-167a,0,327.8604463059455,TRUE,TRUE
F,59,1679-171c,6.713677264175533,0,FALSE,FALSE
F,59,1679-1741,0,265.5727734398097,TRUE,TRUE
F,59,1679-17e6,0,59.3860856606625,TRUE,TRUE
F,59,1679-1808,0,209.84101802948862,TRUE,TRUE
F,59,1679-1bd0,0,211.87379350326955,TRUE,TRUE
F,59,1679-1bee,0,4595.858800545335,TRUE,TRUE
F,59,1679-1e45,4.200880429896159,0,FALSE,FALSE
F,59,1679-2089,7.707048237350225,0,FALSE,FALSE
F,59,1679-20ef,0,397.71175500610843,TRUE,TRUE
F,59,1679-2155,0,2345.461369426921,TRUE,TRUE
F,59,1679-2165,0,4422.070585806854,TRUE,TRUE
F,59,1679-2fc,0,3402.8386498838663,TRUE,TRUE
F,59,1679-684,0,1405.7878290899098,TRUE,TRUE
F,59,1679-816,0,117.37635563360527,TRUE,TRUE
F,59,1679-8e0,0,173.1287762671709,TRUE,TRUE
F,59,1679-baf,0,2.5977505310438573,TRUE,TRUE
F,60,1676-11f1,0,2591.3156441636384,TRUE,TRUE
F,60,1676-12b8,0,3801.452083386481,TRUE,TRUE
F,60,1676-13e2,0,480.3927788697183,TRUE,TRUE
F,60,1676-194a,0,3571.029925122857,TRUE,TRUE
F,60,1676-c7e,0,4436.651632219553,TRUE,TRUE
F,60,1676-d45,0,1655.816409125924,TRUE,TRUE
F,60,1676-e0c,0,218.30810830555856,TRUE,TRUE
F,60,1676-f37,0,1484.253362312913,TRUE,TRUE
F,60,1677-21e,0,2436.4287946429104,TRUE,TRUE
F,60,1677-352,0,308.1077349805273,TRUE,TRUE
F,60,1677-5e1,4.279747024871972,0,FALSE,FALSE
F,60,1677-67e,0,182.2833987539634,TRUE,TRUE
F,60,1677-89a,0,3166.8070798665285,TRUE,TRUE
F,60,1677-d8b,0,287.3996697287075,TRUE,TRUE
F,60,1677-db,0,2717.3885632157326,TRUE,TRUE
F,60,1677-df2,0,2817.530939362943,TRUE,TRUE
F,60,1678-1212,0,1242.634053436108,TRUE,TRUE
F,60,1678-1348,0,409.79012042703107,TRUE,TRUE
F,60,1678-1417,0,1148.928715054877,TRUE,TRUE
F,60,1678-16e8,0,3006.4111876040697,TRUE,TRUE
F,60,1678-1ab4,0,3117.683831582777,TRUE,TRUE
F,60,1678-1b2e,9.116761401590836,0,FALSE,FALSE
F,60,1678-1b72,0,120.2905181189999,TRUE,TRUE
F,60,1678-1b97,0,689.1708218576387,TRUE,TRUE
F,60,1678-1bd4,0,2847.9334695283324,TRUE,TRUE
F,60,1678-1e8c,0,4289.907586677,TRUE,TRUE
F,60,1678-1ef8,7.0740005919388045,0,FALSE,FALSE
F,60,1678-2098,0,2191.2223931718618,TRUE,TRUE
F,60,1678-25c0,0,1537.1773713119328,TRUE,TRUE
F,60,1742-173b,0,876.1675034947693,TRUE,TRUE
F,60,1742-1992,0.2869160310855616,0,FALSE,FALSE
F,60,1742-1c51,0,4538.745283991098,TRUE,TRUE
F,60,1742-1de3,0,820.9916143715382,TRUE,TRUE
F,60,1742-1e7,0,1175.9399308748543,TRUE,TRUE
F,60,1742-2102,0,2738.2031915187836,TRUE,TRUE
F,60,1742-23bc,0,99.6564930966124,TRUE,TRUE
F,60,1742-24e6,0,4310.540931109339,TRUE,TRUE
F,60,1742-2610,0.7662814582505398,0,FALSE,FALSE
F,60,1742-75b,0,2546.6763761490583,TRUE,TRUE
F,60,1742-9b5,0,754.8536074496806,TRUE,TRUE
F,60,1744-12ba,0,25.426474227569997,TRUE,TRUE
F,60,1744-1571,0,1760.1991496533155,TRUE,TRUE
F,60,1744-1704,0,334.86846044519916,TRUE,TRUE
F,60,1744-177,0,808.8537054620683,TRUE,TRUE
F,60,1744-1953,0,4614.898981945589,TRUE,TRUE
F,60,1744-1c7e,0,617.3954339688644,TRUE,TRUE
F,60,1744-1ce1,0,2240.5926956273615,TRUE,TRUE
F,60,1744-1d44,0,4779.214531288482,TRUE,TRUE
F,60,1744-24b8,0,369.5802292134613,TRUE,TRUE
F,60,1744-68a,0,2748.6637051235884,TRUE,TRUE
F,60,1744-6ed,0,2373.0910281986,TRUE,TRUE
F,60,1744-8d2,7.103367928740943,0,FALSE,FALSE
F,60,1744-abf,0,178.94903784710914,TRUE,TRUE
F,60,1744-b96,0,562.6682812385261,TRUE,TRUE
F,60,1744-b9a,0,1528.876395672094,TRUE,TRUE
F,60,1744-ba8,0,4103.00306686759,TRUE,TRUE
F,60,1744-da0,0,710.4711816842901,TRUE,TRUE
F,60,1745-1452,0,2951.1235895436257,TRUE,TRUE
F,60,1745-145d,0,656.492772679776,TRUE,TRUE
F,60,1745-1589,0,4994.4013286251575,TRUE,TRUE
F,60,1745-19cb,0,1919.089280310087,TRUE,TRUE
F,60,1745-1af7,0,650.4134859684855,TRUE,TRUE
F,60,1745-1c25,0,712.5591366854496,TRUE,TRUE
F,60,1745-1fac,0,2781.0314149037004,TRUE,TRUE
F,60,1745-1fc6,4.439854612967685,0,FALSE,FALSE
F,60,1745-2086,0,77.1799296400277,TRUE,TRUE
F,60,1745-235e,5.793242290929034,0,FALSE,FALSE
F,60,1745-24f6,0,251.94302499084733,TRUE,TRUE
F,60,1745-255b,0,2215.862684894353,TRUE,TRUE
F,60,1745-2591,0,269.7358921379782,TRUE,TRUE
F,60,1745-2623,0,397.2935679880902,TRUE,TRUE
F,60,1745-2655,0,1238.5734143378213,TRUE,TRUE
F,60,1808-1072,0,86.98713041655719,TRUE,TRUE
F,60,1808-1247,0,318.18503686226904,TRUE,TRUE
F,60,1808-12c6,7.207108670511608,0,FALSE,FALSE
F,60,1808-138d,1.7959930622137759,0,FALSE,FALSE
F,60,1808-1ab9,9.037656105618062,0,FALSE,FALSE
F,60,1808-1ceb,2.8681611569328678,0,FALSE,FALSE
F,60,1808-1ea6,0,4918.180829867721,TRUE,TRUE
F,60,1808-1f6f,0,7.178413780406117,TRUE,TRUE
F,60,1808-213a,0,310.5277166888118,TRUE,TRUE
F,60,1808-2184,0,456.7442089114338,TRUE,TRUE
F,60,1808-2650,0,2620.2580026984215,TRUE,TRUE
F,60,1808-922,0,43.47175629809499,TRUE,TRUE
F,60,1808-be7,0,210.34224800858647,TRUE,TRUE
F,60,1808-cb1,0,603.4881907664239,TRUE,TRUE
F,60,1808-e5e,0,26.883510894607753,TRUE,TRUE
F,60,1808-e93,0,802.368871262297,TRUE,TRUE
F,60,1808-ea9,0,977.3786310721189,TRUE,TRUE
F,60,1808-eb1,4.96145120603745,0,FALSE,FALSE
F,60,1808-eb3,0,1398.4659843714908,TRUE,TRUE
F,60,1810-117e,0,3896.965874169022,TRUE,TRUE
F,60,1810-1245,0,248.72959344368428,TRUE,TRUE
F,60,1810-19b2,0,1210.6573947174475,TRUE,TRUE
F,60,1810-1a18,1.4787932634014556,0,FALSE,FALSE
F,60,1810-1c6f,0,17.1369709209539,TRUE,TRUE
F,60,1810-23cf,0,3279.442315798253,TRUE,TRUE
F,60,1810-2564,0,2902.877204529941,TRUE,TRUE
F,60,1810-26f3,0,1247.9911735393107,TRUE,TRUE
F,60,1810-c1c,0,38.57808690681122,TRUE,TRUE
F,60,1811-15b,0,1033.1836230498739,TRUE,TRUE
F,60,1811-1cd,8.222136675897344,0,FALSE,FALSE
F,60,1811-229,0,583.6543342596851,TRUE,TRUE
F,60,1811-230,1.7729724610567001,0,FALSE,FALSE
F,60,1811-2e6,0,2678.6670007035136,TRUE,TRUE
F,60,1811-5df,0,1850.1693003233522,TRUE,TRUE
F,60,1811-70e,0,1859.0228661242872,TRUE,TRUE
F,60,1811-83d,0,388.88844925444573,TRUE,TRUE
F,60,1811-90d,9.21694531326349,0,FALSE,FALSE
F,60,1811-919,0,2308.825063019991,TRUE,TRUE
F,60,1811-975,0,1.2426810308534186,TRUE,TRUE
F,60,1811-97c,0,1090.6679331874475,TRUE,TRUE
F,60,1811-aa3,0,2765.6508432831615,TRUE,TRUE
F,60,1811-af7,9.08511600780748,0,FALSE,FALSE
F,60,1874-117e,0,1315.8956028167158,TRUE,TRUE
F,60,1874-1191,0,1031.104174522683,TRUE,TRUE
F,60,1874-11a3,0,348.46289243735373,TRUE,TRUE
F,60,1874-1437,0,2798.1564391478896,TRUE,TRUE
F,60,1874-15f4,2.7695415472435942,0,FALSE,FALSE
F,60,1874-1ca1,4.544499618682583,0,FALSE,FALSE
F,60,1874-27f,0,502.66392359137535,TRUE,TRUE
F,60,1874-2c,0,124.02625101339072,TRUE,TRUE
F,60,1874-342,0,1407.5160156488419,TRUE,TRUE
F,60,1874-5c8,0,2408.574850395322,TRUE,TRUE
F,60,1874-668,0,40.576474726665765,TRUE,TRUE
F,60,1874-774,9.016003172865798,0,FALSE,FALSE
F,60,1874-796,0,168.12926853448153,TRUE,TRUE
F,60,1874-83d,0,4.093832440441474,TRUE,TRUE
F,60,1874-85f,0,2058.295315552503,TRUE,TRUE
F,60,1874-c68,7.575692673355144,0,FALSE,FALSE
F,60,1874-d0,0,2370.5718284100294,TRUE,TRUE
F,60,1874-de2,0,805.3114242795855,TRUE,TRUE
F,60,1875-1022,0,15.992779124062508,TRUE,TRUE
F,60,1875-1065,0,87.26464011659846,TRUE,TRUE
F,60,1875-1125,0,635.2493276102468,TRUE,TRUE
F,60,1875-1149,0,3425.013365827501,TRUE,TRUE
F,60,1875-1187,0,4067.9360509216785,TRUE,TRUE
F,60,1875-13d7,0,325.713545284234,TRUE,TRUE
F,60,1875-15fb,0,1975.636319193989,TRUE,TRUE
F,60,1875-1649,0,608.9556362181902,TRUE,TRUE
F,60,1875-1ad7,4.155365069548686,0,FALSE,FALSE
F,60,1875-1eb2,4.989220448650234,0,FALSE,FALSE
F,60,1875-1f6d,0,835.9454311057925,TRUE,TRUE
F,60,1875-2163,0,515.0648693852127,TRUE,TRUE
F,60,1875-22f6,3.0664527162399833,0,FALSE,FALSE
F,60,1875-2307,0,171.18297662818804,TRUE,TRUE
F,60,1875-26dc,5.400817954376034,0,FALSE,FALSE
F,60,1875-d4c,0,7.947155447094701,TRUE,TRUE
F,60,1875-d7d,0,4530.968315296806,TRUE,TRUE
F,60,1875-d7e,0,338.09977292548865,TRUE,TRUE
F,60,1875-de5,0,15.133081771899015,TRUE,TRUE
F,60,1876-100b,5.463647020754074,0,FALSE,FALSE
F,60,1876-1cd,0,4043.0692113786936,TRUE,TRUE
F,60,1876-293,0,4200.094620933756,TRUE,TRUE
F,60,1876-3ae,0,4895.406237123534,TRUE,TRUE
F,60,1876-e37,0,2716.5774615276605,TRUE,TRUE
F,60,1876-fad,0,199.35483354050666,TRUE,TRUE
F,60,1940-3d2,3.5110056600881747,0,FALSE,FALSE
F,60,1940-3d9,0,3062.902427278459,TRUE,TRUE
F,60,1940-81d,0,22.107296058442444,TRUE,TRUE
F,60,1941-163,0,58.30243821605109,TRUE,TRUE
F,60,1941-1c1,0,992.6355270333588,TRUE,TRUE
F,60,1941-280,0,1795.4180853515863,TRUE,TRUE
F,60,1941-3bc,0,2894.8971589347348,TRUE,TRUE
F,60,1941-40a,0,161.48560577398166,TRUE,TRUE
F,60,1941-4d5,1.4385352748893019,0,FALSE,FALSE
F,60,1941-7e1,0.5400104187428951,0,FALSE,FALSE
F,60,1941-7e2,4.51284292103908,0,FALSE,FALSE
F,60,1941-7f6,0,3488.2477129250765,TRUE,TRUE
F,60,1941-aae,0,2008.5654392540455,TRUE,TRUE
F,60,1941-d05,5.472994364488543,0,FALSE,FALSE
F,61,1876-1de7,0,3334.159192578867,TRUE,TRUE
F,61,1876-2045,0,1592.888692613691,TRUE,TRUE
F,61,1876-210f,0,1690.4052542801946,TRUE,TRUE
F,61,1876-2240,0,3103.7518854252994,TRUE,TRUE
F,61,1876-23b3,7.548173436211405,0,FALSE,FALSE
F,61,1876-24b6,6.741936528237975,0,FALSE,FALSE
F,61,1877-1ae2,0,1214.0051003992558,TRUE,TRUE
F,61,1877-1ae7,0,203.65558675589273,TRUE,TRUE
F,61,1877-1ae9,0,248.0817810371518,TRUE,TRUE
F,61,1877-1de9,0,627.2633584421128,TRUE,TRUE
F,61,1877-1f12,0,282.54057240625843,TRUE,TRUE
F,61,1877-24da,0,379.3796571549028,TRUE,TRUE
F,61,1877-2540,0,0.8860426627506968,TRUE,TRUE
F,61,1877-2592,0,3925.5932260435075,TRUE,TRUE
F,61,1878-1a99,0,1281.059385668952,TRUE,TRUE
F,61,1878-1ad4,0,4422.857575867325,TRUE,TRUE
F,61,1878-1b00,0,71.50309047324117,TRUE,TRUE
F,61,1878-1b15,0,44.2720764928963,TRUE,TRUE
F,61,1878-1f26,0,65.96500209253281,TRUE,TRUE
F,61,1878-1ff2,0,100.67811217624694,TRUE,TRUE
F,61,1878-20bf,1.2358343673817587,0,FALSE,FALSE
F,61,1940-218d,0,99.11882225144655,TRUE,TRUE
F,61,1940-23e7,0,2373.16193228215,TRUE,TRUE
F,61,1940-263d,0,2290.973601203412,TRUE,TRUE
F,61,1940-269f,0,2253.1509395260364,TRUE,TRUE
F,61,1940-26f9,0,3180.0616701645777,TRUE,TRUE
F,61,1941-1061,0,151.01610835036263,TRUE,TRUE
F,61,1941-10c4,0,1148.602161725983,TRUE,TRUE
F,61,1941-1127,0,3079.4959283955395,TRUE,TRUE
F,61,1941-1505,0,3117.796729937196,TRUE,TRUE
F,61,1941-1568,9.299920644937922,0,FALSE,FALSE
F,61,1941-206d,0,595.3602136829868,TRUE,TRUE
F,61,1941-20ed,0,1584.3793906178325,TRUE,TRUE
F,61,1941-213a,0,187.3640639213845,TRUE,TRUE
F,61,1941-ffe,9.311139062794995,0,FALSE,FALSE
F,61,1942-260f,0,1690.269706895575,TRUE,TRUE
F,61,1942-26b5,0,47.8456933509442,TRUE,TRUE
F,61,1942-2d2,0,675.1152567882091,TRUE,TRUE
F,61,1942-64b,0,849.725636549294,TRUE,TRUE
F,61,1942-9c8,0,1886.9428376071155,TRUE,TRUE
F,61,1943-2388,0,2569.959446594352,TRUE,TRUE
F,61,1943-23d1,9.991748881602708,0,FALSE,FALSE
F,61,1943-2469,0,3441.9506097459234,TRUE,TRUE
F,61,1944-1193,5.794216887044784,0,FALSE,FALSE
F,61,1944-1ce4,0,1.0114020576002076,TRUE,TRUE
F,61,1944-1d4a,0,4745.444712997414,TRUE,TRUE
F,61,1944-1ed8,0,609.942789263092,TRUE,TRUE
F,61,1944-22a6,7.923300336205079,0,FALSE,FALSE
F,61,1944-22e1,0,2712.8966982212733,TRUE,TRUE
F,61,1944-a28,0,2408.11215002276,TRUE,TRUE
F,61,1944-f9f,0,169.2417795304209,TRUE,TRUE
F,61,1945-3ea,0,2888.530696090311,TRUE,TRUE
F,61,2006-31a,0,466.6273694667034,TRUE,TRUE
F,61,2006-372,4.836722271986378,0,FALSE,FALSE
F,61,2007-209,0,1895.183631320484,TRUE,TRUE
F,61,2007-260,0,36.63555832207203,TRUE,TRUE
F,61,2007-b1,4.188146533808395,0,FALSE,FALSE
F,62,1679-176f,0,4152.525356065482,TRUE,TRUE
F,62,1680-10d9,0,10.088294836343266,TRUE,TRUE
F,62,1680-1ab5,4.308771321028614,0,FALSE,FALSE
F,62,1680-1c86,0,152.8797702267766,TRUE,TRUE
F,62,1680-1caa,0,21.39592180820182,TRUE,TRUE
F,62,1680-1f68,0,3491.2769860997796,TRUE,TRUE
F,62,1680-24e5,0,1832.8834314476699,TRUE,TRUE
F,62,1680-dd1,0,2441.1790658459067,TRUE,TRUE
F,62,1680-e8e,0,775.9151093624532,TRUE,TRUE
F,62,1680-efd,3.770177314911929,0,FALSE,FALSE
F,62,1680-fb1,0,325.94360053073615,TRUE,TRUE
F,62,1746-13fc,4.275916974667265,0,FALSE,FALSE
F,62,1746-1499,0,11.546359472558834,TRUE,TRUE
F,62,1746-1758,0,2106.723889436573,TRUE,TRUE
F,62,1746-1833,0,1325.8110792217776,TRUE,TRUE
F,62,1746-18f8,0,4537.227629806846,TRUE,TRUE
F,62,1746-19be,0,787.7527570165694,TRUE,TRUE
F,62,1746-20e6,0,3439.1880252473056,TRUE,TRUE
F,62,1746-453,0,328.0772575996816,TRUE,TRUE
F,62,1746-86e,0,4728.996366646141,TRUE,TRUE
F,62,1746-8a0,0,504.5549290794879,TRUE,TRUE
F,62,1746-d88,0,3562.721049277112,TRUE,TRUE
F,62,1746-ee3,0,4850.9905971847475,TRUE,TRUE
F,62,1747-12eb,7.727383792866021,0,FALSE,FALSE
F,62,1747-134a,0,1881.8800732083619,TRUE,TRUE
F,62,1747-13b9,0,1071.6902865129523,TRUE,TRUE
F,62,1747-145f,0,3.7457075903512305,TRUE,TRUE
F,62,1747-17ad,4.32285249678335,0,FALSE,FALSE
F,62,1747-1be5,0,4428.362906607799,TRUE,TRUE
F,62,1747-23a1,0,2334.5918432492763,TRUE,TRUE
F,62,1812-1076,0.8343286999249372,0,FALSE,FALSE
F,62,1812-251f,0,0.37718302468420006,TRUE,TRUE
F,62,1812-334,2.5025571674887743,0,FALSE,FALSE
F,62,1812-58a,0,4657.620019223541,TRUE,TRUE
F,62,1812-77,0,286.2213648799807,TRUE,TRUE
F,62,1812-844,5.361259515709197,0,FALSE,FALSE
F,62,1813-159a,0,459.0793703473173,TRUE,TRUE
F,62,1813-1858,7.857188776362367,0,FALSE,FALSE
F,62,1813-1d0b,0,743.848530696705,TRUE,TRUE
F,62,1813-23ad,0,1938.599523366429,TRUE,TRUE
F,62,1876-157c,0,2843.4959187377244,TRUE,TRUE
F,62,1876-1703,0,3496.2687856703997,TRUE,TRUE
F,62,1876-1c03,0,3733.246704377234,TRUE,TRUE
F,62,1876-1cc8,6.717366226004992,0,FALSE,FALSE
F,62,1876-1e52,0,73.4106067137327,TRUE,TRUE
F,62,1876-2439,0,1240.283511501737,TRUE,TRUE
F,62,1876-2516,0,801.2708987458609,TRUE,TRUE
F,62,1876-2519,0,306.3017965713516,TRUE,TRUE
F,62,1876-25d7,0,1802.354553040117,TRUE,TRUE
F,62,1877-13ef,0,0.5324972628732212,TRUE,TRUE
F,62,1877-1b4c,3.4302268995528236,0,FALSE,FALSE
F,62,1877-1fd8,0,4458.408145101741,TRUE,TRUE
F,62,1877-209a,0,4407.112553784624,TRUE,TRUE
F,62,1877-241a,0,4451.794488485903,TRUE,TRUE
F,62,1877-24bc,0,3319.86736616242,TRUE,TRUE
F,62,1877-25a3,0.8465708239600757,0,FALSE,FALSE
F,62,1877-25a8,0,1415.9674126459286,TRUE,TRUE
F,62,1877-3dd,0,1090.5347550064325,TRUE,TRUE
F,62,1877-4ff,0,840.8636066545732,TRUE,TRUE
F,62,1877-560,0,10.705065956746694,TRUE,TRUE
F,62,1877-685,0,2634.8419372010976,TRUE,TRUE
F,62,1877-804,4.478978588192977,0,FALSE,FALSE
F,62,1877-98f,8.055156445243922,0,FALSE,FALSE
F,62,1877-e8b,0,4488.498067172244,TRUE,TRUE
F,62,1877-e94,0,1212.9504927955568,TRUE,TRUE
F,62,1878-1b1b,0,3056.7585062333383,TRUE,TRUE
F,62,1878-1b63,7.3185441019020345,0,FALSE,FALSE
F,62,1878-1b7a,4.052306270018693,0,FALSE,FALSE
F,62,1878-1c9c,0,2615.748753084801,TRUE,TRUE
F,62,1878-1e5a,0,788.2292422968894,TRUE,TRUE
F,62,1878-1f89,7.497703477495119,0,FALSE,FALSE
F,62,1878-2055,8.348187782348473,0,FALSE,FALSE
F,62,1878-2122,0,2.2063336123683257,TRUE,TRUE
F,62,1879-1460,0,155.33491496182978,TRUE,TRUE
F,62,1879-16b7,0,1789.662309318781,TRUE,TRUE
F,62,1879-20e,0,1.5461216976837022,TRUE,TRUE
F,62,1879-213c,1.471824606405729,0,FALSE,FALSE
F,62,1879-24bd,0,15.242292437411379,TRUE,TRUE
F,62,1879-26f,0,55.892935875977855,TRUE,TRUE
F,62,1879-82,0.39778087423981345,0,FALSE,FALSE
F,62,1879-a3b,0,836.5927267596126,TRUE,TRUE
F,63,1482-2632,0,34.13905575830722,TRUE,TRUE
F,63,1547-1f95,3.7915007085230767,0,FALSE,FALSE
F,63,1547-23d9,0,79.82689064042643,TRUE,TRUE
F,63,1548-121,0,484.1951261330396,TRUE,TRUE
F,63,1548-1457,7.702188164431345,0,FALSE,FALSE
F,63,1548-1f2,0,394.4258497711271,TRUE,TRUE
F,63,1548-485,0,22.779697514371946,TRUE,TRUE
F,63,1548-e8f,0,2696.625929830596,TRUE,TRUE
F,63,1549-1022,0,354.5774234405253,TRUE,TRUE
F,63,1549-1214,0,58.506128899753094,TRUE,TRUE
F,63,1549-12ec,0.06463622738192461,0,FALSE,FALSE
F,63,1549-12ed,0,2321.6212124743615,TRUE,TRUE
F,63,1549-13ab,0,125.80041169206379,TRUE,TRUE
F,63,1549-15ae,0,172.49803403858095,TRUE,TRUE
F,63,1549-1677,0,3767.158346477896,TRUE,TRUE
F,63,1549-1a7,7.976287481907242,0,FALSE,FALSE
F,63,1549-59f,0,0.29906802751429495,TRUE,TRUE
F,63,1549-988,0,303.6196057575289,TRUE,TRUE
F,63,1549-b79,1.262225438990454,0,FALSE,FALSE
F,63,1613-1b58,0,1362.520804895088,TRUE,TRUE
F,63,1613-22b9,0,443.7351216871757,TRUE,TRUE
F,63,1613-255a,0,655.5975765772164,TRUE,TRUE
F,63,1613-2b0,0,149.81645172694698,TRUE,TRUE
F,63,1613-377,0,310.675349756144,TRUE,TRUE
F,63,1613-55e,7.73386161422176,0,FALSE,FALSE
F,63,1613-5ce,9.238727999839373,0,FALSE,FALSE
F,63,1613-956,0,205.15195814101025,TRUE,TRUE
F,63,1614-130,0,2405.9000965142623,TRUE,TRUE
F,63,1614-196,0,975.8318340796977,TRUE,TRUE
F,63,1614-19ce,0,3869.983655173797,TRUE,TRUE
F,63,1614-1b69,0,3195.300130300224,TRUE,TRUE
F,63,1614-1dc9,4.547268243241931,0,FALSE,FALSE
F,63,1614-201d,0,84.61976137734018,TRUE,TRUE
F,63,1614-71c,0,1163.538121550344,TRUE,TRUE
F,63,1614-9df,0,1616.2210190640762,TRUE,TRUE
F,63,1614-bd8,0,273.22862047329545,TRUE,TRUE
F,63,1614-d06,0,122.79993429081514,TRUE,TRUE
F,63,1615-12df,0,1570.2039203690365,TRUE,TRUE
F,63,1615-165e,0,2891.3792032934725,TRUE,TRUE
F,63,1615-1aa4,0,291.7709934236482,TRUE,TRUE
F,63,1615-1cfa,0,13.767475489526987,TRUE,TRUE
F,63,1615-2209,0,1963.4428956368938,TRUE,TRUE
F,63,1615-24c1,0,109.27557888859883,TRUE,TRUE
F,63,1615-2f,0,1855.2982414849102,TRUE,TRUE
F,63,1615-e97,0,3146.66618026793,TRUE,TRUE
F,63,1679-143e,3.344352770868707,0,FALSE,FALSE
F,63,1679-169,0,946.8761018048972,TRUE,TRUE
F,63,1679-7b0,0,2816.7847301941365,TRUE,TRUE
F,63,1679-9a9,0,1384.952520894818,TRUE,TRUE
F,63,1679-ae1,0,229.24338648305275,TRUE,TRUE
F,63,1679-c12,1.493992252040724,0,FALSE,FALSE
F,63,1680-113e,3.153045726663928,0,FALSE,FALSE
F,63,1680-425,0,1163.3549393033609,TRUE,TRUE
F,63,1680-43d,0,552.3301622769795,TRUE,TRUE
F,63,1680-6d8,0,2048.9266476957127,TRUE,TRUE
F,63,1680-6ef,0,1719.6155124176294,TRUE,TRUE
F,63,1680-73b,0,12.377606324502267,TRUE,TRUE
F,63,1680-79e,0,1547.7907720915973,TRUE,TRUE
F,63,1680-a4d,0.9948622811856951,0,FALSE,FALSE
F,63,1680-aba,0,4942.175367517397,TRUE,TRUE
F,63,1680-bda,0,912.4628894757479,TRUE,TRUE
F,63,1680-d04,0,1295.5635640900582,TRUE,TRUE
F,63,1681-191,0,705.5717147383839,TRUE,TRUE
F,64,1680-1ae9,3.2195406976620333,0,FALSE,FALSE
F,64,1680-1b18,0,85.93343414226547,TRUE,TRUE
F,64,1680-1d0d,3.1539631009927103,0,FALSE,FALSE
F,64,1680-1e9e,0,217.54680078290403,TRUE,TRUE
F,64,1680-22c1,2.2562299669401504,0,FALSE,FALSE
F,64,1680-238a,0,458.34814126463607,TRUE,TRUE
F,64,1680-241b,0,1469.3499261643738,TRUE,TRUE
F,64,1680-2453,0,2054.162985456176,TRUE,TRUE
F,64,1680-314,0,1829.6695919041522,TRUE,TRUE
F,64,1680-376,0,1199.3474111733958,TRUE,TRUE
F,64,1680-44c,0,2052.427883816883,TRUE,TRUE
F,64,1680-5c5,0,2333.750387736596,TRUE,TRUE
F,64,1680-5db,0,1219.2752043195069,TRUE,TRUE
F,64,1680-6d6,3.515120499891789,0,FALSE,FALSE
F,64,1680-74c,0,3911.999101090245,TRUE,TRUE
F,64,1680-9ea,0,1.2407729971018853,TRUE,TRUE
F,64,1680-a4b,0,2290.52312983945,TRUE,TRUE
F,64,1680-da6,0,16.488041420001537,TRUE,TRUE
F,64,1680-e98,0,109.22024662885815,TRUE,TRUE
F,64,1746-136a,0,3465.134160840884,TRUE,TRUE
F,64,1746-1433,0,306.0128461206332,TRUE,TRUE
F,64,1746-14fc,2.9046081011145093,0,FALSE,FALSE
F,64,1746-1a86,0,2416.650800487958,TRUE,TRUE
F,64,1746-1ae9,0,273.83538437006064,TRUE,TRUE
F,64,1746-1b4b,0,797.4052190885413,TRUE,TRUE
F,64,1746-3b7,0,3603.3128214087337,TRUE,TRUE
F,64,1746-480,0,148.48157562082633,TRUE,TRUE
F,64,1746-99a,0,162.5980454669334,TRUE,TRUE
F,64,1746-eb4,0,476.57329682121053,TRUE,TRUE
F,64,1747-1145,0,1641.4072545263916,TRUE,TRUE
F,64,1747-133d,0,9.599351582844974,TRUE,TRUE
F,64,1747-14c4,1.2890229106952127,0,FALSE,FALSE
F,64,1747-164b,0,4903.577023504302,TRUE,TRUE
F,64,1747-1710,0,620.5060639320873,TRUE,TRUE
F,64,1747-25f,0,4983.93208213523,TRUE,TRUE
F,64,1747-afe,0,384.1420961646363,TRUE,TRUE
F,65,1747-1307,0,3327.8874438959174,TRUE,TRUE
F,65,1747-17b2,0,1367.0387890823185,TRUE,TRUE
F,65,1747-1fc1,0,3634.7003810480237,TRUE,TRUE
F,65,1747-2024,0,1033.442447884474,TRUE,TRUE
F,65,1747-2087,0,2709.0773251270875,TRUE,TRUE
F,65,1747-22d9,0,3783.9479006817564,TRUE,TRUE
F,65,1747-265f,0,4650.74740389362,TRUE,TRUE
F,65,1747-a26,0,847.8589675498661,TRUE,TRUE
F,65,1747-e06,0,4026.4133567651734,TRUE,TRUE
F,65,1748-191b,0,22.18757144275878,TRUE,TRUE
F,65,1748-590,0,51.96657078151475,TRUE,TRUE
F,65,1748-bd4,0,3568.3243871616432,TRUE,TRUE
F,65,1813-114b,0,3154.608108986169,TRUE,TRUE
F,65,1813-18bb,0,114.93987502716482,TRUE,TRUE
F,65,1813-1d6e,8.093320094850652,0,FALSE,FALSE
F,65,1813-1efe,0,1909.0409295680001,TRUE,TRUE
F,65,1813-590,0,1103.274772950448,TRUE,TRUE
F,65,1814-1b03,0,58.699431116110645,TRUE,TRUE
F,65,1814-1e28,0,1867.2741534437519,TRUE,TRUE
F,65,1814-22df,0,1615.5871306168847,TRUE,TRUE
F,65,1814-ee7,0,19.976218215422705,TRUE,TRUE
F,65,1879-13fb,6.313509251645799,0,FALSE,FALSE
F,65,1879-1515,0,3473.306091153994,TRUE,TRUE
F,65,1879-16a3,1.3983997713450271,0,FALSE,FALSE
F,65,1879-17ce,5.717951132006023,0,FALSE,FALSE
F,65,1879-1a38,0,1812.1933638956398,TRUE,TRUE
F,65,1879-1a9,1.144630678232227,0,FALSE,FALSE
F,65,1879-1cf2,0,692.702460504137,TRUE,TRUE
F,65,1879-1d,0,0.1677256712137023,TRUE,TRUE
F,65,1879-1f3a,0,118.36007958976552,TRUE,TRUE
F,65,1879-20a,4.606520904837361,0,FALSE,FALSE
F,65,1879-20d7,0,3.9561037137755193,TRUE,TRUE
F,65,1879-212b,6.120219375171725,0,FALSE,FALSE
F,65,1879-2449,0,3325.3701579729095,TRUE,TRUE
F,65,1879-2458,3.583582609774985,0,FALSE,FALSE
F,65,1880-467,0,107.53034058128833,TRUE,TRUE
F,65,1880-52e,0,1688.6147478505736,TRUE,TRUE
F,65,1880-772,0,3890.903498689935,TRUE,TRUE
F,65,1880-90d,0,801.9701653653174,TRUE,TRUE
F,65,1880-914,9.67155440018233,0,FALSE,FALSE
F,65,1944-11f6,0,362.3748571369797,TRUE,TRUE
F,65,1944-1516,0,640.25157425832,TRUE,TRUE
F,65,1944-1d47,0.8735571166353766,0,FALSE,FALSE
F,65,1944-f3a,3.959169070966943,0,FALSE,FALSE
F,65,1945-12e,0,2737.523158110678,TRUE,TRUE
F,65,1945-162f,0,244.91233904764522,TRUE,TRUE
F,65,1945-220a,0,122.90668279113015,TRUE,TRUE
F,65,1945-3de,0,210.42538132471964,TRUE,TRUE
F,65,1945-442,6.385248443802149,0,FALSE,FALSE
F,65,1945-88a,0,17.392733258689987,TRUE,TRUE
F,65,1945-e69,0,4231.61049205251,TRUE,TRUE
F,66,1879-1323,0,929.2546785906889,TRUE,TRUE
F,66,1879-163e,0,2.9343423581303796,TRUE,TRUE
F,66,1879-1769,0,56.84884268400492,TRUE,TRUE
F,66,1879-20c6,0,69.27545115700923,TRUE,TRUE
F,66,1879-b52,0,3141.2761722132564,TRUE,TRUE
F,66,1880-106a,0,2959.5635933894664,TRUE,TRUE
F,66,1880-1097,0,2564.9305263866554,TRUE,TRUE
F,66,1880-1105,0,1019.9759788840893,TRUE,TRUE
F,66,1880-1196,0,4629.065919731278,TRUE,TRUE
F,66,1880-13d9,0,2019.472840820672,TRUE,TRUE
F,66,1880-18e3,0,4160.406632817583,TRUE,TRUE
F,66,1880-1945,0,1973.7786906487308,TRUE,TRUE
F,66,1880-1a0a,0,3041.245604690863,TRUE,TRUE
F,66,1880-1bfe,0,13.486135726619978,TRUE,TRUE
F,66,1880-22ac,0,4283.360318316845,TRUE,TRUE
F,66,1880-2444,0,2562.246942177415,TRUE,TRUE
F,66,1880-26a6,4.398451319523058,0,FALSE,FALSE
F,66,1880-e75,0,2399.9144832976162,TRUE,TRUE
F,66,1880-ef2,0,4257.5091589537915,TRUE,TRUE
F,66,1880-f5d,0,714.7926070017566,TRUE,TRUE
F,66,1880-fcc,0,1776.8397576406933,TRUE,TRUE
F,66,1945-1122,0,1356.5133648388437,TRUE,TRUE
F,66,1945-1186,0,1575.3757698126137,TRUE,TRUE
F,66,1945-12b2,0,2256.1209651273675,TRUE,TRUE
F,66,1945-15ca,8.910344401348445,0,FALSE,FALSE
F,66,1945-162d,0,4260.607059539296,TRUE,TRUE
F,66,1945-1d95,0,1576.4040297735482,TRUE,TRUE
F,66,1945-1e5c,0,1849.677329421509,TRUE,TRUE
F,66,1945-1f23,0,2144.7824086286128,TRUE,TRUE
F,66,1945-1fea,0,2461.7192673743702,TRUE,TRUE
F,66,1945-20b1,0,2800.487905681599,TRUE,TRUE
F,66,1945-2178,0,3161.088323539123,TRUE,TRUE
F,66,1945-21f0,0,774.2102561251959,TRUE,TRUE
F,66,1945-21f1,3.7314848303155874,0,FALSE,FALSE
F,66,1945-6fc,0,3224.2714891699143,TRUE,TRUE
F,66,1945-8ed,4.118058782451747,0,FALSE,FALSE
F,66,1946-1091,8.52162799603689,0,FALSE,FALSE
F,66,1946-1103,0,1.0754422561294632,TRUE,TRUE
F,66,1946-1171,0,16.253266702842666,TRUE,TRUE
F,66,1946-1e28,0,1632.4612023545778,TRUE,TRUE
F,66,1946-1e50,0,639.127512659179,TRUE,TRUE
F,66,1946-1f6e,0,2042.3052515599265,TRUE,TRUE
F,66,1946-20e7,0,1355.4155426442157,TRUE,TRUE
F,66,1946-5cd,0,2450.1251247494947,TRUE,TRUE
F,66,1946-9d8,0,2149.042304464034,TRUE,TRUE
F,66,1946-b33,3.735327316623376,0,FALSE,FALSE
F,66,1946-c47,0,5.211485984876845,TRUE,TRUE
F,66,1946-dcc,0,1001.5376516308461,TRUE,TRUE
F,66,1946-e97,0,981.9763487697055,TRUE,TRUE
F,66,1946-efc,4.598554637788642,0,FALSE,FALSE
G,68,1673-23ba,0,2314.0916393250227,TRUE,TRUE
G,68,1673-24f1,0,2493.9160626381636,TRUE,TRUE
G,68,1673-25aa,0,807.4822850562632,TRUE,TRUE
G,68,1673-25ba,6.201136031475091,0,FALSE,FALSE
G,68,1674-1f1d,0,114.44600677862763,TRUE,TRUE
G,68,1674-2295,0,880.5046694800258,TRUE,TRUE
G,68,1674-22f8,0,342.04130769334733,TRUE,TRUE
G,68,1674-23e7,0,1433.6258827708662,TRUE,TRUE
G,68,1675-1f50,0,4860.278071314096,TRUE,TRUE
G,68,1675-2224,0,658.2718876190484,TRUE,TRUE
G,68,1675-2336,0,4261.554327815771,TRUE,TRUE
G,68,1675-2351,0,753.594408467412,TRUE,TRUE
G,68,1675-258b,1.980870241455352,0,FALSE,FALSE
G,68,1675-264a,0,54.1045735378284,TRUE,TRUE
G,68,1675-264d,0,3427.3839036207646,TRUE,TRUE
G,68,1737-269a,0,174.4511270308867,TRUE,TRUE
G,68,1737-26fc,0,81.77020667586476,TRUE,TRUE
G,68,1738-1376,0,1760.8775315992534,TRUE,TRUE
G,68,1738-1445,0,76.77415864821523,TRUE,TRUE
G,68,1738-1554,0,563.3434384465218,TRUE,TRUE
G,68,1738-1663,0,3140.0363633185625,TRUE,TRUE
G,68,1738-17fd,0,1381.789951607585,TRUE,TRUE
G,68,1738-1998,0,2263.0748810991645,TRUE,TRUE
G,68,1738-1b16,3.41684987525724,0,FALSE,FALSE
G,68,1738-1dd0,0,1859.3602355271578,TRUE,TRUE
G,68,1738-1e92,0,3732.687245156616,TRUE,TRUE
G,68,1738-22c5,3.432104134444891,0,FALSE,FALSE
G,68,1738-efa,0,529.9979427233338,TRUE,TRUE
G,68,1739-121,1.786630046877445,0,FALSE,FALSE
G,68,1739-2bb,0,4564.787311371416,TRUE,TRUE
G,68,1739-346,0,2688.847163423896,TRUE,TRUE
G,68,1739-4d7,0,1522.7614364624023,TRUE,TRUE
G,68,1739-5c5,0.6720592408947913,0,FALSE,FALSE
G,68,1739-626,0,279.3845612835139,TRUE,TRUE
G,68,1739-668,0,685.9714675955474,TRUE,TRUE
G,68,1739-b81,0,2822.8974521905184,TRUE,TRUE
G,68,1739-d0c,0,458.56971579790115,TRUE,TRUE
G,68,1739-e33,0,285.86299699917436,TRUE,TRUE
G,68,1739-ee6,7.661813781124498,0,FALSE,FALSE
G,68,1740-21e,0,2435.143571320921,TRUE,TRUE
G,68,1740-2bd,0,2016.474238857627,TRUE,TRUE
G,68,1740-38b,0,4279.517547350377,TRUE,TRUE
G,68,1740-91,0,1210.2593598738313,TRUE,TRUE
G,68,1741-1102,0,109.13579933717847,TRUE,TRUE
G,68,1741-156a,2.3143985887623577,0,FALSE,FALSE
G,68,1741-862,0,490.275993719697,TRUE,TRUE
G,68,1741-90,0,4.33541030716151,TRUE,TRUE
G,68,1742-1b64,0,4074.6897859722376,TRUE,TRUE
G,68,1742-1cf5,0,1794.9738381654024,TRUE,TRUE
G,68,1742-24c0,0,118.9325363424141,TRUE,TRUE
G,68,1742-2660,0,842.3356531970203,TRUE,TRUE
G,68,1803-10ae,0,1915.2724166959524,TRUE,TRUE
G,68,1803-113,0,4017.1751840114594,TRUE,TRUE
G,68,1803-11d8,0,4409.250205598772,TRUE,TRUE
G,68,1803-129e,0,1.6291613971116021,TRUE,TRUE
G,68,1803-148c,0,1375.355556808412,TRUE,TRUE
G,68,1803-14ef,4.52007598742983,0,FALSE,FALSE
G,68,1803-1d25,0,1763.8432131409645,TRUE,TRUE
G,68,1803-1ecf,0,1440.4292787704617,TRUE,TRUE
G,68,1803-1f86,7.046879788242001,0,FALSE,FALSE
G,68,1803-23b,3.4379865700680856,0,FALSE,FALSE
G,68,1803-29e,0,239.34549451246858,TRUE,TRUE
G,68,1803-301,0,1181.9975295104086,TRUE,TRUE
G,68,1803-364,0,2839.780082963407,TRUE,TRUE
G,68,1803-42a,0,8.070863978005946,TRUE,TRUE
G,68,1803-b2d,0,1804.4153977781534,TRUE,TRUE
G,68,1804-1f59,0.08566216956794763,0,FALSE,FALSE
G,68,1804-1f6e,0,4241.813273407519,TRUE,TRUE
G,68,1804-222b,4.32448521001312,0,FALSE,FALSE
G,68,1805-1257,0,4.151800908381119,TRUE,TRUE
G,68,1805-1823,0,2430.0476071722806,TRUE,TRUE
G,68,1805-187d,0,155.99321124516428,TRUE,TRUE
G,68,1805-18d7,0,2248.3177494332194,TRUE,TRUE
G,68,1805-1a01,0,2760.9701413586736,TRUE,TRUE
G,68,1805-1c54,0,2570.796113885939,TRUE,TRUE
G,68,1805-1d1a,0,960.8810744509101,TRUE,TRUE
G,68,1805-25a6,0,250.14116003364325,TRUE,TRUE
G,68,1805-26d2,0,1799.6520775407553,TRUE,TRUE
G,68,1806-13a2,0,32.31405304931104,TRUE,TRUE
G,68,1806-2277,0,1100.9850590378046,TRUE,TRUE
G,68,1806-e23,0,4115.742111753672,TRUE,TRUE
G,68,1806-f3f,0,2995.5549581311643,TRUE,TRUE
G,68,1806-f53,5.17468217128598,0,FALSE,FALSE
G,68,1808-12c4,0,157.20128768868744,TRUE,TRUE
G,68,1808-14b5,7.64860222029798,0,FALSE,FALSE
G,68,1808-15e1,0,1724.3821292966604,TRUE,TRUE
G,68,1808-1c88,0,19.657639984041452,TRUE,TRUE
G,68,1808-20d7,8.779334679721062,0,FALSE,FALSE
G,68,1808-64f,0,943.2540549561381,TRUE,TRUE
G,68,1808-8a3,0,0.09630117093911394,TRUE,TRUE
G,68,1808-a94,3.5518808643489845,0,FALSE,FALSE
G,68,1808-ce9,0,3423.417178981006,TRUE,TRUE
G,68,1869-1f38,0,4952.812815792859,TRUE,TRUE
G,68,1869-20a6,0,1629.4089309424162,TRUE,TRUE
G,68,1869-2311,0,4205.193572051823,TRUE,TRUE
G,68,1869-2361,4.825494855063017,0,FALSE,FALSE
G,68,1869-242b,0,1238.6125837955624,TRUE,TRUE
G,68,1869-2499,0,1491.687981300056,TRUE,TRUE
G,68,1869-2501,0,22.02341007743962,TRUE,TRUE
G,68,1869-2703,0,3977.797657996416,TRUE,TRUE
G,68,1870-1812,0,1497.421985078603,TRUE,TRUE
G,68,1870-1bf0,0,3936.650184042752,TRUE,TRUE
G,68,1870-1cb5,0,4389.755094520748,TRUE,TRUE
G,68,1870-2076,0,3194.0378493741155,TRUE,TRUE
G,68,1870-497,1.7664401724987353,0,FALSE,FALSE
G,68,1870-de9,0,1155.9058766905218,TRUE,TRUE
G,68,1871-153,9.058247143458388,0,FALSE,FALSE
G,68,1871-1f0,0,4689.8474907539785,TRUE,TRUE
G,68,1871-26b3,0,1452.55613745749,TRUE,TRUE
G,68,1871-281,0,977.8553518019617,TRUE,TRUE
G,68,1871-2af,0,6.84983030881267,TRUE,TRUE
G,68,1871-30e,0,50.10149972792715,TRUE,TRUE
G,68,1871-3c8,0,358.7357464376837,TRUE,TRUE
G,68,1872-6d,0.8058083885883405,0,FALSE,FALSE
G,68,1872-d,0,571.772744866088,TRUE,TRUE
G,68,1873-12bd,0,3109.07370172441,TRUE,TRUE
G,68,1873-1385,4.1467655859738946,0,FALSE,FALSE
G,68,1873-17d4,0,87.16627659741789,TRUE,TRUE
G,68,1873-192c,0,31.31814153539017,TRUE,TRUE
G,68,1873-19e3,0,1182.0396503955126,TRUE,TRUE
G,68,1873-19f6,0,2797.702559117228,TRUE,TRUE
G,68,1873-1a45,0,3375.928908456117,TRUE,TRUE
G,68,1873-1bee,0,1947.7481565140188,TRUE,TRUE
G,68,1873-1d80,0,1998.5101223699749,TRUE,TRUE
G,68,1873-1f9a,0,3495.520433364436,TRUE,TRUE
G,68,1873-2122,0,744.3506720904261,TRUE,TRUE
G,68,1873-23c5,0,1781.256822116673,TRUE,TRUE
G,68,1873-23d4,1.3764216830907996,0,FALSE,FALSE
G,68,1873-23fc,0,1041.7233970500529,TRUE,TRUE
G,68,1873-24fc,0,3459.3584411516786,TRUE,TRUE
G,68,1874-126d,0,448.2545361369848,TRUE,TRUE
G,68,1874-1591,0,9.115140793845057,TRUE,TRUE
G,68,1874-19e3,0,150.47187117673457,TRUE,TRUE
G,68,1874-1af5,0,3141.7456871271133,TRUE,TRUE
G,68,1874-1bd4,0,1992.2441126070917,TRUE,TRUE
G,68,1874-1c3e,0,27.44317350909114,TRUE,TRUE
G,68,1874-1d02,0,2865.6084625832736,TRUE,TRUE
G,68,1874-1fc3,0,4793.863397009671,TRUE,TRUE
G,68,1874-1fc6,0,396.35909126885235,TRUE,TRUE
G,68,1874-711,0,120.24593161325902,TRUE,TRUE
G,68,1874-7da,1.862183454749839,0,FALSE,FALSE
G,68,1935-1ed,0,27.967935257591307,TRUE,TRUE
G,68,1935-a23,0,90.736971905455,TRUE,TRUE
G,68,1935-be,0,47.30339822685346,TRUE,TRUE
G,68,1936-1052,0,645.3084183074534,TRUE,TRUE
G,68,1936-108b,0,3720.322472959757,TRUE,TRUE
G,68,1936-10ec,0,810.6438717991114,TRUE,TRUE
G,68,1936-1273,0,3979.458927873522,TRUE,TRUE
G,68,1936-128a,0,678.9914603568614,TRUE,TRUE
G,68,1936-1336,0,4937.672988795675,TRUE,TRUE
G,68,1936-258,0,1698.2937857881188,TRUE,TRUE
G,68,1936-b48,0,558.9632079154253,TRUE,TRUE
G,68,1936-e1e,0,3449.133026957512,TRUE,TRUE
G,68,1936-f27,0,3943.5684213787317,TRUE,TRUE
G,68,1937-1c4,0,183.83901427686214,TRUE,TRUE
G,68,1937-1ff,0,4511.6462148875,TRUE,TRUE
G,68,1937-202,0,1035.8253167774528,TRUE,TRUE
G,68,1937-28f,0,2438.980881407857,TRUE,TRUE
G,68,1937-35c,0,835.0479516740888,TRUE,TRUE
G,68,1937-42a,2.5679257522067047,0,FALSE,FALSE
G,68,1937-55b,0,1372.7084739096463,TRUE,TRUE
G,68,1937-5c1,0,4163.796383474022,TRUE,TRUE
G,68,1937-629,0,260.8328667851165,TRUE,TRUE
G,68,1937-6f7,0,2912.9860753640532,TRUE,TRUE
G,68,1937-75c,0,4970.73343590647,TRUE,TRUE
G,68,1937-b49,0,181.1678981948644,TRUE,TRUE
G,68,1937-da4,0,4202.1127262711525,TRUE,TRUE
G,68,1937-db,0,3260.882507264614,TRUE,TRUE
G,68,1937-e6d,0,156.77264675311744,TRUE,TRUE
G,68,1938-1081,0,1039.3761894907802,TRUE,TRUE
G,68,1938-1329,0,11.526702487841249,TRUE,TRUE
G,68,1938-571,0,3059.729761030525,TRUE,TRUE
G,68,1938-803,0,200.34062548726797,TRUE,TRUE
G,68,1938-817,0,118.6254678266123,TRUE,TRUE
G,68,1938-d0a,0,1478.368171326816,TRUE,TRUE
G,68,1939-1f5,0,4370.042072631419,TRUE,TRUE
G,68,1939-4,0,7.067579788388684,TRUE,TRUE
G,69,1475-2577,0,14.648640550905839,TRUE,TRUE
G,69,1475-26a1,0,2741.1962950639427,TRUE,TRUE
G,69,1476-2446,0,2198.035329464823,TRUE,TRUE
G,69,1476-25c6,0,3995.3404532726854,TRUE,TRUE
G,69,1476-25c7,1.7561786855496484,0,FALSE,FALSE
G,69,1476-26ef,0,265.03550144284964,TRUE,TRUE
G,69,1541-1049,0,2620.7039185985923,TRUE,TRUE
G,69,1541-13ca,0,6.305370741989464,TRUE,TRUE
G,69,1541-1b31,0,2748.0529730021954,TRUE,TRUE
G,69,1541-1de,0,581.2495962586254,TRUE,TRUE
G,69,1541-26d0,0,1873.436111457646,TRUE,TRUE
G,69,1541-367,0.8966249815552345,0,FALSE,FALSE
G,69,1541-95d,1.225471281853475,0,FALSE,FALSE
G,69,1541-c79,0,257.1205093860626,TRUE,TRUE
G,69,1541-d29,0,556.7358391173184,TRUE,TRUE
G,69,1541-f37,0,167.3173813847825,TRUE,TRUE
G,69,1542-109,0,2865.355233810842,TRUE,TRUE
G,69,1542-5ad,0,3536.2404429018497,TRUE,TRUE
G,69,1542-65,0,1852.3295606970787,TRUE,TRUE
G,69,1542-7d0,0,18.2691641128622,TRUE,TRUE
G,69,1542-a8b,0,1198.6829770803452,TRUE,TRUE
G,69,1542-ab3,0,118.7383162882179,TRUE,TRUE
G,69,1542-af0,9.01980164940206,0,FALSE,FALSE
G,69,1542-bcd,0,49.28929364809301,TRUE,TRUE
G,69,1542-e1c,0,996.7316082250327,TRUE,TRUE
G,69,1543-1472,0,4045.9039015620947,TRUE,TRUE
G,69,1543-1807,0,3557.0939578078687,TRUE,TRUE
G,69,1543-390,0,2333.3119707368314,TRUE,TRUE
G,69,1607-12a9,0,223.3417156469077,TRUE,TRUE
G,69,1607-152,0,195.04734009224921,TRUE,TRUE
G,69,1607-1ba3,0,46.97746581863612,TRUE,TRUE
G,69,1607-1cd0,0,597.51428180933,TRUE,TRUE
G,69,1607-243f,0,538.1603721193969,TRUE,TRUE
G,69,1607-356,0,925.4471673294902,TRUE,TRUE
G,69,1607-3bf,0,1732.6877350509167,TRUE,TRUE
G,69,1607-3c7,0,634.5577686354518,TRUE,TRUE
G,69,1607-624,0,396.364047633484,TRUE,TRUE
G,69,1607-e9,0,1747.7887591421604,TRUE,TRUE
G,69,1609-1747,0,2270.2031543254852,TRUE,TRUE
G,69,1609-1930,1.2048334835130574,0,FALSE,FALSE
G,69,1609-5c4,8.343556081621305,0,FALSE,FALSE
G,69,1609-81b,2.620089482524335,0,FALSE,FALSE
G,69,1609-d2c,0,40.61112561728805,TRUE,TRUE
G,69,1673-11e0,0,450.3690192513168,TRUE,TRUE
G,69,1673-13ce,0,644.8773542307317,TRUE,TRUE
G,69,1673-1559,0,114.61262513883412,TRUE,TRUE
G,69,1673-15bc,0,1578.9917934276164,TRUE,TRUE
G,69,1673-1b2a,4.685274091892144,0,FALSE,FALSE
G,69,1673-1fd8,7.678053928608978,0,FALSE,FALSE
G,69,1673-261d,0,49.790128231048584,TRUE,TRUE
G,69,1673-26e6,0,4102.600753746927,TRUE,TRUE
G,69,1673-30e,0,4499.592236444354,TRUE,TRUE
G,69,1673-823,0,113.31131594441831,TRUE,TRUE
G,69,1673-f8a,0,2692.8770502209663,TRUE,TRUE
G,69,1674-1df7,0,195.08011775556952,TRUE,TRUE
G,69,1674-24ea,0,1883.659143075347,TRUE,TRUE
G,69,1675-108b,0,4275.272353440523,TRUE,TRUE
G,69,1675-1c33,0,1959.1919897198677,TRUE,TRUE
G,69,1675-258d,0,636.4934689309448,TRUE,TRUE
G,69,1675-25f0,0,4.035156068741344,TRUE,TRUE
G,69,1675-26ad,4.083141611345309,0,FALSE,FALSE
G,69,1675-535,0,36.87640520557761,TRUE,TRUE
G,69,1675-982,0,2724.8488716334105,TRUE,TRUE
G,69,1739-186,0,4.8321003635646775,TRUE,TRUE
G,69,1739-253,0,4199.59656663239,TRUE,TRUE
G,69,1739-2af,0,2003.6592155210674,TRUE,TRUE
G,69,1739-5c8,0,437.64577878266573,TRUE,TRUE
G,69,1739-61e,0,508.90224100090563,TRUE,TRUE
G,69,1739-62a,0,0.5715251579531468,TRUE,TRUE
G,69,1739-683,0,814.0586184449494,TRUE,TRUE
G,69,1740-220,0,1241.239777635783,TRUE,TRUE
G,70,1742-2479,0,320.3400202053599,TRUE,TRUE
G,70,1742-2611,0,64.06464224867523,TRUE,TRUE
G,70,1742-2675,0,2.286568459821865,TRUE,TRUE
G,70,1807-14b4,0,64.52233645319939,TRUE,TRUE
G,70,1808-106c,0,1396.9913194775581,TRUE,TRUE
G,70,1808-1074,0,1275.9859339408576,TRUE,TRUE
G,70,1808-10d7,9.297221574942247,0,FALSE,FALSE
G,70,1808-10ef,0,2049.138063572347,TRUE,TRUE
G,70,1808-113a,0,4949.719992954284,TRUE,TRUE
G,70,1808-125f,9.431978760920948,0,FALSE,FALSE
G,70,1808-1264,0,2335.828900884837,TRUE,TRUE
G,70,1808-132b,0,63.4080111309886,TRUE,TRUE
G,70,1808-13f2,0,4.3386110386345536,TRUE,TRUE
G,70,1808-1416,0,2680.6805509254336,TRUE,TRUE
G,70,1808-14d,0,3309.5435958728194,TRUE,TRUE
G,70,1808-15c9,0,502.02590398676693,TRUE,TRUE
G,70,1808-15e4,0,363.9709086045623,TRUE,TRUE
G,70,1808-1647,0,2293.1203199997544,TRUE,TRUE
G,70,1808-1738,0,2567.4328207671642,TRUE,TRUE
G,70,1808-18e8,0,3225.122272014618,TRUE,TRUE
G,70,1808-1a54,0,150.83631413429976,TRUE,TRUE
G,70,1808-1ec8,0,3807.2820472568274,TRUE,TRUE
G,70,1808-1fd2,2.346742142579139,0,FALSE,FALSE
G,70,1808-24e7,0,1444.640109911561,TRUE,TRUE
G,70,1808-269a,0,2145.3362722322345,TRUE,TRUE
G,70,1808-2dc,0,2999.507834739983,TRUE,TRUE
G,70,1808-8bf,5.6054784936733,0,FALSE,FALSE
G,70,1808-bc4,0,2038.569249998778,TRUE,TRUE
G,70,1808-dfb,3.870204086088648,0,FALSE,FALSE
G,70,1808-e4e,0,46.94266977533698,TRUE,TRUE
G,70,1808-f5c,0,4899.13060297817,TRUE,TRUE
G,70,1808-fb0,0,635.9314764449373,TRUE,TRUE
G,70,1874-103d,0,1004.9848554320633,TRUE,TRUE
G,70,1874-1235,0,4982.544734593481,TRUE,TRUE
G,70,1874-12b7,0,817.4908613762818,TRUE,TRUE
G,70,1874-1568,0,2387.20167298615,TRUE,TRUE
G,70,1874-15d3,0,9.52649260131875,TRUE,TRUE
G,70,1874-601,0,649.7759791575372,TRUE,TRUE
G,70,1874-6cb,6.3454918598979475,0,FALSE,FALSE
G,70,1874-730,0,377.7388733495027,TRUE,TRUE
G,70,1874-ccd,0,77.27300268039107,TRUE,TRUE
G,70,1874-d94,0,4231.746268004179,TRUE,TRUE
G,70,1875-1073,0,144.61002054810524,TRUE,TRUE
G,70,1875-116f,0,2691.2737165912986,TRUE,TRUE
G,70,1875-11a6,0,2853.833369055763,TRUE,TRUE
G,70,1875-1293,0,711.5739944344386,TRUE,TRUE
G,70,1875-1299,0,2727.388806812465,TRUE,TRUE
G,70,1875-12e9,0,134.74709429498762,TRUE,TRUE
G,70,1875-134b,0,253.0335448384285,TRUE,TRUE
G,70,1875-1410,0,848.6375107243657,TRUE,TRUE
G,70,1875-16ac,9.25625623610023,0,FALSE,FALSE
G,70,1875-1787,0,3389.7851454243064,TRUE,TRUE
G,70,1875-ce7,2.805521824439852,0,FALSE,FALSE
G,70,1875-d1b,9.938407030488307,0,FALSE,FALSE
G,70,1875-d82,3.798529113972846,0,FALSE,FALSE
G,70,1875-dd4,0,1250.1721508773044,TRUE,TRUE
G,70,1875-de7,0,618.5580097865313,TRUE,TRUE
G,70,1875-e11,0,3469.65710888803,TRUE,TRUE
G,70,1875-fbd,3.979594399770243,0,FALSE,FALSE
G,71,1676-20bb,0,3180.295793555677,TRUE,TRUE
G,71,1676-2108,0,2187.6275370419025,TRUE,TRUE
G,71,1676-22f3,0,1457.889887208119,TRUE,TRUE
G,71,1676-23da,0,3006.4260904937983,TRUE,TRUE
G,71,1676-24df,0,3519.719030275941,TRUE,TRUE
G,71,1676-2590,0,3413.657245464623,TRUE,TRUE
G,71,1676-2657,0,1989.8002224378288,TRUE,TRUE
G,71,1741-157a,0,1289.5003902614117,TRUE,TRUE
G,71,1742-1112,0,3378.05900990963,TRUE,TRUE
G,71,1742-129b,0,469.73970721662045,TRUE,TRUE
G,71,1742-14e7,0,1005.2213952951133,TRUE,TRUE
G,71,1742-15ae,0,3147.9575625658035,TRUE,TRUE
G,71,1742-18cb,0,3563.3314310759306,TRUE,TRUE
G,71,1742-1904,0,1089.8647767361253,TRUE,TRUE
G,71,1742-192f,0,0.2727749799378216,TRUE,TRUE
G,71,1742-19c,0,9.91728889499791,TRUE,TRUE
G,71,1742-1a34,0,1535.0664574615657,TRUE,TRUE
G,71,1742-1a99,0,1055.9676740542054,TRUE,TRUE
G,71,1742-1cb7,0,455.5208068266511,TRUE,TRUE
G,71,1742-2421,9.077839306561671,0,FALSE,FALSE
G,71,1742-2523,0,1261.3874191846699,TRUE,TRUE
G,71,1742-2525,6.024131996509374,0,FALSE,FALSE
G,71,1742-263,9.503910205438546,0,FALSE,FALSE
G,71,1742-51b,0,52.837632422335446,TRUE,TRUE
G,71,1742-b5,0,822.5355582195334,TRUE,TRUE
G,71,1742-d5,0,287.93024415150285,TRUE,TRUE
G,71,1742-dfb,0,2973.3937426432967,TRUE,TRUE
G,71,1742-e,0,947.8912220001221,TRUE,TRUE
G,71,1808-714,0,4499.379640743136,TRUE,TRUE
G,71,1808-725,0,2195.735847186297,TRUE,TRUE
G,71,1808-83e,0.29160125290706523,0,FALSE,FALSE
G,71,1808-a2f,0,14.287938668392599,TRUE,TRUE
G,71,1808-a39,0,348.40585976466537,TRUE,TRUE
G,71,1808-af6,0,1171.1483626514673,TRUE,TRUE
G,71,1808-bbd,0,1197.168167423457,TRUE,TRUE
G,71,1808-c8c,0,198.57229876797646,TRUE,TRUE
G,71,1808-d52,0,141.95657611917704,TRUE,TRUE
G,72,1543-1249,0,1761.99709321931,TRUE,TRUE
G,72,1543-1439,0,1645.586000252515,TRUE,TRUE
G,72,1543-14db,0,30.27864313777536,TRUE,TRUE
G,72,1543-154b,0,7.301892788498662,TRUE,TRUE
G,72,1543-15b3,0,3471.011368362233,TRUE,TRUE
G,72,1543-1683,0,3236.2972473907284,TRUE,TRUE
G,72,1543-1804,0,814.596014585346,TRUE,TRUE
G,72,1543-bb3,0,986.8726027905941,TRUE,TRUE
G,72,1544-1255,8.317600744148807,0,FALSE,FALSE
G,72,1544-13db,0,2010.8069845736027,TRUE,TRUE
G,72,1544-1b4e,0,42.33932920033112,TRUE,TRUE
G,72,1544-212b,0,1183.3948948420584,TRUE,TRUE
G,72,1544-24be,4.645151990795811,0,FALSE,FALSE
G,72,1544-256b,0,2308.4170730747283,TRUE,TRUE
G,72,1544-25b0,0,116.866804279387,TRUE,TRUE
G,72,1544-41f,0,498.76404598355293,TRUE,TRUE
G,72,1544-67c,0,35.1526811667718,TRUE,TRUE
G,72,1544-853,0,2.616654259385541,TRUE,TRUE
G,72,1544-876,0,4309.135294906795,TRUE,TRUE
G,72,1544-908,0,4090.409890588373,TRUE,TRUE
G,72,1544-97b,0,6.548718311707489,TRUE,TRUE
G,72,1544-a39,0,419.2435312671587,TRUE,TRUE
G,72,1544-a3e,0,3820.4700609315187,TRUE,TRUE
G,72,1544-a7c,0,8.481216987827793,TRUE,TRUE
G,72,1544-e71,0,470.42889173701406,TRUE,TRUE
G,72,1609-1567,0,1279.4421975202858,TRUE,TRUE
G,72,1609-180a,0,2785.790989842266,TRUE,TRUE
G,72,1609-186c,0,4199.716501180083,TRUE,TRUE
G,72,1609-18cb,0,9.02997727820184,TRUE,TRUE
G,72,1609-2049,0,1516.6058183275163,TRUE,TRUE
G,72,1609-55f,0,264.08959310874343,TRUE,TRUE
G,72,1609-7b6,0,20.3132919697091,TRUE,TRUE
G,72,1609-cc7,4.466849489575107,0,FALSE,FALSE
G,72,1609-e56,0,3987.879142202437,TRUE,TRUE
G,72,1610-1490,0,2763.0240208804607,TRUE,TRUE
G,72,1610-1c3,0,954.2117616944015,TRUE,TRUE
G,72,1610-1d89,0,946.4343547262251,TRUE,TRUE
G,72,1610-2,0,521.8355506397784,TRUE,TRUE
G,72,1610-2042,0,88.74332035891712,TRUE,TRUE
G,72,1610-2488,0,132.21034315694124,TRUE,TRUE
G,72,1610-4e6,0,2597.9553148299456,TRUE,TRUE
G,72,1610-81a,0,3729.5340864080936,TRUE,TRUE
G,72,1610-936,0,305.02279028110206,TRUE,TRUE
G,72,1610-eb2,0,110.7469167150557,TRUE,TRUE
G,72,1611-18c5,0,178.76992947794497,TRUE,TRUE
G,72,1611-1eaf,0,1111.7880134750158,TRUE,TRUE
G,72,1611-209f,0,3.5490860933205113,TRUE,TRUE
G,72,1611-2102,0,3673.0509965978563,TRUE,TRUE
G,72,1611-b02,0,2089.516445416957,TRUE,TRUE
G,72,1675-12b5,0,2787.877055760473,TRUE,TRUE
G,72,1675-13bc,0,3228.3217786327004,TRUE,TRUE
G,72,1675-14d8,4.641738131538629,0,FALSE,FALSE
G,72,1675-14ec,0,3514.7450192682445,TRUE,TRUE
G,72,1675-161e,0,100.92174899019301,TRUE,TRUE
G,72,1675-192c,1.164514921460394,0,FALSE,FALSE
G,72,1675-1c6c,0,2713.532250314951,TRUE,TRUE
G,72,1675-1c75,0,249.2731723091565,TRUE,TRUE
G,72,1675-1d2c,1.3395034424391694,0,FALSE,FALSE
G,72,1675-1d40,0,4634.971267908812,TRUE,TRUE
G,72,1675-257d,0,3115.685331657529,TRUE,TRUE
G,72,1675-598,2.6037859414345097,0,FALSE,FALSE
G,72,1675-98a,0,2150.6521835029125,TRUE,TRUE
G,72,1675-b7f,0.3712623578815557,0,TRUE,FALSE
G,72,1675-f9a,4.060913993311046,0,FALSE,FALSE
G,72,1676-112b,0,1760.7424981705844,TRUE,TRUE
G,72,1676-15d3,0,1301.8047089502215,TRUE,TRUE
G,72,1676-175d,0,977.4210165124387,TRUE,TRUE
G,72,1676-1dfa,0,1729.5827853064984,TRUE,TRUE
G,72,1676-21cf,0,3654.27635044232,TRUE,TRUE
G,72,1676-2609,0,1923.5010449718684,TRUE,TRUE
G,72,1676-8af,0,2120.953767531915,TRUE,TRUE
G,72,1676-afe,0,909.0276685189456,TRUE,TRUE
G,72,1677-1b2,0,3671.8657250013202,TRUE,TRUE
G,72,1677-455,0,981.2194638215005,TRUE,TRUE
G,72,1677-481,0,2237.128002677113,TRUE,TRUE
G,72,1677-617,0,2092.265563333407,TRUE,TRUE
G,72,1677-646,0,21.60082368692383,TRUE,TRUE
G,72,1677-70d,0,4586.4316566213965,TRUE,TRUE
G,72,1677-a4,0.8600891530377234,0,FALSE,FALSE
G,72,1742-201,2.804967251627289,0,FALSE,FALSE
G,72,1742-2c8,0,113.85235622990876,TRUE,TRUE
G,73,1675-1475,0,24.110961779020727,TRUE,TRUE
G,73,1675-18c9,0,1.902653822908178,TRUE,TRUE
G,73,1675-1aa4,0,1395.8902230374515,TRUE,TRUE
G,73,1675-1b75,0,3628.9030366428196,TRUE,TRUE
G,73,1675-1c78,0,237.76977096684277,TRUE,TRUE
G,73,1675-1cc9,0,14.170922000193968,TRUE,TRUE
G,73,1675-1d08,0,804.4404103271663,TRUE,TRUE
G,73,1675-1f9c,0,604.0847635753453,TRUE,TRUE
G,73,1675-24e1,0,1197.8766550384462,TRUE,TRUE
G,73,1741-1002,0,3213.2287527546287,TRUE,TRUE
G,73,1741-1165,6.302780170321352,0,FALSE,FALSE
G,73,1741-129a,0,247.59005872998387,TRUE,TRUE
G,73,1741-1300,0,967.2471399977803,TRUE,TRUE
G,73,1741-15cd,0,18.462044897372834,TRUE,TRUE
G,73,1741-540,0,3888.799082249403,TRUE,TRUE
G,73,1741-959,0,2443.979821294546,TRUE,TRUE
G,73,1741-f3,1.2970537660084802,0,FALSE,FALSE
G,73,1742-580,6.955512827503884,0,FALSE,FALSE
G,73,1805-11f2,2.0054978224833735,0,FALSE,FALSE
G,73,1805-16fa,0,1639.8326251134276,TRUE,TRUE
G,73,1805-1b8c,0,600.4497828688473,TRUE,TRUE
G,73,1805-20f6,0,451.51055405288935,TRUE,TRUE
G,73,1805-2541,4.26325845452747,0,FALSE,FALSE
G,73,1806-10e6,0,1736.9782935380936,TRUE,TRUE
G,73,1806-133f,2.563508390235203,0,FALSE,FALSE
G,73,1806-1728,0,3038.4727940112352,TRUE,TRUE
G,73,1806-2023,0,447.5873798802495,TRUE,TRUE
G,73,1806-ef0,0,27.237773292232305,TRUE,TRUE
G,73,1871-1b6,0,102.7849263548851,TRUE,TRUE
G,73,1871-314,1.720247261011137,0,FALSE,FALSE
G,73,1871-373,4.147948722092869,0,FALSE,FALSE
G,73,1871-3cf,0,2163.539554545656,TRUE,TRUE
G,73,1872-10,0,2720.9659254029393,TRUE,TRUE
G,73,1872-191,0,4501.23124942556,TRUE,TRUE
G,73,1872-d2,0,1.5030091727385297,TRUE,TRUE
G,74,1544-1ca4,0,1286.8092772010714,TRUE,TRUE
G,74,1544-1ca9,0,311.9425390576944,TRUE,TRUE
G,74,1544-1d63,0,4668.055590992793,TRUE,TRUE
G,74,1544-1dc4,0,4061.488215044141,TRUE,TRUE
G,74,1544-2097,0,1181.2453129589558,TRUE,TRUE
G,74,1544-2459,0,22.306325558107346,TRUE,TRUE
G,74,1544-2472,0,1652.1036626808345,TRUE,TRUE
G,74,1544-24d5,0,3157.584516365081,TRUE,TRUE
G,74,1544-2538,0,1452.0722490046173,TRUE,TRUE
G,74,1544-254d,8.746914129240961,0,FALSE,FALSE
G,74,1544-260c,0,1076.6281099170446,TRUE,TRUE
G,74,1609-1183,0,1464.7446575537324,TRUE,TRUE
G,74,1609-12ad,0,3573.5842581167817,TRUE,TRUE
G,74,1609-17bb,0,1358.7219725809991,TRUE,TRUE
G,74,1609-1d2c,0,343.1961298584938,TRUE,TRUE
G,74,1609-1e04,8.749643026877619,0,FALSE,FALSE
G,74,1609-229c,0,1133.5027206800878,TRUE,TRUE
G,74,1609-2436,0,1360.9951908662915,TRUE,TRUE
G,74,1609-4ab,0,2704.979111894965,TRUE,TRUE
G,74,1609-9bb,0,2434.422628097236,TRUE,TRUE
G,74,1609-e0e,6.315135784155198,0,FALSE,FALSE
G,74,1609-e68,0,3791.418537825346,TRUE,TRUE
G,74,1609-f2f,0,2347.1812453977764,TRUE,TRUE
G,74,1610-11cf,0,48.35759522859007,TRUE,TRUE
G,74,1610-1cc3,0,1297.1960658431053,TRUE,TRUE
G,74,1610-1d83,0,2153.2041489630938,TRUE,TRUE
G,74,1610-203c,0,219.8672458138317,TRUE,TRUE
G,74,1610-20a7,8.20036609476083,0,FALSE,FALSE
G,74,1610-6aa,0,26.479787449352443,TRUE,TRUE
G,74,1610-9f9,0,2162.67389992252,TRUE,TRUE
G,74,1610-a00,0,318.5658253096044,TRUE,TRUE
G,74,1610-bef,0,3053.0988212153316,TRUE,TRUE
G,74,1610-d1c,0,669.6141511872411,TRUE,TRUE
G,74,1610-e49,2.7378994816206332,0,FALSE,FALSE
G,74,1610-e4f,6.945338746901844,0,FALSE,FALSE
G,74,1675-10b9,0,81.29326730966568,TRUE,TRUE
G,74,1675-1129,0,4641.931855596602,TRUE,TRUE
G,74,1675-15b6,0,172.83302710345015,TRUE,TRUE
G,74,1675-15cf,0,963.1197270005941,TRUE,TRUE
G,74,1675-1681,9.772298295879478,0,FALSE,FALSE
G,74,1675-16f7,0,202.73619483597577,TRUE,TRUE
G,74,1675-1759,0,3342.2290735393763,TRUE,TRUE
G,74,1675-69a,0,134.05508941132575,TRUE,TRUE
G,74,1675-a1a,0,274.50636831671,TRUE,TRUE
G,74,1675-be2,0,0.36836179508827627,FALSE,TRUE
G,74,1675-d73,0,639.0334117077291,TRUE,TRUE
G,74,1675-f24,0,3838.546745941043,TRUE,TRUE
G,74,1675-fff,0,17.348465408198535,TRUE,TRUE
G,74,1676-14d,0,834.4320437414572,TRUE,TRUE
G,74,1676-1be,0,2483.553095392883,TRUE,TRUE
G,74,1676-27,0,5.926234159967862,TRUE,TRUE
G,74,1676-977,0,1099.0461795311421,TRUE,TRUE
G,74,1676-a3d,0,3690.9262724779546,TRUE,TRUE
G,75,1544-2536,0,1259.1048920433968,TRUE,TRUE
G,75,1544-2672,0,1686.6511457264423,TRUE,TRUE
G,75,1609-1d9f,0,89.49977539945394,TRUE,TRUE
G,75,1609-da9,0,71.96719539817423,TRUE,TRUE
G,75,1610-116c,4.186566901812075,0,FALSE,FALSE
G,75,1610-2168,0,4183.49326185137,TRUE,TRUE
G,75,1610-23bd,0,945.6921749189496,TRUE,TRUE
G,75,1610-4e1,0,1057.8372321277857,TRUE,TRUE
G,75,1610-645,4.963427839337205,0,FALSE,FALSE
G,75,1610-76f,0,965.2216812260449,TRUE,TRUE
G,75,1610-de6,0,12.257321254350245,TRUE,TRUE
G,75,1675-10b5,0,4915.744330376387,TRUE,TRUE
G,75,1675-111e,7.72621759150516,0,FALSE,FALSE
G,75,1675-63e,0,1766.9918660512194,TRUE,TRUE
G,75,1675-69d,0,2254.226218463853,TRUE,TRUE
G,75,1675-9a0,0,983.7286001257598,TRUE,TRUE
G,75,1675-a7f,4.621978757837019,0,FALSE,FALSE
G,75,1675-d3a,0,2265.0405595451593,TRUE,TRUE
G,75,1675-d90,0,317.5732656903565,TRUE,TRUE
G,75,1675-e65,0,3253.759556181729,TRUE,TRUE
G,75,1676-337,0,1072.911233106628,TRUE,TRUE
G,75,1676-8c,2.2849113260672302,0,FALSE,FALSE
G,76,1546-2363,4.195354844294404,0,FALSE,FALSE
G,76,1546-25bd,0,2952.2178594581783,TRUE,TRUE
G,76,1546-266d,0,1.1434532055282034,TRUE,TRUE
G,76,1546-26eb,0,375.3385967537761,TRUE,TRUE
G,76,1611-1928,5.376582864629916,0,FALSE,FALSE
G,76,1611-1d76,0,4856.572270333767,TRUE,TRUE
G,76,1611-1fdf,0,2988.072558917105,TRUE,TRUE
G,76,1611-2104,1.880662121078642,0,FALSE,FALSE
G,76,1611-4b0,0,2929.111680742353,TRUE,TRUE
G,76,1611-69f,0,1601.3088307026774,TRUE,TRUE
G,76,1611-c17,0,652.6962456852198,TRUE,TRUE
G,76,1611-c5e,0,44.771076269913465,TRUE,TRUE
G,76,1611-ccf,0,1090.600661303848,TRUE,TRUE
G,76,1611-d42,0,3892.216131925583,TRUE,TRUE
G,76,1611-da2,0,3582.161802961491,TRUE,TRUE
G,76,1611-fc9,0,1498.9459825605154,TRUE,TRUE
G,76,1612-109,0,675.570428759791,TRUE,TRUE
G,76,1612-430,0,1146.3231748724356,TRUE,TRUE
G,76,1612-49e,0,363.07562073890585,TRUE,TRUE
G,76,1612-51e,0,129.84806900285184,TRUE,TRUE
G,76,1613-1ee3,0,1746.8826207835227,TRUE,TRUE
G,76,1613-3f6,8.754365249454157,0,FALSE,FALSE
G,76,1613-539,0,4426.705932680517,TRUE,TRUE
G,76,1677-107,0,16.672891756519675,TRUE,TRUE
G,76,1677-233,0,2419.4686279147863,TRUE,TRUE
G,76,1677-5b6,0,589.2955472171307,TRUE,TRUE
G,76,1677-67d,0,1109.2280032392591,TRUE,TRUE
G,76,1677-8d2,0,3795.9071498140693,TRUE,TRUE
G,76,1677-d87,0,367.66863325610757,TRUE,TRUE
G,76,1678-11a7,0,574.5826807375997,TRUE,TRUE
G,76,1678-120e,0,814.7371224639937,TRUE,TRUE
G,76,1678-15b0,0,411.3967964826152,TRUE,TRUE
G,76,1678-187a,0,4381.8125043697655,TRUE,TRUE
G,76,1678-1acb,0,133.08896883530542,TRUE,TRUE
G,76,1678-1b0d,9.932470249925908,0,FALSE,FALSE
G,76,1678-1c34,0,4163.7664797808975,TRUE,TRUE
G,76,1678-1f5b,0,521.2952662005555,TRUE,TRUE
G,76,1678-2030,0,1792.2653863355517,TRUE,TRUE
G,76,1678-222b,0,2844.8945368733257,TRUE,TRUE
G,76,1678-248c,0,679.0646930458024,TRUE,TRUE
G,76,1678-c15,1.1906370153149177,0,FALSE,FALSE
G,76,1678-d43,0,845.0657069459558,TRUE,TRUE
G,76,1678-e0c,0,113.26953501813114,TRUE,TRUE
G,76,1678-e75,0,1336.2515112599358,TRUE,TRUE
G,76,1678-fa8,0,689.4759901352227,TRUE,TRUE
G,76,1679-12c2,0.009215031236634821,0,TRUE,FALSE
G,76,1679-138d,0,2770.236713565886,TRUE,TRUE
G,76,1679-16b9,0,45.11790117295459,TRUE,TRUE
G,76,1679-171e,0,1452.8543655350804,TRUE,TRUE
G,76,1679-1783,7.483346404764836,0,FALSE,FALSE
G,76,1679-1c35,5.062495628690564,0,FALSE,FALSE
G,76,1679-1d62,0,2739.5824664551765,TRUE,TRUE
G,76,1679-1fc0,0,1420.2273563425988,TRUE,TRUE
G,76,1679-2026,0,73.00916204135865,TRUE,TRUE
G,76,1744-1255,5.004015504448148,0,FALSE,FALSE
G,76,1744-15d3,0,4989.431775342673,TRUE,TRUE
G,76,1744-15df,0,482.4207572261803,TRUE,TRUE
G,76,1744-175,0,2631.5074003115296,TRUE,TRUE
G,76,1744-182e,0,3549.8485385254025,TRUE,TRUE
G,76,1744-4fb,0,4704.8503811703995,TRUE,TRUE
G,76,1744-5c2,0,2157.223378635943,TRUE,TRUE
G,76,1744-5da,0,4625.02269821614,TRUE,TRUE
G,76,1744-6eb,0,200.23648731829599,TRUE,TRUE
G,76,1744-86d,0,94.42965994076803,TRUE,TRUE
G,76,1744-994,0,180.79672857001424,TRUE,TRUE
G,76,1744-ba4,0,1535.6391435768455,TRUE,TRUE
G,76,1744-e03,4.961240333668166,0,FALSE,FALSE
G,76,1744-e04,0,4412.206891651265,TRUE,TRUE
G,76,1745-268,0,3174.2957119233906,TRUE,TRUE
G,76,1745-76e,0,225.70506406389177,TRUE,TRUE
G,76,1745-c28,1.3029275275764332,0,FALSE,FALSE
G,77,1482-1b37,0,220.7983070956543,TRUE,TRUE
G,77,1482-1d37,9.344629701802676,0,FALSE,FALSE
G,77,1482-1df3,0.7646204586842038,0,FALSE,FALSE
G,77,1482-1ebe,0,2699.878956024535,TRUE,TRUE
G,77,1482-1f37,0,962.1129957921803,TRUE,TRUE
G,77,1482-1f88,0,2213.231042748317,TRUE,TRUE
G,77,1482-204b,0,374.9804779042024,TRUE,TRUE
G,77,1482-21bb,0,1072.9242653208785,TRUE,TRUE
G,77,1482-21f8,0,515.8318532360718,TRUE,TRUE
G,77,1482-22dd,0,575.1369012123905,TRUE,TRUE
G,77,1482-22fd,0.5183567615129302,0,FALSE,FALSE
G,77,1482-234a,0,254.1129114269279,TRUE,TRUE
G,77,1482-2360,0,2603.0019308030605,TRUE,TRUE
G,77,1482-23b6,0,1244.6605850541964,TRUE,TRUE
G,77,1482-2424,0,428.38264894508757,TRUE,TRUE
G,77,1482-2477,0,3963.114156521857,TRUE,TRUE
G,77,1482-24ac,0,2437.3884385302663,TRUE,TRUE
G,77,1482-2572,0,386.7141577140428,TRUE,TRUE
G,77,1482-2638,0,4168.389925401658,TRUE,TRUE
G,77,1482-2697,5.207559682535112,0,FALSE,FALSE
G,77,1482-26f9,0,1157.4680736907758,TRUE,TRUE
G,77,1546-1aea,0,3431.970551090315,TRUE,TRUE
G,77,1546-1da2,0,2443.9944489896297,TRUE,TRUE
G,77,1546-1f8f,0,1.184187318693148,TRUE,TRUE
G,77,1546-2112,0,4421.577325548977,TRUE,TRUE
G,77,1546-211c,0,83.24209751561284,TRUE,TRUE
G,77,1546-22a4,0,60.709886900149286,TRUE,TRUE
G,77,1546-22fe,0,29.38896655663848,TRUE,TRUE
G,77,1546-23d2,0,4325.752065334469,TRUE,TRUE
G,77,1547-11e6,0,695.5788559978828,TRUE,TRUE
G,77,1547-1568,0,560.6067362786271,TRUE,TRUE
G,77,1547-15b4,0,203.89578940649517,TRUE,TRUE
G,77,1547-1610,3.517026695088471,0,FALSE,FALSE
G,77,1547-172,0.7736418636246797,0,FALSE,FALSE
G,77,1547-1845,0,784.0511236442253,TRUE,TRUE
G,77,1547-186,0,670.5674781105481,TRUE,TRUE
G,77,1547-1a27,0,966.7869424568489,TRUE,TRUE
G,77,1547-1d41,0,2832.5879801716655,TRUE,TRUE
G,77,1547-1ece,0,3746.3560409303755,TRUE,TRUE
G,77,1547-1f32,0,17.69341126224026,TRUE,TRUE
G,77,1547-22b2,0,1762.3716125246137,TRUE,TRUE
G,77,1547-241,7.032549878026181,0,FALSE,FALSE
G,77,1547-243e,8.887295676676024,0,FALSE,FALSE
G,77,1547-31f,0,4586.969290389679,TRUE,TRUE
G,77,1547-4a4,0,1599.5028482833877,TRUE,TRUE
G,77,1547-6f7,0,3227.01903658174,TRUE,TRUE
G,77,1547-7b7,0,3110.531710616313,TRUE,TRUE
G,77,1547-80f,0,2126.405225586146,TRUE,TRUE
G,77,1547-e0b,2.703478999513104,0,FALSE,FALSE
G,77,1547-e0f,0,6.33318220169167,TRUE,TRUE
G,77,1548-1209,0,3051.5533900810406,TRUE,TRUE
G,77,1548-14bc,0,65.93212925433181,TRUE,TRUE
G,77,1548-300,0,3490.8968439511955,TRUE,TRUE
G,77,1548-4ea,3.965517779932087,0,FALSE,FALSE
G,77,1548-52e,0,1026.5106187807396,TRUE,TRUE
G,77,1548-662,0,2864.7027798444033,TRUE,TRUE
G,77,1548-78a,0,3031.160639923997,TRUE,TRUE
G,77,1548-8c4,0,1672.4756625788286,TRUE,TRUE
G,77,1548-90e,0,333.30403101444244,TRUE,TRUE
G,77,1548-a35,0,1604.9298259560019,TRUE,TRUE
G,77,1548-ae,0,904.5209970623255,TRUE,TRUE
G,77,1548-afa,0,718.8938654870726,TRUE,TRUE
G,77,1548-bbf,8.113200339560123,0,FALSE,FALSE
G,77,1548-d09,0,4145.50397124514,TRUE,TRUE
G,77,1548-dce,0,178.7816529290285,TRUE,TRUE
G,77,1548-fb8,0,4306.209519491531,TRUE,TRUE
G,77,1612-4fb,0,535.3241709475406,TRUE,TRUE
G,77,1612-503,4.838333162413699,0,FALSE,FALSE
G,77,1613-1255,0,3947.3425163403153,TRUE,TRUE
G,77,1613-12b8,9.918517405530514,0,FALSE,FALSE
G,77,1613-137e,0,708.8499368047342,TRUE,TRUE
G,77,1613-141b,0,783.7737790048122,TRUE,TRUE
G,77,1613-14e2,0,4167.576361097395,TRUE,TRUE
G,77,1613-175f,0,4067.998492317274,TRUE,TRUE
G,77,1613-1826,0,103.1602007993497,TRUE,TRUE
G,77,1613-18ed,0,2355.316712392494,TRUE,TRUE
G,77,1613-1a63,0,696.2118401839398,TRUE,TRUE
G,77,1613-1b32,0,885.9929090910591,TRUE,TRUE
G,77,1613-3ef,0,3256.980708103627,TRUE,TRUE
G,77,1613-457,0,427.12565163336694,TRUE,TRUE
G,77,1613-45b,0,145.38704040506855,TRUE,TRUE
G,77,1613-4fb,0,69.29715046333149,TRUE,TRUE
G,77,1613-94c,0,2962.859517991543,TRUE,TRUE
G,77,1613-a24,0,426.45028267847374,TRUE,TRUE
G,78,1412-2446,0,264.5634120153263,TRUE,TRUE
G,78,1412-2634,0,3398.0917213484645,TRUE,TRUE
G,78,1413-196c,0,0.4952079450013116,TRUE,TRUE
G,78,1413-1d4f,0,4698.378205846995,TRUE,TRUE
G,78,1477-19b2,0,2510.387796279043,TRUE,TRUE
G,78,1477-1cc6,0,200.1401666449383,TRUE,TRUE
G,78,1477-202c,0,4502.582850061357,TRUE,TRUE
G,78,1477-226c,0,260.54974452778697,TRUE,TRUE
G,78,1477-2333,0,1.5383990431437269,TRUE,TRUE
G,78,1477-2491,0,226.9656666778028,TRUE,TRUE
G,78,1478-150e,0,2059.4525170102715,TRUE,TRUE
G,78,1478-169f,7.6554495257358415,0,FALSE,FALSE
G,78,1478-1a26,0,599.292433315888,TRUE,TRUE
G,78,1478-1ce5,0,26.501458468846977,TRUE,TRUE
G,78,1478-1d7,0,1551.1140299718827,TRUE,TRUE
G,78,1478-1dae,0,279.37432988360524,TRUE,TRUE
G,78,1478-1e77,0,799.816798215732,TRUE,TRUE
G,78,1478-3b,0.2403754998121216,0,FALSE,FALSE
G,78,1478-4de,0,1094.5682163070887,TRUE,TRUE
G,78,1478-550,0,2010.1856357567012,TRUE,TRUE
G,78,1478-6cc,0,1793.6538727935404,TRUE,TRUE
G,78,1478-805,0,829.4077286012471,TRUE,TRUE
G,78,1478-8ba,0,4694.850744713098,TRUE,TRUE
G,78,1478-9e,0,3486.1268524080515,TRUE,TRUE
G,78,1478-bf2,0,1652.684676519595,TRUE,TRUE
G,78,1478-c32,0,508.12211992777884,TRUE,TRUE
G,78,1478-f47,0,455.7532487977296,TRUE,TRUE
G,78,1479-2201,0,2789.04102178663,TRUE,TRUE
G,78,1479-26c9,5.0715245060638425,0,FALSE,FALSE
G,78,1542-76b,3.8891823379913677,0,FALSE,FALSE
G,78,1542-b53,0,84.96549989888445,TRUE,TRUE
G,78,1543-1540,5.168493023267511,0,FALSE,FALSE
G,78,1543-1545,0,2082.4845978803933,TRUE,TRUE
G,78,1543-15ae,1.6522998673509417,0,FALSE,FALSE
G,78,1543-16e6,0,355.2403095728441,TRUE,TRUE
G,78,1543-16e7,0,2.538565378781641,FALSE,TRUE
G,78,1543-16e8,6.653718202960544,0,FALSE,FALSE
G,78,1543-1c5,0,1151.2959486800246,TRUE,TRUE
G,78,1543-455,0,548.9430603738874,TRUE,TRUE
G,78,1543-57c,0,1004.7298270761967,TRUE,TRUE
G,78,1543-a8c,0,252.40056782588363,TRUE,TRUE
G,78,1543-b55,0,1197.3298048265278,TRUE,TRUE
G,78,1543-ced,0,1803.0237928517163,TRUE,TRUE
G,78,1543-da5,0,2314.4290506392717,TRUE,TRUE
G,78,1543-db8,0,1872.897218696773,TRUE,TRUE
G,78,1543-e83,0,1944.0989475138485,TRUE,TRUE
G,78,1543-f32,0,4204.9337438978255,TRUE,TRUE
G,78,1543-fb3,0,4833.776295565069,TRUE,TRUE
G,78,1544-11f0,0,88.8368116999045,TRUE,TRUE
G,78,1544-1252,0,2837.844344496727,TRUE,TRUE
G,78,1544-149b,0,633.7668573809788,TRUE,TRUE
G,78,1544-174d,0,4167.038143044338,TRUE,TRUE
G,78,1544-17be,0,2770.339586339891,TRUE,TRUE
G,78,1544-1bb1,5.241686289196462,0,FALSE,FALSE
G,78,1544-54c,0,2032.1102699749172,TRUE,TRUE
G,78,1544-6df,5.924881331160179,0,FALSE,FALSE
G,78,1544-744,0,975.0940482635051,TRUE,TRUE
G,78,1544-8b8,1.5848399300243572,0,FALSE,FALSE
G,78,1544-9aa,0,3127.028130635619,TRUE,TRUE
G,78,1544-9e0,2.5072081355311164,0,FALSE,FALSE
G,78,1544-adf,2.820830435112858,0,FALSE,FALSE
G,78,1544-c10,0,226.24523794464767,TRUE,TRUE
G,78,1545-1021,0,1468.0291961496696,TRUE,TRUE
G,78,1545-10f4,0,2417.6533955624327,TRUE,TRUE
G,78,1545-1897,5.276965849977084,0,FALSE,FALSE
G,78,1545-221,0,613.4726796494797,TRUE,TRUE
G,78,1545-c42,0,700.9245611717924,TRUE,TRUE
G,78,1545-d07,0,2923.15791949071,TRUE,TRUE
G,78,1546-17f4,0,3053.1011847034097,TRUE,TRUE
G,78,1546-1804,0,3525.218117773533,TRUE,TRUE
G,78,1546-18d1,0,722.8683286914602,TRUE,TRUE
G,78,1546-197d,0,156.9219858380966,TRUE,TRUE
G,78,1546-19cc,0,81.24458948057145,TRUE,TRUE
G,78,1546-1a03,0,40.03669014968909,TRUE,TRUE
G,78,1546-1b34,0,834.7446052730083,TRUE,TRUE
G,78,1546-1bff,0,77.53980543185025,TRUE,TRUE
G,78,1546-1d20,0,1936.8438602928072,TRUE,TRUE
G,78,1546-1d81,0,4512.143718205392,TRUE,TRUE
G,78,1546-1f2f,0,1899.8106199596077,TRUE,TRUE
G,78,1546-1ff4,1.0749285966880988,0,FALSE,FALSE
G,78,1546-20a6,0,260.02237594965845,TRUE,TRUE
G,78,1546-2181,6.913799640065537,0,FALSE,FALSE
G,78,1546-2230,0,1750.2604092312977,TRUE,TRUE
G,78,1546-223e,0,3025.6689030602574,TRUE,TRUE
G,78,1546-229b,0,1039.178210353246,TRUE,TRUE
G,78,1546-229c,8.870015974861825,0,FALSE,FALSE
G,78,1546-22ac,0,3281.9399581737816,TRUE,TRUE
G,78,1546-2307,7.513506000969776,0,FALSE,FALSE
G,78,1546-2373,0,377.79423069022596,TRUE,TRUE
G,78,1546-249b,0,3769.527654901147,TRUE,TRUE
G,78,1546-260b,0,435.6652629105374,TRUE,TRUE
G,78,1546-26d2,0.9427238419182542,0,FALSE,FALSE
G,78,1610-23d,0,1667.523764770478,TRUE,TRUE
G,78,1610-4b,0,1393.8924674876034,TRUE,TRUE
G,78,1611-10f7,0,4857.7277428507805,TRUE,TRUE
G,78,1611-6a1,0,1740.9448372069746,TRUE,TRUE
G,78,1611-82f,0,436.2151570376009,TRUE,TRUE
G,78,1611-c66,0,2995.270273288712,TRUE,TRUE
G,78,1611-cc3,6.484553832871149,0,FALSE,FALSE
G,78,1611-dec,0,1155.3851414788514,TRUE,TRUE
G,78,1612-40d,0,3985.2080742269754,TRUE,TRUE
G,78,1612-5e3,0,1162.519759260118,TRUE,TRUE
G,79,1348-2574,0,2330.4554280266166,TRUE,TRUE
G,79,1412-2444,0,2761.078969422728,TRUE,TRUE
G,79,1413-10f5,0,891.1985777290538,TRUE,TRUE
G,79,1413-1282,0,2384.8831716887653,TRUE,TRUE
G,79,1413-140e,0,2788.7160013504326,TRUE,TRUE
G,79,1413-196b,0,2916.7406875118613,TRUE,TRUE
G,79,1413-19dc,0,2026.4635359812528,TRUE,TRUE
G,79,1413-1a37,0,892.9893316719681,TRUE,TRUE
G,79,1413-1a9d,0,617.7843952085823,TRUE,TRUE
G,79,1413-1b5d,0,2743.0492582395673,TRUE,TRUE
G,79,1413-1c87,0,2289.7962900437415,TRUE,TRUE
G,79,1413-a85,0,2945.6476219035685,TRUE,TRUE
G,79,1413-f6f,0,3432.351586131379,TRUE,TRUE
G,79,1414-1054,0,2044.475313656032,TRUE,TRUE
G,79,1414-129d,0,4422.125416083261,TRUE,TRUE
G,79,1414-13c3,0,804.7049398804083,TRUE,TRUE
G,79,1414-14ec,0,299.65655919071287,TRUE,TRUE
G,79,1414-1618,0.7368978125445513,0,FALSE,FALSE
G,79,1414-1681,0,2275.004992200993,TRUE,TRUE
G,79,1414-16f9,0,34.241899271612056,TRUE,TRUE
G,79,1414-17cc,0,1944.3161250390112,TRUE,TRUE
G,79,1414-184,0,157.3952548261732,TRUE,TRUE
G,79,1414-1d7,0,120.62938937940635,TRUE,TRUE
G,79,1414-60e,0,700.5941813332029,TRUE,TRUE
G,79,1414-66f,0,4919.292541101575,TRUE,TRUE
G,79,1414-6ce,0,3607.0819532182068,TRUE,TRUE
G,79,1414-826,9.94453290419549,0,FALSE,FALSE
G,79,1415-183a,0,2782.516825495288,TRUE,TRUE
G,79,1415-1b6e,0,239.969415621832,TRUE,TRUE
G,79,1415-1d67,0,1731.3177984450012,TRUE,TRUE
G,79,1415-2352,0,4703.424767393619,TRUE,TRUE
G,79,1415-23ec,0,3087.3427023282275,TRUE,TRUE
G,79,1415-244e,0,81.41731093404815,TRUE,TRUE
G,79,1415-24b0,0,966.1939897425473,TRUE,TRUE
G,79,1415-250f,0,476.4666442882735,TRUE,TRUE
G,79,1415-2560,0,2585.162386741955,TRUE,TRUE
G,79,1416-191b,0,1271.2749439070467,TRUE,TRUE
G,79,1416-1b7c,0,1255.4139367546886,TRUE,TRUE
G,79,1416-1e83,0,4834.14992756024,TRUE,TRUE
G,79,1416-1ee6,0,2136.3736992292106,TRUE,TRUE
G,79,1416-1f05,0,3900.822695245035,TRUE,TRUE
G,79,1416-1f49,0,525.0419607195072,TRUE,TRUE
G,79,1416-1fac,0.3932277236647826,0,FALSE,FALSE
G,79,1416-200f,0,1689.7879113983363,TRUE,TRUE
G,79,1416-2036,0,4470.869376573712,TRUE,TRUE
G,79,1478-1702,0,129.04753016866744,TRUE,TRUE
G,79,1478-182f,0,4855.6839703843,TRUE,TRUE
G,79,1478-195c,0,510.8117088172585,TRUE,TRUE
G,79,1478-1d48,4.6203781204030445,0,FALSE,FALSE
G,79,1478-2fd,0,199.57301890291274,TRUE,TRUE
G,79,1478-4a,0,1718.0284952949733,TRUE,TRUE
G,79,1478-8ca,0,1320.1754035316408,TRUE,TRUE
G,79,1478-c67,0,2730.571257174015,TRUE,TRUE
G,79,1478-dfe,0,2586.194582287222,TRUE,TRUE
G,79,1479-206d,0,396.4758926909417,TRUE,TRUE
G,79,1479-265b,0,217.58051399933174,TRUE,TRUE
G,79,1481-1c1f,0,3849.944772171788,TRUE,TRUE
G,79,1481-1c42,1.712206956430629,0,FALSE,FALSE
G,79,1481-1c9e,0,2012.4796747043729,TRUE,TRUE
G,79,1481-1dc1,0,2584.925225784071,TRUE,TRUE
G,79,1481-1dd7,0,2143.690401483327,TRUE,TRUE
G,79,1481-1e0a,0,335.1771669285372,TRUE,TRUE
G,79,1481-1f4a,0,327.548421934247,TRUE,TRUE
G,79,1481-21c7,0,4532.857329601422,TRUE,TRUE
G,79,1481-2292,0,33.74391000752803,TRUE,TRUE
G,79,1481-2302,0,1118.7118761008605,TRUE,TRUE
G,79,1482-12ec,0,2486.263835122809,TRUE,TRUE
G,79,1482-1728,0,424.43027014657855,TRUE,TRUE
G,79,1482-184c,0,4864.000298748724,TRUE,TRUE
G,79,1482-1970,0,29.19310105603654,TRUE,TRUE
G,79,1482-354,0,2488.537282690406,TRUE,TRUE
G,79,1482-3b,0,665.5499170687981,TRUE,TRUE
G,79,1482-fd0,0,2054.4314083512872,TRUE,TRUE
G,79,1545-101e,0,232.6530400509946,TRUE,TRUE
G,79,1545-10ed,0,390.84506490500644,TRUE,TRUE
G,79,1545-11c2,0,708.2277863072231,TRUE,TRUE
G,79,1545-1c,0,61.81343454658054,TRUE,TRUE
G,79,1545-3b3,0,138.6818888830021,TRUE,TRUE
G,79,1545-60c,0,4514.960390649736,TRUE,TRUE
G,79,1545-7fe,0,291.75639511086047,TRUE,TRUE
G,79,1546-11ad,0.834716673355067,0,FALSE,FALSE
G,79,1546-1b9,1.4796243535558535,0,FALSE,FALSE
G,79,1546-27a,0,418.2334941602312,TRUE,TRUE
G,79,1546-36f,0,1536.5944035202265,TRUE,TRUE
G,79,1546-4e3,0,4459.095882883295,TRUE,TRUE
G,79,1546-4ec,0,17.958084836718626,TRUE,TRUE
G,79,1546-665,0,1661.8816611934453,TRUE,TRUE
G,79,1546-efe,0,3976.3466362394392,TRUE,TRUE
G,79,1546-f61,0,184.21189745981246,TRUE,TRUE
G,79,1547-2bf,0,3570.5822106990963,TRUE,TRUE
G,80,1481-1b58,0,1164.7501364164054,TRUE,TRUE
G,80,1481-1bdf,0,9.988000123703387,TRUE,TRUE
G,80,1481-1e82,0,101.10254157334566,TRUE,TRUE
G,80,1481-2035,0,3544.8565036430955,TRUE,TRUE
G,80,1481-222f,5.306730733643075,0,FALSE,FALSE
G,80,1481-24c5,0,780.0227632289752,TRUE,TRUE
G,80,1481-258f,0,4993.981762416661,TRUE,TRUE
G,80,1481-2687,0,408.77539071813226,TRUE,TRUE
G,80,1481-26ea,0,4717.32463465631,TRUE,TRUE
G,80,1482-1477,0,9.48046837648144,TRUE,TRUE
G,80,1482-14e1,9.852470973766653,0,FALSE,FALSE
G,80,1482-1786,0,2684.7489264216274,TRUE,TRUE
G,80,1482-190b,4.350554966498455,0,FALSE,FALSE
G,80,1482-1ad4,7.290273770365058,0,FALSE,FALSE
G,80,1482-20b5,0,1982.5075054457411,TRUE,TRUE
G,80,1482-22e9,0,183.93290092097595,TRUE,TRUE
G,80,1482-22ff,0,2710.00542911049,TRUE,TRUE
G,80,1482-233d,0,3830.913864666596,TRUE,TRUE
G,80,1482-2362,0,0.26940744573948905,TRUE,TRUE
G,80,1482-24e5,0,231.45428791921586,TRUE,TRUE
G,80,1545-111a,0,941.5868400651962,TRUE,TRUE
G,80,1545-12bc,0,1949.1732734600082,TRUE,TRUE
G,80,1545-1518,0,1069.6665576472878,TRUE,TRUE
G,80,1545-1642,0,1620.9821829721332,TRUE,TRUE
G,80,1545-1832,0,34.94943331088871,TRUE,TRUE
G,80,1545-1bbc,0,145.56959454575554,TRUE,TRUE
G,80,1546-1024,0,114.15000094752759,TRUE,TRUE
G,80,1546-106d,0,835.8102761148475,TRUE,TRUE
G,80,1546-10e8,0,2353.772714594379,TRUE,TRUE
G,80,1546-1148,0,2.134556574834278,TRUE,TRUE
G,80,1546-154,0,6.468427106214222,TRUE,TRUE
G,80,1546-1800,0,774.9310790407471,TRUE,TRUE
G,80,1546-196e,0,2183.4045902062207,TRUE,TRUE
G,80,1546-19d9,0,2542.701149178669,TRUE,TRUE
G,80,1546-1a31,8.482031734926172,0,FALSE,FALSE
G,80,1546-1a66,5.932019545631403,0,FALSE,FALSE
G,80,1546-1b4,0,3409.2195058576763,TRUE,TRUE
G,80,1546-1c62,8.53695000829839,0,FALSE,FALSE
G,80,1546-277,0,294.8936751168221,TRUE,TRUE
G,80,1546-320,0,1206.502025546506,TRUE,TRUE
G,80,1546-54f,3.6963022480884895,0,FALSE,FALSE
G,80,1546-669,0,3608.478339297697,TRUE,TRUE
G,80,1547-10f,0,1.1943684426805703,TRUE,TRUE
G,80,1547-1675,0,46.23140448698541,TRUE,TRUE
G,80,1547-169b,0,607.6757069295272,TRUE,TRUE
G,80,1547-16d1,0,1965.001108997967,TRUE,TRUE
G,80,1547-1764,0,4543.78939152509,TRUE,TRUE
G,80,1547-1786,0,4134.957936109975,TRUE,TRUE
G,80,1547-17ba,0,497.0710617909208,TRUE,TRUE
G,80,1547-1de,0,85.60862484353129,TRUE,TRUE
G,80,1547-1f8,0,2500.6732244286686,TRUE,TRUE
G,80,1547-245,0,4439.766091668978,TRUE,TRUE
G,80,1547-3de,0,4300.347855528817,TRUE,TRUE
G,80,1547-4f,0,1470.1304250638932,TRUE,TRUE
G,80,1547-692,0,3404.5582430921495,TRUE,TRUE
G,80,1547-6f1,0,452.0886625824496,TRUE,TRUE
G,80,1547-7b4,0,333.0320625556633,TRUE,TRUE
G,80,1547-876,0,3876.026223372668,TRUE,TRUE
G,80,1547-e70,0,20.282896660850383,TRUE,TRUE
G,80,1547-e72,1.074745348626784,0,FALSE,FALSE
G,80,1547-f34,0,494.00497584650293,TRUE,TRUE
G,80,1548-2be,0,840.743062815629,TRUE,TRUE
G,80,1548-33d,0,1576.5837702890858,TRUE,TRUE
G,80,1548-38a,0,4417.7133157569915,TRUE,TRUE
G,80,1548-46f,0,222.674093761947,TRUE,TRUE
G,80,1548-600,0,4251.123818464577,TRUE,TRUE
G,80,1548-c24,0,66.9765744258184,TRUE,TRUE
G,80,1548-db0,0,2015.3606192888692,TRUE,TRUE
G,81,1410-1003,9.912494801870638,0,FALSE,FALSE
G,81,1410-112e,0,2793.008715495467,TRUE,TRUE
G,81,1410-1823,0,4115.334695003927,TRUE,TRUE
G,81,1410-1b41,0,4743.322983853519,TRUE,TRUE
G,81,1410-1cd1,0,4063.6818602085114,TRUE,TRUE
G,81,1410-c1c,0,1102.2967840358615,TRUE,TRUE
G,81,1411-3d0,0,16.924020851263776,TRUE,TRUE
G,81,1411-439,0,2257.2653468530625,TRUE,TRUE
G,81,1411-678,0,453.98723964206874,TRUE,TRUE
G,81,1411-738,0,2762.053417637944,TRUE,TRUE
G,81,1411-797,0,604.4016083050519,TRUE,TRUE
G,81,1411-89a,7.731410219905482,0,FALSE,FALSE
G,81,1411-8a5,0,2709.763775463216,TRUE,TRUE
G,81,1411-8a6,0,313.7864293839084,TRUE,TRUE
G,81,1411-8a7,1.4580155871337535,0,FALSE,FALSE
G,81,1411-8a8,4.236528188907552,0,FALSE,FALSE
G,81,1411-8a9,7.015040790681347,0,FALSE,FALSE
G,81,1411-8aa,9.793553392455141,0,FALSE,FALSE
G,81,1411-916,0,2251.4714911151677,TRUE,TRUE
G,81,1412-144d,9.574776634971542,0,FALSE,FALSE
G,81,1412-14d3,3.7667147430024936,0,FALSE,FALSE
G,81,1412-1535,0,2288.161778613925,TRUE,TRUE
G,81,1412-1597,0,705.52148899436,TRUE,TRUE
G,81,1412-15f9,0,27.969025024212897,TRUE,TRUE
G,81,1412-1720,0,50.619743787217885,TRUE,TRUE
G,81,1412-18ea,0,15.837363535072654,TRUE,TRUE
G,81,1412-199f,3.1843558295640264,0,FALSE,FALSE
G,81,1412-2120,0,716.1330959610641,TRUE,TRUE
G,81,1412-230e,0,1476.54930001311,TRUE,TRUE
G,81,1412-24fc,0,2509.120704356581,TRUE,TRUE
G,81,1412-7ef,0,111.51711027789861,TRUE,TRUE
G,81,1412-9e9,0,3353.4879873879254,TRUE,TRUE
G,81,1413-1150,0,703.5228854017332,TRUE,TRUE
G,81,1413-1334,5.704140075198457,0,FALSE,FALSE
G,81,1413-1395,0,4213.851608062163,TRUE,TRUE
G,81,1413-16c4,0,1147.2215087348595,TRUE,TRUE
G,81,1413-19de,0,1304.0771328695118,TRUE,TRUE
G,81,1413-1a31,0,2285.0579361841083,TRUE,TRUE
G,81,1413-1a93,0,1140.6868669409305,TRUE,TRUE
G,81,1476-124a,0,1275.755700930953,TRUE,TRUE
G,81,1476-16fc,3.1915825906134314,0,FALSE,FALSE
G,81,1476-2514,0,4688.134712949395,TRUE,TRUE
G,81,1476-30f,0,346.6033372282982,TRUE,TRUE
G,81,1476-52,0,4572.683108925819,TRUE,TRUE
G,81,1476-b40,0,1511.0461516231298,TRUE,TRUE
G,81,1476-cd0,0,3338.665441945195,TRUE,TRUE
G,81,1476-f29,0,9.657569449394941,TRUE,TRUE
G,81,1477-1b3c,0,3993.1291554756463,TRUE,TRUE
G,81,1477-1dc9,0,1519.4800897147506,TRUE,TRUE
G,81,1477-1e33,0,745.6004281956702,TRUE,TRUE
G,81,1477-1e98,0,919.9698283690959,TRUE,TRUE
G,81,1477-2398,1.104390642243245,0,FALSE,FALSE
G,81,1477-23b2,0,457.2400753311813,TRUE,TRUE
G,81,1477-24f6,6.559018900050392,0,FALSE,FALSE
G,81,1478-1071,0,299.43410559836775,TRUE,TRUE
G,81,1478-1136,0,2926.9281390979886,TRUE,TRUE
G,81,1478-3d,0,3543.228839710355,TRUE,TRUE
G,81,1478-4e0,0,686.4384340737015,TRUE,TRUE
G,81,1478-8bc,0,4274.356469672173,TRUE,TRUE
G,81,1478-a0,0,0.057983457038062625,TRUE,TRUE
G,81,1478-b6f,0,2745.2996159233153,TRUE,TRUE
G,81,1478-e84,0,2871.758733227849,TRUE,TRUE
G,81,1543-228,7.3996106616933295,0,FALSE,FALSE
G,81,1543-22a,0,2086.793705574237,TRUE,TRUE
G,81,1543-2b,0,130.83579254429787,TRUE,TRUE
G,82,1081-2165,0,4317.207524344325,TRUE,TRUE
G,82,1081-2228,0,10.203849452314898,TRUE,TRUE
G,82,1081-228b,0,216.2013501757756,TRUE,TRUE
G,82,1081-23dc,0,1343.6617175107822,TRUE,TRUE
G,82,1082-20ef,0,1709.789437968284,TRUE,TRUE
G,82,1082-21b4,0,7.1668757571605965,TRUE,TRUE
G,82,1082-2279,0,3415.143220242113,TRUE,TRUE
G,82,1147-3bb,0,0.9712828359333798,TRUE,TRUE
G,82,1148-115d,0,160.28104778099805,TRUE,TRUE
G,82,1148-11c2,0,2780.6826601959765,TRUE,TRUE
G,82,1148-1227,4.7084346357226385,0,FALSE,FALSE
G,82,1148-2374,0,1109.4485472254455,TRUE,TRUE
G,82,1148-6b1,0,355.0981536395848,TRUE,TRUE
G,82,1148-717,8.130061227644388,0,FALSE,FALSE
G,82,1148-a48,0,3649.105476718396,TRUE,TRUE
G,82,1149-1c8c,0,65.95114823803306,TRUE,TRUE
G,82,1149-b58,0,1307.4001721069217,TRUE,TRUE
G,82,1149-e76,0,3107.706169337034,TRUE,TRUE
G,82,1213-1f2b,0,1021.6381206661463,TRUE,TRUE
G,82,1213-249a,0,771.8475021924824,TRUE,TRUE
G,82,1213-2627,0,217.63666312396526,TRUE,TRUE
G,82,1214-11e1,0,731.4879703707993,TRUE,TRUE
G,82,1214-12be,3.467667405573696,0,FALSE,FALSE
G,82,1214-130b,0,7.143345745280385,TRUE,TRUE
G,82,1214-177e,0,828.0941525809467,TRUE,TRUE
G,82,1214-18a3,0,153.85324696078897,TRUE,TRUE
G,82,1214-d7c,8.047054408869709,0,FALSE,FALSE
G,82,1214-e0e,0,1254.591161377728,TRUE,TRUE
G,82,1214-e38,9.938753947643228,0,FALSE,FALSE
G,82,1214-ead,0,1663.9668879397213,TRUE,TRUE
G,82,1215-196d,0,135.07186484290287,TRUE,TRUE
G,82,1215-245f,0,4431.093249954283,TRUE,TRUE
G,82,1215-452,0,2732.9201510101557,TRUE,TRUE
G,82,1278-1d49,0,342.2676067184657,TRUE,TRUE
G,82,1278-1f8c,0,1874.31669267267,TRUE,TRUE
G,82,1278-21dc,0,2527.7602154389024,TRUE,TRUE
G,82,1279-1550,0,372.48791629448533,TRUE,TRUE
G,82,1279-1cf9,0,492.5085623264313,TRUE,TRUE
G,82,1279-1f5b,0,1643.1735790371895,TRUE,TRUE
G,82,1279-5b1,0,3985.556379929185,TRUE,TRUE
G,82,1279-6d9,0,71.90762460883707,TRUE,TRUE
G,82,1279-fd5,3.8059417292083007,0,FALSE,FALSE
G,82,1280-1049,0,2.586816263035871,TRUE,TRUE
G,82,1280-11db,0,4410.547592356801,TRUE,TRUE
G,82,1280-1503,0,1396.8785323482007,TRUE,TRUE
G,82,1280-188c,0,284.0795516446233,TRUE,TRUE
G,82,1280-1ba1,0,1250.5510528227314,TRUE,TRUE
G,82,1280-1c02,1.4570900386548835,0,FALSE,FALSE
G,82,1280-1c63,0,1377.2884377781302,TRUE,TRUE
G,82,1280-1dec,0,76.39959898078814,TRUE,TRUE
G,82,1280-63f,6.8048507157694775,0,FALSE,FALSE
G,82,1280-891,0,1134.1128855748102,TRUE,TRUE
G,82,1280-954,0,729.3793952604756,TRUE,TRUE
G,82,1281-44d,0,2241.488155487925,TRUE,TRUE
G,82,1281-69,0,2964.8444136194885,TRUE,TRUE
G,82,1344-749,0,2837.370956607163,TRUE,TRUE
G,82,1344-b2f,0,92.55901477113366,TRUE,TRUE
G,82,1344-cbf,0,477.7600464746356,TRUE,TRUE
G,82,1346-1092,0,4054.3042814470828,TRUE,TRUE
G,82,1346-16cc,0,778.2229564599693,TRUE,TRUE
G,82,1346-1f06,0,4678.121995031834,TRUE,TRUE
G,82,1346-2549,0,1164.246853519231,TRUE,TRUE
G,82,1346-2676,5.051352436188235,0,FALSE,FALSE
G,82,1346-355,0,3431.731026712805,TRUE,TRUE
G,82,1346-60b,0,3879.101275011897,TRUE,TRUE
G,82,1346-926,0,647.9965578932315,TRUE,TRUE
G,82,1346-b7e,0,919.2170185185969,TRUE,TRUE
G,82,1410-a88,0,2337.437227686867,TRUE,TRUE
G,82,1411-433,3.3369455349021324,0,FALSE,FALSE
G,82,1411-63a,0,297.15624753106385,TRUE,TRUE
G,82,1411-6a1,0,4155.704017242417,TRUE,TRUE
G,82,1411-8ff,0,411.9152286727913,TRUE,TRUE
G,82,1411-906,9.656034819961423,0,FALSE,FALSE
G,82,1411-907,6.877522218187629,0,FALSE,FALSE
G,82,1411-908,4.099009616413834,0,FALSE,FALSE
G,82,1411-909,1.3204970146400394,0,FALSE,FALSE
G,82,1411-90a,0,382.545981026371,TRUE,TRUE
G,82,1411-90b,0,2847.2828787053004,TRUE,TRUE
G,82,1411-920,0,3568.8871337622404,TRUE,TRUE
G,82,1412-531,0,0.655121642164886,TRUE,TRUE
G,82,1412-593,0,3678.652216948569,TRUE,TRUE
G,82,1412-6b6,0,1088.2358107306063,TRUE,TRUE
G,83,1081-1e4c,0,193.9420844167471,TRUE,TRUE
G,83,1081-1e95,0,2170.157823037356,TRUE,TRUE
G,83,1081-1ef6,0,3043.0145296119153,TRUE,TRUE
G,83,1081-2110,0,847.3581771850586,TRUE,TRUE
G,83,1081-228d,3.1941349307289393,0,FALSE,FALSE
G,83,1081-229e,0,1254.688493784517,TRUE,TRUE
G,83,1081-2458,0,1807.209084637463,TRUE,TRUE
G,83,1081-24bb,0,318.78311000950634,TRUE,TRUE
G,83,1081-251e,6.8002184190709025,0,FALSE,FALSE
G,83,1146-10b6,0,4954.499463677406,TRUE,TRUE
G,83,1146-117d,0,103.8464093785733,TRUE,TRUE
G,83,1146-1244,0,375.43407813087106,TRUE,TRUE
G,83,1146-130b,0,815.7728108763695,TRUE,TRUE
G,83,1146-1815,0,517.2901892457157,TRUE,TRUE
G,83,1146-1d8e,0,97.0886456919834,TRUE,TRUE
G,83,1146-ec4,7.785816790872754,0,FALSE,FALSE
G,83,1147-358,0.8660932916950729,0,FALSE,FALSE
G,83,1147-494,0,1686.4486161768436,TRUE,TRUE
G,83,1147-573,0,1110.7335292883217,TRUE,TRUE
G,83,1148-11c4,0,22.242522600339726,TRUE,TRUE
G,83,1148-1229,0,3864.434309851378,TRUE,TRUE
G,83,1148-13bd,0,4019.755117211491,TRUE,TRUE
G,83,1148-1b99,0,4084.601238436997,TRUE,TRUE
G,83,1148-1e59,0,2230.7315418869257,TRUE,TRUE
G,83,1148-2050,0,4694.4353717044,TRUE,TRUE
G,83,1148-256c,0,2053.496754642576,TRUE,TRUE
G,83,1148-6b4,0,71.70895789470524,TRUE,TRUE
G,83,1148-77f,0,222.26827351376414,TRUE,TRUE
G,83,1148-918,0,313.03894383553416,TRUE,TRUE
G,83,1148-97f,0,3201.2117630168796,TRUE,TRUE
G,83,1148-e39,0,3048.7575012110174,TRUE,TRUE
G,83,1212-1429,0,1073.1585761066526,TRUE,TRUE
G,83,1212-1574,0,3136.6559783518314,TRUE,TRUE
G,83,1212-23d,0,4141.976537801325,TRUE,TRUE
G,83,1212-d7f,0,1524.1731783561409,TRUE,TRUE
G,83,1212-f0b,0,2632.0940733402967,TRUE,TRUE
G,83,1212-f6e,8.727663341908427,0,FALSE,FALSE
G,83,1213-19ce,7.057307890764066,0,FALSE,FALSE
G,83,1213-1a2c,0,414.0669417614117,TRUE,TRUE
G,83,1213-1a9a,0,1151.9103594720364,TRUE,TRUE
G,83,1213-1aeb,0,848.0326539054513,TRUE,TRUE
G,83,1213-1b15,0,2176.160071404651,TRUE,TRUE
G,83,1213-1b7d,0,1128.8356627915055,TRUE,TRUE
G,83,1213-1c49,0,3935.2353449761868,TRUE,TRUE
G,83,1213-20ba,0,3970.097616009414,TRUE,TRUE
G,83,1213-235f,0,270.0038908254355,TRUE,TRUE
G,83,1213-23d5,0,382.94125399924815,TRUE,TRUE
G,83,1213-2558,0,3665.9260048158467,TRUE,TRUE
G,83,1214-1298,0,1936.078230701387,TRUE,TRUE
G,83,1214-1370,2.560803625872754,0,FALSE,FALSE
G,83,1214-13a3,0,254.89099498093128,TRUE,TRUE
G,83,1214-149a,0,470.9171960633248,TRUE,TRUE
G,83,1214-15c4,0,456.5688006989658,TRUE,TRUE
G,83,1214-1845,0,439.92197862267494,TRUE,TRUE
G,83,1214-1908,9.038340096104488,0,FALSE,FALSE
G,83,1214-b6,0,1555.5494930297136,TRUE,TRUE
G,83,1214-ddb,0,1537.1550782928243,TRUE,TRUE
G,83,1214-ddf,0,148.98438033740968,TRUE,TRUE
G,83,1214-e9d,0,116.0196878365241,TRUE,TRUE
G,83,1214-eab,0,255.82730772905052,TRUE,TRUE
G,84,1014-158a,0,1.2546226379927248,TRUE,TRUE
G,84,1014-23b1,0,883.5423026755452,TRUE,TRUE
G,84,1014-2545,4.429200571359415,0,FALSE,FALSE
G,84,1014-4e9,0,1808.7295494265854,TRUE,TRUE
G,84,1014-539,0,296.2429619021714,TRUE,TRUE
G,84,1014-593,0,189.11767080333084,TRUE,TRUE
G,84,1014-598,0.7571381787661091,0,FALSE,FALSE
G,84,1014-680,0,3485.8965352252126,TRUE,TRUE
G,84,1014-715,0,41.376402428373694,TRUE,TRUE
G,84,1014-817,0,4415.403609585017,TRUE,TRUE
G,84,1014-b42,0,993.6622518859804,TRUE,TRUE
G,84,1015-18ce,0,3159.2420914024115,TRUE,TRUE
G,84,1015-18e4,0,908.8985195662826,TRUE,TRUE
G,84,1015-195b,0,811.2965546436608,TRUE,TRUE
G,84,1015-1a3,0,1436.348479386419,TRUE,TRUE
G,84,1015-1ac5,0,2587.954160382971,TRUE,TRUE
G,84,1015-1c7e,0,200.22872063331306,TRUE,TRUE
G,84,1015-22b9,0,396.82717908732593,TRUE,TRUE
G,84,1015-231c,0,501.45287294127047,TRUE,TRUE
G,84,1015-237f,0,618.3062847107649,TRUE,TRUE
G,84,1015-3fe,0,3826.8822759240866,TRUE,TRUE
G,84,1015-861,0,778.176145195961,TRUE,TRUE
G,84,1015-aa1,0,12.766054803971201,TRUE,TRUE
G,84,1015-c46,2.9355665792437047,0,FALSE,FALSE
G,84,1015-edc,0,2910.0485900696367,TRUE,TRUE
G,84,1080-110d,0,4839.415572114289,TRUE,TRUE
G,84,1080-1173,0,2881.977383185178,TRUE,TRUE
G,84,1080-11d9,0,1429.0059347953647,TRUE,TRUE
G,84,1080-123f,0,480.50122693087906,TRUE,TRUE
G,84,1080-130a,0,2043.4058897569776,TRUE,TRUE
G,84,1080-149f,0,2831.795845925808,TRUE,TRUE
G,84,1080-182c,0,4779.062555298209,TRUE,TRUE
G,84,1080-1b54,0,3023.0830755233765,TRUE,TRUE
G,84,1080-2f6,0,4386.035924963653,TRUE,TRUE
G,84,1080-36,0,2218.7701644934714,TRUE,TRUE
G,84,1080-d17,0,65.83087292686105,TRUE,TRUE
G,84,1080-fdd,0,0.024096704117255285,TRUE,TRUE
G,84,1081-1193,0,50.18037489801645,TRUE,TRUE
G,84,1081-171c,3.730396715847567,0,FALSE,FALSE
G,84,1081-1722,0,409.1304059140384,TRUE,TRUE
G,84,1081-17e0,0,701.0047045294195,TRUE,TRUE
G,84,1081-185b,0,54.77701327740215,TRUE,TRUE
G,84,1081-1b22,0,490.9686159417033,TRUE,TRUE
G,84,1081-1d7e,0,649.7471789401025,TRUE,TRUE
G,84,1081-1eaf,8.207858025618338,0,FALSE,FALSE
G,84,1081-1f17,0,833.6085753012449,TRUE,TRUE
G,84,1081-1f7d,0,2594.88978388533,TRUE,TRUE
G,84,1081-499,0,187.71931302640587,TRUE,TRUE
G,84,1081-4b,0,946.2377319708467,TRUE,TRUE
G,84,1081-566,8.141633187481204,0,FALSE,FALSE
G,84,1081-b51,0,54.495143697364256,TRUE,TRUE
G,84,1081-d2d,6.224334660045292,0,FALSE,FALSE
G,84,1081-dfd,0,38.478011025930755,TRUE,TRUE
G,84,1081-e74,0,805.2544593829662,TRUE,TRUE
G,84,1082-1200,0,2069.0458481591195,TRUE,TRUE
G,84,1082-12c1,0,1426.7606654316187,TRUE,TRUE
G,84,1082-12fd,0,336.9627088033594,TRUE,TRUE
G,84,1082-1358,0,370.43565203621984,TRUE,TRUE
G,84,1082-1498,0,132.4042690442875,TRUE,TRUE
G,84,1082-14fd,0,33.22640163358301,TRUE,TRUE
G,84,1082-2219,2.5828680797040815,0,FALSE,FALSE
G,84,1082-2400,0,1739.7884991290048,TRUE,TRUE
G,84,1082-2459,0,1999.9272818462923,TRUE,TRUE
G,84,1082-641,0,1407.8659130623564,TRUE,TRUE
G,84,1082-903,0,3672.4482137709856,TRUE,TRUE
G,84,949-1852,0,1280.1536347530782,TRUE,TRUE
G,84,949-18b5,0,1311.7193454131484,TRUE,TRUE
G,84,949-198c,9.143922198745194,0,FALSE,FALSE
G,84,949-1e1a,4.7151469338333705,0,FALSE,FALSE
G,84,949-227f,0,209.07779594231397,TRUE,TRUE
G,84,949-2338,0,1123.8809094429016,TRUE,TRUE
G,84,949-247e,0,2168.125956285745,TRUE,TRUE
G,85,1014-19f,0,3517.2872758954763,TRUE,TRUE
G,85,1014-590,0,2361.444706890732,TRUE,TRUE
G,85,1014-5f6,9.979977236581592,0,FALSE,FALSE
G,85,1014-5fd,0,1.4745390106691048,TRUE,TRUE
G,85,1014-8e0,0,1376.9584079496562,TRUE,TRUE
G,85,1014-b40,0,2415.3688685819507,TRUE,TRUE
G,85,1014-d9f,0,2006.1644087806344,TRUE,TRUE
G,85,1014-e05,0,995.8255365863442,TRUE,TRUE
G,85,1014-e6c,0,1976.4040393140167,TRUE,TRUE
G,85,1015-1075,0,2878.7075752280653,TRUE,TRUE
G,85,1015-113a,0.1392733211835157,0,TRUE,FALSE
G,85,1015-1158,0,1988.8426266089082,TRUE,TRUE
G,85,1015-168d,0,452.46770491078496,TRUE,TRUE
G,85,1015-173b,0,1968.6755686588585,TRUE,TRUE
G,85,1015-19ab,0,430.6165132354945,TRUE,TRUE
G,85,1015-1ace,0,729.0971315037459,TRUE,TRUE
G,85,1015-1b29,0,4339.0822508195415,TRUE,TRUE
G,85,1015-209,0,1660.904092092067,TRUE,TRUE
G,85,1015-316,0,2985.189229376614,TRUE,TRUE
G,85,1015-504,0,489.26155796833336,TRUE,TRUE
G,85,1015-90,0,1822.7355194985867,TRUE,TRUE
G,85,1015-977,0,4235.693787589669,TRUE,TRUE
G,85,1015-b06,2.8426814590873266,0,FALSE,FALSE
G,85,1015-be1,0,22.750956803560257,TRUE,TRUE
G,85,1015-d2b,0,1239.2803033925593,TRUE,TRUE
G,85,1015-f4c,0,326.830501627177,TRUE,TRUE
G,85,1015-faf,0,3229.3204942680895,TRUE,TRUE
G,85,1016-19c,0,2888.4983522370458,TRUE,TRUE
G,85,1016-2e7,1.4761598082271836,0,FALSE,FALSE
G,85,1016-4c8,0,289.54161412268877,TRUE,TRUE
G,85,1016-521,0,1986.2445147261024,TRUE,TRUE
G,85,1016-525,0,965.028043483384,TRUE,TRUE
G,85,1016-72f,0,3.1992889191024005,TRUE,TRUE
G,85,1016-f4,0,41.73466983623803,TRUE,TRUE
G,85,619-1615,0,2317.0385916754603,TRUE,TRUE
G,85,619-167a,0,628.3127939719707,TRUE,TRUE
G,85,619-16df,0,3.986849135020748,TRUE,TRUE
G,85,619-1a06,3.0196887492453346,0,FALSE,FALSE
G,85,619-1bdd,0,4130.29654353857,TRUE,TRUE
G,85,619-1bfd,0,4101.796841591597,TRUE,TRUE
G,85,619-1cc6,0,2983.6041558608413,TRUE,TRUE
G,85,619-1d8f,0,2042.9933335073292,TRUE,TRUE
G,85,619-1e58,0,1279.964374549687,TRUE,TRUE
G,85,619-1f21,0,694.5172789767385,TRUE,TRUE
G,85,619-1fea,0,286.6520467977971,TRUE,TRUE
G,85,619-20c3,0,4474.635552823544,TRUE,TRUE
G,85,620-24bb,0,3991.0102975964546,TRUE,TRUE
G,85,620-2657,0,3851.348985368386,TRUE,TRUE
G,85,684-155f,0,661.6290513593704,TRUE,TRUE
G,85,684-19af,0,2083.0613086149096,TRUE,TRUE
G,85,684-24a8,0,684.4323663413525,TRUE,TRUE
G,85,684-37b,0,4140.176973551512,TRUE,TRUE
G,85,684-56c,0,147.04371568746865,TRUE,TRUE
G,85,684-75d,0,1840.271103464067,TRUE,TRUE
G,85,684-c04,0,3494.3340126276016,TRUE,TRUE
G,85,686-116b,0,433.5985099654645,TRUE,TRUE
G,85,686-1295,0,648.8427323997021,TRUE,TRUE
G,85,686-13,0,2482.9055703561753,TRUE,TRUE
G,85,686-144,0,3861.446448985487,TRUE,TRUE
G,85,686-1c42,0,176.99230785481632,TRUE,TRUE
G,85,686-1dcd,0,1244.3745215479285,TRUE,TRUE
G,85,686-2147,0,200.16032020933926,TRUE,TRUE
G,85,686-226f,0,182.79580390919,TRUE,TRUE
G,85,686-2334,0,630.3100949525833,TRUE,TRUE
G,85,686-24bf,0,3426.0892417244613,TRUE,TRUE
G,85,686-53f,0,4430.285728938878,TRUE,TRUE
G,85,686-5aa,0,2916.4384081959724,TRUE,TRUE
G,85,686-5b8,0,30.371831487165764,TRUE,TRUE
G,85,686-79,1.899031380609862,0,FALSE,FALSE
G,85,686-b34,0,833.7985643967986,TRUE,TRUE
G,85,686-eb3,0,2920.2468359954655,TRUE,TRUE
G,85,686-f7a,2.3376677914456128,0,FALSE,FALSE
G,85,750-129c,0,363.9208985506557,TRUE,TRUE
G,85,750-18db,0,4281.259363934398,TRUE,TRUE
G,85,750-1b34,0,178.4940685108304,TRUE,TRUE
G,85,750-2223,0,1495.5087111406028,TRUE,TRUE
G,85,750-259c,0,4485.339661184698,TRUE,TRUE
G,85,750-25ff,0,2733.5494112744927,TRUE,TRUE
G,85,750-d3f,0,4177.5123286396265,TRUE,TRUE
G,85,750-ff8,0,211.87006213143468,TRUE,TRUE
G,85,751-1067,1.026954374101263,0,FALSE,FALSE
G,85,751-1382,0,2859.2716303765774,TRUE,TRUE
G,85,751-1891,0,93.60151224397123,TRUE,TRUE
G,85,751-21d4,0,4841.94379395619,TRUE,TRUE
G,85,751-26cf,0.023107896764732586,0,TRUE,FALSE
G,85,751-2bb,0,135.4518077345565,TRUE,TRUE
G,85,752-835,0,3310.891813032329,TRUE,TRUE
G,85,816-153c,0,1789.8524971455336,TRUE,TRUE
G,85,816-1a4c,0,517.4890836309642,TRUE,TRUE
G,85,816-1b76,0,156.5888004656881,TRUE,TRUE
G,85,816-1ca0,0,5.192487200023606,TRUE,TRUE
G,85,816-1f5a,0,72.93729070946574,TRUE,TRUE
G,85,816-228a,0,0.8627809912431985,TRUE,TRUE
G,85,816-b0b,0,4481.816992774606,TRUE,TRUE
G,85,816-bd5,0,435.7980295345187,TRUE,TRUE
G,85,816-e39,7.720728447918762,0,FALSE,FALSE
G,85,817-1013,2.337585972561294,0,FALSE,FALSE
G,85,817-1fbe,0,123.05068339779973,TRUE,TRUE
G,85,817-22,0,1759.4505930580199,TRUE,TRUE
G,85,817-253a,0,25.725454322993755,TRUE,TRUE
G,85,817-9d1,0,1807.6566883847117,TRUE,TRUE
G,85,817-cf1,0,1436.7163953706622,TRUE,TRUE
G,85,817-e82,0,297.1206103488803,TRUE,TRUE
G,85,882-1e38,0,2063.9532643407583,TRUE,TRUE
G,85,882-2181,0,22.117484386544675,TRUE,TRUE
G,85,882-222d,0,290.8915223227814,TRUE,TRUE
G,85,882-a56,0,894.1991719976068,TRUE,TRUE
G,85,883-120c,4.738419720945763,0,FALSE,FALSE
G,85,883-2143,0,704.6942536085844,TRUE,TRUE
G,85,883-239a,3.339334454591408,0,FALSE,FALSE
G,85,948-1039,0,4530.592735938728,TRUE,TRUE
G,85,948-128d,0,33.732874867506325,TRUE,TRUE
G,85,948-1867,0,3041.7513192147017,TRUE,TRUE
G,85,948-2273,0,1086.6639246344566,TRUE,TRUE
G,85,948-2465,0,1033.339543864131,TRUE,TRUE
G,85,948-2658,0,3376.895399823785,TRUE,TRUE
G,85,948-2a0,6.444637739739646,0,FALSE,FALSE
G,85,948-7b0,0,42.2558482773602,TRUE,TRUE
G,85,948-a68,0,343.29494926705956,TRUE,TRUE
G,85,948-af,0,8.195804469054565,TRUE,TRUE
G,85,949-1048,0,2800.9399731606245,TRUE,TRUE
G,85,949-1124,0,2818.6196267735213,TRUE,TRUE
G,85,949-197d,0,240.8231907170266,TRUE,TRUE
G,85,949-19ef,0,109.10280028171837,TRUE,TRUE
G,85,949-1be3,0,3439.397719182074,TRUE,TRUE
G,85,949-1d57,0,4749.366274986416,TRUE,TRUE
G,85,949-1e1c,0,286.81632594484836,TRUE,TRUE
G,85,949-1e7f,0,22.265318914316595,TRUE,TRUE
G,85,949-1ee2,0,1855.4261052459478,TRUE,TRUE
G,85,949-219f,0,1054.6580183971673,TRUE,TRUE
G,85,949-227d,0,2778.252985827625,TRUE,TRUE
G,85,949-d07,0,1514.6282162191346,TRUE,TRUE
G,85,949-e2a,0,83.10045916587114,TRUE,TRUE
G,85,950-119c,0,1897.993271317333,TRUE,TRUE
G,85,950-132c,0,102.60724635981023,TRUE,TRUE
G,85,950-1459,0,4042.4952029287815,TRUE,TRUE
G,85,950-2087,3.9805053534290114,0,FALSE,FALSE
G,85,950-2343,0,110.00402314402163,TRUE,TRUE
G,85,950-2608,0,119.32194849662483,TRUE,TRUE
