id,MLRA_ID,LLR_ID
1674-4-d-9-4,68,G
1675-3-d-7-3,68,G
1675-3-e-6-4,68,G
1674-4-11-a-1,68,G
1674-4-12-9-2,68,G
1674-4-13-9-1,68,G
1675-3-12-7-1,68,G
1675-3-13-6-2,68,G
1673-4-15-2-3,68,G
1674-4-15-1-3,68,G
1674-4-15-5-4,68,G
1674-4-16-5-3,68,G
1674-4-17-4-4,68,G
1674-4-18-4-3,68,G
1675-3-16-2-4,68,G
1675-3-17-2-3,68,G
1675-3-18-1-4,68,G
1675-3-19-1-3,68,G
1739-1-5-2-2,68,G
1739-2-1-2-1,68,G
1740-2-1-1-1,68,G
1740-2-1-5-2,68,G
1740-2-2-5-1,68,G
1740-2-3-4-2,68,G
1740-2-4-4-1,68,G
1740-2-5-3-2,68,G
1741-1-1-3-1,68,G
1741-1-2-2-2,68,G
1741-1-3-2-1,68,G
1741-1-4-1-2,68,G
1741-1-5-1-1,68,G
1739-1-5-16-4,68,G
1739-2-1-16-3,68,G
1739-2-2-15-4,68,G
1739-2-4-19-3,68,G
1739-2-5-18-4,68,G
1740-1-1-18-3,68,G
1740-1-4-16-3,68,G
1740-1-5-15-4,68,G
1740-2-1-15-3,68,G
1740-2-1-19-4,68,G
1740-2-2-19-3,68,G
1740-2-3-18-4,68,G
1740-2-4-18-3,68,G
1740-2-5-17-4,68,G
1741-1-1-17-3,68,G
1741-1-2-16-4,68,G
1741-1-3-16-3,68,G
1741-1-4-15-4,68,G
1741-1-5-15-3,68,G
1739-1-a-16-2,68,G
1739-2-6-16-1,68,G
1739-2-7-15-2,68,G
1739-2-8-15-1,68,G
1739-2-8-19-2,68,G
1739-2-9-19-1,68,G
1739-2-a-18-2,68,G
1740-1-6-18-1,68,G
1740-1-7-17-1,68,G
1740-1-8-16-2,68,G
1740-1-9-16-1,68,G
1740-1-a-15-2,68,G
1740-2-6-15-1,68,G
1740-2-6-19-2,68,G
1740-2-7-19-1,68,G
1740-2-8-18-2,68,G
1740-2-9-18-1,68,G
1740-2-a-17-2,68,G
1741-1-6-17-1,68,G
1741-1-7-16-2,68,G
1741-1-8-16-1,68,G
1741-1-9-15-2,68,G
1741-1-a-15-1,68,G
1739-2-b-11-3,68,G
1739-2-c-10-4,68,G
1739-2-d-10-3,68,G
1739-2-d-14-4,68,G
1739-2-e-14-3,68,G
1739-2-f-13-4,68,G
1740-1-b-13-3,68,G
1740-1-c-12-3,68,G
1740-1-d-11-4,68,G
1740-1-e-11-3,68,G
1740-1-f-10-4,68,G
1740-2-b-10-3,68,G
1740-2-b-14-4,68,G
1740-2-c-14-3,68,G
1740-2-d-13-4,68,G
1740-2-e-13-3,68,G
1740-2-f-12-4,68,G
1741-1-b-12-3,68,G
1741-1-c-11-4,68,G
1741-1-d-11-3,68,G
1741-1-e-10-4,68,G
1741-1-f-10-3,68,G
1739-1-13-12-1,68,G
1739-1-14-11-2,68,G
1739-2-10-11-1,68,G
1739-2-11-10-2,68,G
1739-2-12-10-1,68,G
1739-2-12-14-2,68,G
1739-2-13-14-1,68,G
1739-2-14-13-2,68,G
1740-1-10-13-1,68,G
1740-1-11-12-1,68,G
1740-1-12-11-2,68,G
1740-1-13-11-1,68,G
1740-1-14-10-2,68,G
1740-2-10-10-1,68,G
1740-2-10-14-2,68,G
1740-2-11-14-1,68,G
1740-2-12-13-2,68,G
1740-2-13-13-1,68,G
1740-2-14-12-2,68,G
1741-1-10-12-1,68,G
1741-1-11-11-2,68,G
1741-1-12-11-1,68,G
1741-1-13-10-2,68,G
1741-1-14-10-1,68,G
1739-1-15-e-4,68,G
1739-1-16-e-3,68,G
1739-1-17-d-4,68,G
1739-1-18-d-3,68,G
1739-1-19-c-4,68,G
1739-2-15-c-3,68,G
1739-2-16-b-4,68,G
1739-2-17-b-3,68,G
1739-2-17-f-4,68,G
1739-2-18-f-3,68,G
1739-2-19-e-4,68,G
1740-1-15-e-3,68,G
1740-1-16-d-3,68,G
1740-1-17-c-4,68,G
1740-1-18-c-3,68,G
1740-1-19-b-4,68,G
1740-2-15-b-3,68,G
1740-2-15-f-4,68,G
1740-2-16-f-3,68,G
1740-2-17-e-4,68,G
1740-2-18-e-3,68,G
1740-2-19-d-4,68,G
1741-1-15-d-3,68,G
1741-1-16-c-4,68,G
1741-1-17-c-3,68,G
1741-1-18-b-4,68,G
1741-1-19-b-3,68,G
1741-1-19-f-3,68,G
1741-2-15-e-4,68,G
1738-3-4-e-1,68,G
1738-4-2-c-2,68,G
1738-4-3-c-1,68,G
1738-4-4-b-2,68,G
1738-4-4-f-2,68,G
1738-4-5-f-1,68,G
1739-3-1-e-2,68,G
1739-3-2-e-1,68,G
1739-3-3-d-2,68,G
1739-3-4-d-1,68,G
1739-3-5-c-2,68,G
1739-4-1-c-1,68,G
1739-4-2-b-2,68,G
1739-4-3-b-1,68,G
1739-4-3-f-2,68,G
1739-4-4-f-1,68,G
1739-4-5-e-2,68,G
1740-3-1-e-1,68,G
1740-3-2-d-1,68,G
1740-3-3-c-2,68,G
1740-3-4-c-1,68,G
1740-3-5-b-2,68,G
1740-4-1-b-1,68,G
1740-4-1-f-2,68,G
1740-4-2-f-1,68,G
1740-4-3-e-2,68,G
1740-4-4-e-1,68,G
1740-4-5-d-2,68,G
1741-3-1-d-1,68,G
1741-3-2-c-2,68,G
1741-3-3-c-1,68,G
1741-3-4-b-2,68,G
1741-3-5-b-1,68,G
1741-3-5-f-1,68,G
1741-4-1-e-2,68,G
1741-4-2-e-1,68,G
1741-4-3-d-2,68,G
1738-3-9-9-3,68,G
1738-4-6-8-3,68,G
1738-4-7-7-4,68,G
1738-4-8-7-3,68,G
1738-4-9-6-4,68,G
1738-4-9-a-4,68,G
1738-4-a-a-3,68,G
1739-3-6-9-4,68,G
1739-3-7-9-3,68,G
1739-3-8-8-4,68,G
1739-3-9-8-3,68,G
1739-3-a-7-4,68,G
1739-4-6-7-3,68,G
1739-4-7-6-4,68,G
1739-4-8-6-3,68,G
1739-4-8-a-4,68,G
1739-4-9-a-3,68,G
1739-4-a-9-4,68,G
1740-3-6-9-3,68,G
1740-3-7-8-3,68,G
1740-3-8-7-4,68,G
1740-3-9-7-3,68,G
1740-3-a-6-4,68,G
1740-4-6-6-3,68,G
1740-4-6-a-4,68,G
1740-4-7-a-3,68,G
1740-4-8-9-4,68,G
1740-4-9-9-3,68,G
1740-4-a-8-4,68,G
1741-3-6-8-3,68,G
1741-3-7-7-4,68,G
1741-3-8-7-3,68,G
1741-3-9-6-4,68,G
1741-3-a-6-3,68,G
1741-3-a-a-3,68,G
1741-4-6-9-4,68,G
1741-4-7-9-3,68,G
1741-4-8-8-4,68,G
1741-4-9-8-3,68,G
1741-4-a-7-4,68,G
1742-3-6-7-3,68,G
1738-3-e-9-1,68,G
1738-3-f-8-2,68,G
1738-4-b-8-1,68,G
1738-4-c-7-2,68,G
1738-4-d-7-1,68,G
1738-4-e-6-2,68,G
1738-4-e-a-2,68,G
1738-4-f-a-1,68,G
1739-3-b-9-2,68,G
1739-3-c-9-1,68,G
1739-3-d-8-2,68,G
1739-3-e-8-1,68,G
1739-3-f-7-2,68,G
1739-4-b-7-1,68,G
1739-4-c-6-2,68,G
1739-4-d-6-1,68,G
1739-4-d-a-2,68,G
1739-4-e-a-1,68,G
1739-4-f-9-2,68,G
1740-3-b-9-1,68,G
1740-3-c-8-1,68,G
1740-3-d-7-2,68,G
1740-3-e-7-1,68,G
1740-3-f-6-2,68,G
1740-4-b-6-1,68,G
1740-4-b-a-2,68,G
1740-4-c-a-1,68,G
1740-4-d-9-2,68,G
1740-4-e-9-1,68,G
1740-4-f-8-2,68,G
1741-3-b-8-1,68,G
1741-3-c-7-2,68,G
1741-3-d-7-1,68,G
1741-3-e-6-2,68,G
1741-3-f-6-1,68,G
1741-3-f-a-1,68,G
1741-4-b-9-2,68,G
1741-4-c-9-1,68,G
1741-4-d-8-2,68,G
1741-4-e-8-1,68,G
1741-4-f-7-2,68,G
1742-3-b-7-1,68,G
1742-3-c-6-2,68,G
1738-3-11-5-1,68,G
1738-3-12-4-2,68,G
1738-3-13-4-1,68,G
1738-3-14-3-2,68,G
1738-4-10-3-1,68,G
1738-4-11-2-2,68,G
1738-4-12-2-1,68,G
1738-4-13-1-2,68,G
1738-4-13-5-2,68,G
1738-4-14-5-1,68,G
1739-3-10-4-2,68,G
1739-3-11-4-1,68,G
1739-3-12-3-2,68,G
1739-3-13-3-1,68,G
1739-3-14-2-2,68,G
1739-4-10-2-1,68,G
1739-4-11-1-2,68,G
1739-4-12-1-1,68,G
1739-4-12-5-2,68,G
1739-4-13-5-1,68,G
1739-4-14-4-2,68,G
1740-3-10-4-1,68,G
1740-3-11-3-1,68,G
1740-3-12-2-2,68,G
1740-3-13-2-1,68,G
1740-3-14-1-2,68,G
1740-4-10-1-1,68,G
1740-4-10-5-2,68,G
1740-4-11-5-1,68,G
1740-4-12-4-2,68,G
1740-4-13-4-1,68,G
1740-4-14-3-2,68,G
1741-3-10-3-1,68,G
1741-3-11-2-2,68,G
1741-3-12-2-1,68,G
1741-3-13-1-2,68,G
1741-3-14-1-1,68,G
1741-3-14-5-1,68,G
1741-4-10-4-2,68,G
1741-4-11-4-1,68,G
1741-4-12-3-2,68,G
1741-4-13-3-1,68,G
1741-4-14-2-2,68,G
1742-3-10-2-1,68,G
1738-3-10-19-4,68,G
1738-3-11-19-3,68,G
1738-3-12-18-4,68,G
1738-3-13-18-3,68,G
1738-3-14-17-4,68,G
1738-4-10-17-3,68,G
1738-4-11-16-4,68,G
1738-4-12-16-3,68,G
1738-4-13-15-4,68,G
1738-4-13-19-4,68,G
1738-4-14-19-3,68,G
1739-3-10-18-4,68,G
1739-3-11-18-3,68,G
1739-3-12-17-4,68,G
1739-3-13-17-3,68,G
1739-3-14-16-4,68,G
1739-4-10-16-3,68,G
1739-4-11-15-4,68,G
1739-4-12-15-3,68,G
1739-4-12-19-4,68,G
1739-4-13-19-3,68,G
1739-4-14-18-4,68,G
1740-3-10-18-3,68,G
1740-3-11-17-3,68,G
1740-3-12-16-4,68,G
1740-3-13-16-3,68,G
1740-3-14-15-4,68,G
1740-4-10-15-3,68,G
1740-4-10-19-4,68,G
1740-4-11-19-3,68,G
1740-4-12-18-4,68,G
1740-4-13-18-3,68,G
1740-4-14-17-4,68,G
1741-3-10-17-3,68,G
1741-3-11-16-4,68,G
1741-3-12-16-3,68,G
1741-3-13-15-4,68,G
1741-3-14-15-3,68,G
1741-3-14-19-3,68,G
1741-4-10-18-4,68,G
1741-4-11-18-3,68,G
1741-4-12-17-4,68,G
1741-4-13-17-3,68,G
1741-4-14-16-4,68,G
1742-3-10-16-3,68,G
1742-3-12-15-3,68,G
1737-4-18-16-1,68,G
1737-4-19-15-2,68,G
1738-3-15-15-1,68,G
1738-3-15-19-2,68,G
1738-3-16-19-1,68,G
1738-3-17-18-2,68,G
1738-3-18-18-1,68,G
1738-3-19-17-2,68,G
1738-4-15-17-1,68,G
1738-4-16-16-2,68,G
1738-4-17-16-1,68,G
1738-4-18-15-2,68,G
1738-4-18-19-2,68,G
1738-4-19-19-1,68,G
1739-3-15-18-2,68,G
1739-3-16-18-1,68,G
1739-3-17-17-2,68,G
1739-3-18-17-1,68,G
1739-3-19-16-2,68,G
1739-4-15-16-1,68,G
1739-4-16-15-2,68,G
1739-4-17-15-1,68,G
1739-4-17-19-2,68,G
1739-4-18-19-1,68,G
1739-4-19-18-2,68,G
1740-3-15-18-1,68,G
1740-3-16-17-1,68,G
1740-3-17-16-2,68,G
1740-3-18-16-1,68,G
1740-3-19-15-2,68,G
1740-4-15-15-1,68,G
1740-4-15-19-2,68,G
1740-4-16-19-1,68,G
1740-4-17-18-2,68,G
1740-4-18-18-1,68,G
1740-4-19-17-2,68,G
1741-3-15-17-1,68,G
1741-3-16-16-2,68,G
1741-3-17-16-1,68,G
1741-3-18-15-2,68,G
1741-3-19-15-1,68,G
1741-3-19-19-1,68,G
1741-4-15-18-2,68,G
1741-4-16-18-1,68,G
1741-4-17-17-2,68,G
1741-4-18-17-1,68,G
1741-4-19-16-2,68,G
1742-3-15-16-1,68,G
1742-3-16-15-2,68,G
1742-3-17-15-1,68,G
1803-2-3-11-4,68,G
1803-2-4-11-3,68,G
1803-2-5-10-4,68,G
1804-1-1-10-3,68,G
1804-1-1-14-4,68,G
1804-1-2-14-3,68,G
1804-1-3-13-4,68,G
1804-1-4-13-3,68,G
1804-1-5-12-4,68,G
1804-2-1-12-3,68,G
1804-2-2-11-4,68,G
1804-2-3-11-3,68,G
1804-2-4-10-4,68,G
1804-2-4-14-4,68,G
1804-2-5-14-3,68,G
1805-1-1-13-4,68,G
1805-1-2-13-3,68,G
1805-1-3-12-4,68,G
1805-1-4-12-3,68,G
1805-1-5-11-4,68,G
1805-2-1-11-3,68,G
1805-2-2-10-4,68,G
1805-2-3-10-3,68,G
1805-2-3-14-4,68,G
1805-2-4-14-3,68,G
1805-2-5-13-4,68,G
1806-1-1-13-3,68,G
1806-1-2-12-3,68,G
1806-1-3-11-4,68,G
1806-1-4-11-3,68,G
1806-1-5-10-4,68,G
1806-2-1-10-3,68,G
1806-2-1-14-4,68,G
1806-2-2-14-3,68,G
1806-2-3-13-4,68,G
1806-2-4-13-3,68,G
1806-2-5-12-4,68,G
1807-1-1-12-3,68,G
1807-1-2-11-4,68,G
1807-1-3-11-3,68,G
1807-1-4-10-4,68,G
1807-1-5-10-3,68,G
1807-1-5-14-3,68,G
1807-2-1-13-4,68,G
1807-2-2-13-3,68,G
1807-2-3-12-4,68,G
1807-2-4-12-3,68,G
1807-2-5-11-4,68,G
1808-1-1-11-3,68,G
1808-1-2-10-4,68,G
1803-2-7-12-1,68,G
1803-2-8-11-2,68,G
1803-2-9-11-1,68,G
1803-2-a-10-2,68,G
1804-1-6-10-1,68,G
1804-1-6-14-2,68,G
1804-1-7-14-1,68,G
1804-1-8-13-2,68,G
1804-1-9-13-1,68,G
1804-1-a-12-2,68,G
1804-2-6-12-1,68,G
1804-2-7-11-2,68,G
1804-2-8-11-1,68,G
1804-2-9-10-2,68,G
1804-2-9-14-2,68,G
1804-2-a-14-1,68,G
1805-1-6-13-2,68,G
1805-1-7-13-1,68,G
1805-1-8-12-2,68,G
1805-1-9-12-1,68,G
1805-1-a-11-2,68,G
1805-2-6-11-1,68,G
1805-2-7-10-2,68,G
1805-2-8-10-1,68,G
1805-2-8-14-2,68,G
1805-2-9-14-1,68,G
1805-2-a-13-2,68,G
1806-1-6-13-1,68,G
1806-1-7-12-1,68,G
1806-1-8-11-2,68,G
1806-1-9-11-1,68,G
1806-1-a-10-2,68,G
1806-2-6-10-1,68,G
1806-2-6-14-2,68,G
1806-2-7-14-1,68,G
1806-2-8-13-2,68,G
1806-2-9-13-1,68,G
1806-2-a-12-2,68,G
1807-1-6-12-1,68,G
1807-1-7-11-2,68,G
1807-1-8-11-1,68,G
1807-1-9-10-2,68,G
1807-1-a-10-1,68,G
1807-1-a-14-1,68,G
1807-2-6-13-2,68,G
1807-2-7-13-1,68,G
1807-2-8-12-2,68,G
1807-2-9-12-1,68,G
1807-2-a-11-2,68,G
1808-1-6-11-1,68,G
1808-1-7-10-2,68,G
1803-2-c-d-3,68,G
1803-2-d-c-4,68,G
1803-2-e-c-3,68,G
1803-2-f-b-4,68,G
1804-1-b-b-3,68,G
1804-1-b-f-4,68,G
1804-1-c-f-3,68,G
1804-1-d-e-4,68,G
1804-1-e-e-3,68,G
1804-1-f-d-4,68,G
1804-2-b-d-3,68,G
1804-2-c-c-4,68,G
1804-2-d-c-3,68,G
1804-2-e-b-4,68,G
1804-2-e-f-4,68,G
1804-2-f-f-3,68,G
1805-1-b-e-4,68,G
1805-1-c-e-3,68,G
1805-1-d-d-4,68,G
1805-1-e-d-3,68,G
1805-1-f-c-4,68,G
1805-2-b-c-3,68,G
1805-2-c-b-4,68,G
1805-2-d-b-3,68,G
1805-2-d-f-4,68,G
1805-2-e-f-3,68,G
1805-2-f-e-4,68,G
1806-1-b-e-3,68,G
1806-1-c-d-3,68,G
1806-1-d-c-4,68,G
1806-1-e-c-3,68,G
1806-1-f-b-4,68,G
1806-2-b-b-3,68,G
1806-2-b-f-4,68,G
1806-2-c-f-3,68,G
1806-2-d-e-4,68,G
1806-2-e-e-3,68,G
1806-2-f-d-4,68,G
1807-1-b-d-3,68,G
1807-1-c-c-4,68,G
1807-1-d-c-3,68,G
1807-1-e-b-4,68,G
1807-1-f-b-3,68,G
1807-1-f-f-3,68,G
1807-2-b-e-4,68,G
1807-2-c-e-3,68,G
1807-2-d-d-4,68,G
1807-2-e-d-3,68,G
1807-2-f-c-4,68,G
1808-1-b-c-3,68,G
1803-2-12-c-2,68,G
1803-2-13-c-1,68,G
1803-2-14-b-2,68,G
1804-1-10-b-1,68,G
1804-1-10-f-2,68,G
1804-1-11-f-1,68,G
1804-1-12-e-2,68,G
1804-1-13-e-1,68,G
1804-1-14-d-2,68,G
1804-2-10-d-1,68,G
1804-2-11-c-2,68,G
1804-2-12-c-1,68,G
1804-2-13-b-2,68,G
1804-2-13-f-2,68,G
1804-2-14-f-1,68,G
1805-1-10-e-2,68,G
1805-1-11-e-1,68,G
1805-1-12-d-2,68,G
1805-1-13-d-1,68,G
1805-1-14-c-2,68,G
1805-2-10-c-1,68,G
1805-2-11-b-2,68,G
1805-2-12-b-1,68,G
1805-2-12-f-2,68,G
1805-2-13-f-1,68,G
1805-2-14-e-2,68,G
1806-1-10-e-1,68,G
1806-1-11-d-1,68,G
1806-1-12-c-2,68,G
1806-1-13-c-1,68,G
1806-1-14-b-2,68,G
1806-2-10-b-1,68,G
1806-2-10-f-2,68,G
1806-2-11-f-1,68,G
1806-2-12-e-2,68,G
1806-2-13-e-1,68,G
1806-2-14-d-2,68,G
1807-1-10-d-1,68,G
1807-1-11-c-2,68,G
1807-1-12-c-1,68,G
1807-1-13-b-2,68,G
1807-1-14-b-1,68,G
1807-1-14-f-1,68,G
1807-2-10-e-2,68,G
1807-2-11-e-1,68,G
1807-2-12-d-2,68,G
1807-2-13-d-1,68,G
1807-2-14-c-2,68,G
1808-1-10-c-1,68,G
1803-2-17-7-4,68,G
1803-2-18-7-3,68,G
1803-2-19-6-4,68,G
1804-1-15-6-3,68,G
1804-1-15-a-4,68,G
1804-1-16-a-3,68,G
1804-1-17-9-4,68,G
1804-1-18-9-3,68,G
1804-1-19-8-4,68,G
1804-2-15-8-3,68,G
1804-2-16-7-4,68,G
1804-2-17-7-3,68,G
1804-2-18-6-4,68,G
1804-2-18-a-4,68,G
1804-2-19-a-3,68,G
1805-1-15-9-4,68,G
1805-1-16-9-3,68,G
1805-1-17-8-4,68,G
1805-1-18-8-3,68,G
1805-1-19-7-4,68,G
1805-2-15-7-3,68,G
1805-2-16-6-4,68,G
1805-2-17-6-3,68,G
1805-2-17-a-4,68,G
1805-2-18-a-3,68,G
1806-1-18-7-3,68,G
1806-1-19-6-4,68,G
1806-2-15-6-3,68,G
1806-2-15-a-4,68,G
1806-2-16-a-3,68,G
1806-2-17-9-4,68,G
1806-2-18-9-3,68,G
1806-2-19-8-4,68,G
1807-1-15-8-3,68,G
1807-1-16-7-4,68,G
1807-1-17-7-3,68,G
1807-1-18-6-4,68,G
1807-1-19-6-3,68,G
1807-1-19-a-3,68,G
1807-2-15-9-4,68,G
1807-2-16-9-3,68,G
1807-2-17-8-4,68,G
1807-2-18-8-3,68,G
1807-2-19-7-4,68,G
1808-1-15-7-3,68,G
1803-4-2-8-1,68,G
1803-4-3-7-2,68,G
1803-4-4-7-1,68,G
1803-4-5-6-2,68,G
1804-3-1-6-1,68,G
1804-3-1-a-2,68,G
1804-3-2-a-1,68,G
1804-3-3-9-2,68,G
1804-3-4-9-1,68,G
1804-3-5-8-2,68,G
1804-4-1-8-1,68,G
1804-4-2-7-2,68,G
1804-4-3-7-1,68,G
1804-4-4-6-2,68,G
1804-4-4-a-2,68,G
1804-4-5-a-1,68,G
1805-3-1-9-2,68,G
1805-3-2-9-1,68,G
1805-3-3-8-2,68,G
1805-3-4-8-1,68,G
1805-3-5-7-2,68,G
1805-4-1-7-1,68,G
1805-4-2-6-2,68,G
1805-4-3-6-1,68,G
1805-4-3-a-2,68,G
1805-4-4-a-1,68,G
1806-3-4-7-1,68,G
1806-3-5-6-2,68,G
1806-4-1-6-1,68,G
1806-4-1-a-2,68,G
1806-4-2-a-1,68,G
1806-4-3-9-2,68,G
1806-4-4-9-1,68,G
1806-4-5-8-2,68,G
1807-3-1-8-1,68,G
1807-3-2-7-2,68,G
1807-3-3-7-1,68,G
1807-3-4-6-2,68,G
1807-3-5-6-1,68,G
1807-3-5-a-1,68,G
1807-4-1-9-2,68,G
1807-4-2-9-1,68,G
1807-4-3-8-2,68,G
1807-4-4-8-1,68,G
1807-4-5-7-2,68,G
1803-4-7-3-3,68,G
1803-4-8-2-4,68,G
1803-4-9-2-3,68,G
1803-4-a-1-4,68,G
1804-3-6-1-3,68,G
1804-3-6-5-4,68,G
1804-3-7-5-3,68,G
1804-3-8-4-4,68,G
1804-3-9-4-3,68,G
1804-3-a-3-4,68,G
1804-4-6-3-3,68,G
1804-4-7-2-4,68,G
1804-4-8-2-3,68,G
1804-4-9-1-4,68,G
1804-4-9-5-4,68,G
1804-4-a-5-3,68,G
1805-3-6-4-4,68,G
1805-3-7-4-3,68,G
1805-3-8-3-4,68,G
1805-3-9-3-3,68,G
1805-3-a-2-4,68,G
1805-4-6-2-3,68,G
1805-4-8-1-3,68,G
1806-3-9-2-3,68,G
1806-3-a-1-4,68,G
1806-4-6-1-3,68,G
1806-4-6-5-4,68,G
1806-4-7-5-3,68,G
1806-4-8-4-4,68,G
1806-4-9-4-3,68,G
1806-4-a-3-4,68,G
1807-3-6-3-3,68,G
1807-3-7-2-4,68,G
1807-3-8-2-3,68,G
1807-3-9-1-4,68,G
1807-3-a-1-3,68,G
1807-3-a-5-3,68,G
1807-4-6-4-4,68,G
1807-4-7-4-3,68,G
1807-4-8-3-4,68,G
1807-4-9-3-3,68,G
1807-4-a-2-4,68,G
1808-3-6-2-3,68,G
1803-4-c-3-1,68,G
1803-4-d-2-2,68,G
1803-4-e-2-1,68,G
1803-4-f-1-2,68,G
1804-3-b-1-1,68,G
1804-3-b-5-2,68,G
1804-3-c-5-1,68,G
1804-3-d-4-2,68,G
1804-3-e-4-1,68,G
1804-3-f-3-2,68,G
1804-4-b-3-1,68,G
1804-4-c-2-2,68,G
1804-4-d-2-1,68,G
1804-4-e-1-2,68,G
1804-4-e-5-2,68,G
1804-4-f-5-1,68,G
1805-3-b-4-2,68,G
1805-3-c-4-1,68,G
1805-3-d-3-2,68,G
1805-3-e-3-1,68,G
1805-3-f-2-2,68,G
1805-4-b-2-1,68,G
1806-3-e-2-1,68,G
1806-3-f-1-2,68,G
1806-4-b-1-1,68,G
1806-4-b-5-2,68,G
1806-4-c-5-1,68,G
1806-4-d-4-2,68,G
1806-4-e-4-1,68,G
1806-4-f-3-2,68,G
1807-3-b-3-1,68,G
1807-3-c-2-2,68,G
1807-3-d-2-1,68,G
1807-3-e-1-2,68,G
1807-3-f-1-1,68,G
1807-3-f-5-1,68,G
1807-4-b-4-2,68,G
1807-4-c-4-1,68,G
1807-4-d-3-2,68,G
1807-4-e-3-1,68,G
1807-4-f-2-2,68,G
1808-3-b-2-1,68,G
1803-4-d-16-4,68,G
1804-3-b-19-4,68,G
1804-3-c-19-3,68,G
1804-3-d-18-4,68,G
1804-3-f-17-4,68,G
1804-4-b-17-3,68,G
1804-4-c-16-4,68,G
1804-4-d-16-3,68,G
1804-4-e-15-4,68,G
1804-4-e-19-4,68,G
1804-4-f-19-3,68,G
1805-3-b-18-4,68,G
1805-3-c-18-3,68,G
1805-3-d-17-4,68,G
1805-3-e-17-3,68,G
1806-3-e-16-3,68,G
1806-3-f-15-4,68,G
1806-4-b-15-3,68,G
1806-4-b-19-4,68,G
1806-4-c-19-3,68,G
1806-4-d-18-4,68,G
1806-4-e-18-3,68,G
1806-4-f-17-4,68,G
1807-3-b-17-3,68,G
1807-3-c-16-4,68,G
1807-3-d-16-3,68,G
1807-3-e-15-4,68,G
1807-3-f-15-3,68,G
1807-3-f-19-3,68,G
1807-4-b-18-4,68,G
1807-4-c-18-3,68,G
1807-4-d-17-4,68,G
1807-4-e-17-3,68,G
1807-4-f-16-4,68,G
1808-3-b-16-3,68,G
1804-4-10-17-1,68,G
1804-4-11-16-2,68,G
1804-4-12-16-1,68,G
1804-4-13-15-2,68,G
1804-4-13-19-2,68,G
1804-4-14-19-1,68,G
1805-3-10-18-2,68,G
1805-3-11-18-1,68,G
1805-3-12-17-2,68,G
1805-3-13-17-1,68,G
1806-3-12-16-2,68,G
1806-3-13-16-1,68,G
1806-3-14-15-2,68,G
1806-4-10-15-1,68,G
1806-4-10-19-2,68,G
1806-4-11-19-1,68,G
1806-4-12-18-2,68,G
1806-4-13-18-1,68,G
1806-4-14-17-2,68,G
1807-3-10-17-1,68,G
1807-3-11-16-2,68,G
1807-3-12-16-1,68,G
1807-3-13-15-2,68,G
1807-3-14-15-1,68,G
1807-3-14-19-1,68,G
1807-4-10-18-2,68,G
1807-4-11-18-1,68,G
1807-4-12-17-2,68,G
1807-4-13-17-1,68,G
1807-4-14-16-2,68,G
1808-3-10-16-1,68,G
1804-4-15-12-3,68,G
1804-4-16-11-4,68,G
1804-4-17-11-3,68,G
1804-4-18-10-4,68,G
1804-4-18-14-4,68,G
1804-4-19-14-3,68,G
1805-3-15-13-4,68,G
1805-3-16-13-3,68,G
1805-3-17-12-4,68,G
1805-3-18-12-3,68,G
1806-3-17-11-4,68,G
1806-3-18-11-3,68,G
1806-3-19-10-4,68,G
1806-4-15-10-3,68,G
1806-4-15-14-4,68,G
1806-4-16-14-3,68,G
1806-4-17-13-4,68,G
1806-4-18-13-3,68,G
1806-4-19-12-4,68,G
1807-3-15-12-3,68,G
1807-3-16-11-4,68,G
1807-3-17-11-3,68,G
1807-3-18-10-4,68,G
1807-3-19-10-3,68,G
1807-3-19-14-3,68,G
1807-4-15-13-4,68,G
1807-4-16-13-3,68,G
1807-4-17-12-4,68,G
1807-4-18-12-3,68,G
1807-4-19-11-4,68,G
1808-3-15-11-3,68,G
1870-2-3-c-3,68,G
1870-2-4-b-4,68,G
1870-2-4-f-4,68,G
1870-2-5-f-3,68,G
1871-1-1-e-4,68,G
1871-1-2-e-3,68,G
1871-1-3-d-4,68,G
1871-1-4-d-3,68,G
1871-2-5-e-4,68,G
1872-1-1-e-3,68,G
1872-1-2-d-3,68,G
1872-1-3-c-4,68,G
1872-1-4-c-3,68,G
1872-1-5-b-4,68,G
1872-2-1-b-3,68,G
1872-2-1-f-4,68,G
1872-2-2-f-3,68,G
1872-2-3-e-4,68,G
1872-2-4-e-3,68,G
1872-2-5-d-4,68,G
1873-1-1-d-3,68,G
1873-1-2-c-4,68,G
1873-1-3-c-3,68,G
1873-1-4-b-4,68,G
1873-1-5-b-3,68,G
1873-1-5-f-3,68,G
1873-2-1-e-4,68,G
1873-2-2-e-3,68,G
1873-2-3-d-4,68,G
1873-2-4-d-3,68,G
1873-2-5-c-4,68,G
1874-1-1-c-3,68,G
1870-2-9-b-2,68,G
1870-2-9-f-2,68,G
1870-2-a-f-1,68,G
1871-1-6-e-2,68,G
1871-1-7-e-1,68,G
1871-1-8-d-2,68,G
1871-1-9-d-1,68,G
1871-1-a-c-2,68,G
1871-2-6-c-1,68,G
1871-2-7-b-2,68,G
1871-2-8-b-1,68,G
1871-2-8-f-2,68,G
1871-2-9-f-1,68,G
1871-2-a-e-2,68,G
1872-1-6-e-1,68,G
1872-1-7-d-1,68,G
1872-1-8-c-2,68,G
1872-1-9-c-1,68,G
1872-1-a-b-2,68,G
1872-2-6-b-1,68,G
1872-2-6-f-2,68,G
1872-2-7-f-1,68,G
1872-2-8-e-2,68,G
1872-2-9-e-1,68,G
1872-2-a-d-2,68,G
1873-1-6-d-1,68,G
1873-1-7-c-2,68,G
1873-1-8-c-1,68,G
1873-1-9-b-2,68,G
1873-1-a-b-1,68,G
1873-1-a-f-1,68,G
1873-2-6-e-2,68,G
1873-2-7-e-1,68,G
1873-2-8-d-2,68,G
1873-2-9-d-1,68,G
1873-2-a-c-2,68,G
1874-1-6-c-1,68,G
1870-2-e-6-4,68,G
1870-2-e-a-4,68,G
1870-2-f-a-3,68,G
1871-1-b-9-4,68,G
1871-1-c-9-3,68,G
1871-1-d-8-4,68,G
1871-1-e-8-3,68,G
1871-1-f-7-4,68,G
1871-2-b-7-3,68,G
1871-2-c-6-4,68,G
1871-2-d-6-3,68,G
1871-2-d-a-4,68,G
1871-2-e-a-3,68,G
1871-2-f-9-4,68,G
1872-1-b-9-3,68,G
1872-1-c-8-3,68,G
1872-1-d-7-4,68,G
1872-1-e-7-3,68,G
1872-1-f-6-4,68,G
1872-2-b-6-3,68,G
1872-2-b-a-4,68,G
1872-2-c-a-3,68,G
1872-2-d-9-4,68,G
1872-2-e-9-3,68,G
1872-2-f-8-4,68,G
1873-1-b-8-3,68,G
1873-1-c-7-4,68,G
1873-1-d-7-3,68,G
1873-1-e-6-4,68,G
1873-1-f-6-3,68,G
1873-1-f-a-3,68,G
1873-2-b-9-4,68,G
1873-2-c-9-3,68,G
1873-2-d-8-4,68,G
1873-2-e-8-3,68,G
1873-2-f-7-4,68,G
1874-1-b-7-3,68,G
1870-2-12-7-1,68,G
1870-2-13-6-2,68,G
1870-2-13-a-2,68,G
1870-2-14-a-1,68,G
1871-1-10-9-2,68,G
1871-1-11-9-1,68,G
1871-1-12-8-2,68,G
1871-1-13-8-1,68,G
1871-1-14-7-2,68,G
1871-2-10-7-1,68,G
1871-2-11-6-2,68,G
1871-2-12-6-1,68,G
1871-2-12-a-2,68,G
1871-2-13-a-1,68,G
1871-2-14-9-2,68,G
1872-1-10-9-1,68,G
1872-1-11-8-1,68,G
1872-1-12-7-2,68,G
1872-1-13-7-1,68,G
1872-1-14-6-2,68,G
1872-2-10-6-1,68,G
1872-2-10-a-2,68,G
1872-2-11-a-1,68,G
1872-2-12-9-2,68,G
1872-2-13-9-1,68,G
1872-2-14-8-2,68,G
1873-1-10-8-1,68,G
1873-1-11-7-2,68,G
1873-1-12-7-1,68,G
1873-1-13-6-2,68,G
1873-1-14-6-1,68,G
1873-1-14-a-1,68,G
1873-2-10-9-2,68,G
1873-2-11-9-1,68,G
1873-2-12-8-2,68,G
1873-2-13-8-1,68,G
1873-2-14-7-2,68,G
1874-1-10-7-1,68,G
1874-1-11-6-2,68,G
1870-2-15-3-3,68,G
1870-2-16-2-4,68,G
1870-2-17-2-3,68,G
1870-2-18-1-4,68,G
1870-2-18-5-4,68,G
1870-2-19-5-3,68,G
1871-1-15-4-4,68,G
1871-1-16-4-3,68,G
1871-1-17-3-4,68,G
1871-1-18-3-3,68,G
1871-1-19-2-4,68,G
1871-2-15-2-3,68,G
1871-2-16-1-4,68,G
1871-2-17-1-3,68,G
1871-2-17-5-4,68,G
1871-2-18-5-3,68,G
1871-2-19-4-4,68,G
1872-1-15-4-3,68,G
1872-1-16-3-3,68,G
1872-1-17-2-4,68,G
1872-1-18-2-3,68,G
1872-1-19-1-4,68,G
1872-2-15-1-3,68,G
1872-2-15-5-4,68,G
1872-2-16-5-3,68,G
1872-2-17-4-4,68,G
1872-2-18-4-3,68,G
1872-2-19-3-4,68,G
1873-1-15-3-3,68,G
1873-1-16-2-4,68,G
1873-1-17-2-3,68,G
1873-1-18-1-4,68,G
1873-1-19-1-3,68,G
1873-1-19-5-3,68,G
1873-2-15-4-4,68,G
1873-2-16-4-3,68,G
1873-2-17-3-4,68,G
1873-2-18-3-3,68,G
1873-2-19-2-4,68,G
1874-1-16-1-4,68,G
1870-4-2-2-2,68,G
1870-4-3-2-1,68,G
1870-4-4-1-2,68,G
1870-4-4-5-2,68,G
1870-4-5-5-1,68,G
1871-3-1-4-2,68,G
1871-3-2-4-1,68,G
1871-3-3-3-2,68,G
1871-3-4-3-1,68,G
1871-3-5-2-2,68,G
1871-4-1-2-1,68,G
1871-4-2-1-2,68,G
1871-4-3-1-1,68,G
1871-4-3-5-2,68,G
1871-4-4-5-1,68,G
1871-4-5-4-2,68,G
1872-3-1-4-1,68,G
1872-3-2-3-1,68,G
1872-3-3-2-2,68,G
1872-3-4-2-1,68,G
1872-3-5-1-2,68,G
1872-4-1-1-1,68,G
1872-4-1-5-2,68,G
1872-4-2-5-1,68,G
1872-4-3-4-2,68,G
1872-4-4-4-1,68,G
1872-4-5-3-2,68,G
1873-3-1-3-1,68,G
1873-3-2-2-2,68,G
1873-3-3-2-1,68,G
1873-3-4-1-2,68,G
1873-3-5-1-1,68,G
1873-3-5-5-1,68,G
1873-4-1-4-2,68,G
1873-4-2-4-1,68,G
1873-4-3-3-2,68,G
1873-4-4-3-1,68,G
1873-4-5-2-2,68,G
1874-3-2-1-2,68,G
1870-4-2-16-4,68,G
1870-4-3-16-3,68,G
1870-4-4-15-4,68,G
1870-4-4-19-4,68,G
1870-4-5-19-3,68,G
1871-3-1-18-4,68,G
1871-3-2-18-3,68,G
1871-3-3-17-4,68,G
1871-3-4-17-3,68,G
1871-3-5-16-4,68,G
1871-4-1-16-3,68,G
1871-4-2-15-4,68,G
1871-4-3-15-3,68,G
1871-4-3-19-4,68,G
1871-4-4-19-3,68,G
1871-4-5-18-4,68,G
1872-3-1-18-3,68,G
1872-3-2-17-3,68,G
1872-3-3-16-4,68,G
1872-3-4-16-3,68,G
1872-3-5-15-4,68,G
1872-4-1-15-3,68,G
1872-4-1-19-4,68,G
1872-4-2-19-3,68,G
1872-4-3-18-4,68,G
1872-4-4-18-3,68,G
1872-4-5-17-4,68,G
1873-3-1-17-3,68,G
1873-3-2-16-4,68,G
1873-3-3-16-3,68,G
1873-3-4-15-4,68,G
1873-3-5-15-3,68,G
1873-3-5-19-3,68,G
1873-4-1-18-4,68,G
1873-4-2-18-3,68,G
1873-4-3-17-4,68,G
1873-4-4-17-3,68,G
1873-4-5-16-4,68,G
1874-3-3-15-3,68,G
1870-4-7-16-2,68,G
1870-4-8-16-1,68,G
1870-4-9-15-2,68,G
1870-4-9-19-2,68,G
1870-4-a-19-1,68,G
1871-3-6-18-2,68,G
1871-3-7-18-1,68,G
1871-3-8-17-2,68,G
1871-3-9-17-1,68,G
1871-3-a-16-2,68,G
1871-4-6-16-1,68,G
1871-4-7-15-2,68,G
1871-4-8-15-1,68,G
1871-4-8-19-2,68,G
1871-4-9-19-1,68,G
1871-4-a-18-2,68,G
1872-3-6-18-1,68,G
1872-3-7-17-1,68,G
1872-3-8-16-2,68,G
1872-3-9-16-1,68,G
1872-3-a-15-2,68,G
1872-4-6-15-1,68,G
1872-4-6-19-2,68,G
1872-4-7-19-1,68,G
1872-4-8-18-2,68,G
1872-4-9-18-1,68,G
1872-4-a-17-2,68,G
1873-3-6-17-1,68,G
1873-3-7-16-2,68,G
1873-3-8-16-1,68,G
1873-3-a-19-1,68,G
1873-4-6-18-2,68,G
1873-4-7-18-1,68,G
1873-4-8-17-2,68,G
1873-4-9-17-1,68,G
1873-4-a-16-2,68,G
1870-3-b-10-3,68,G
1870-3-f-12-4,68,G
1870-4-b-12-3,68,G
1870-4-c-11-4,68,G
1870-4-d-11-3,68,G
1870-4-e-10-4,68,G
1870-4-e-14-4,68,G
1870-4-f-14-3,68,G
1871-3-b-13-4,68,G
1871-3-c-13-3,68,G
1871-3-d-12-4,68,G
1871-3-e-12-3,68,G
1871-3-f-11-4,68,G
1871-4-b-11-3,68,G
1871-4-c-10-4,68,G
1871-4-d-10-3,68,G
1871-4-d-14-4,68,G
1871-4-e-14-3,68,G
1871-4-f-13-4,68,G
1872-3-b-13-3,68,G
1872-3-c-12-3,68,G
1872-3-d-11-4,68,G
1872-3-e-11-3,68,G
1872-3-f-10-4,68,G
1872-4-b-10-3,68,G
1872-4-b-14-4,68,G
1872-4-c-14-3,68,G
1872-4-d-13-4,68,G
1872-4-e-13-3,68,G
1872-4-f-12-4,68,G
1873-3-b-12-3,68,G
1873-3-c-11-4,68,G
1873-4-b-13-4,68,G
1873-4-c-13-3,68,G
1873-4-d-12-4,68,G
1873-4-e-12-3,68,G
1873-4-f-11-4,68,G
1874-3-d-14-4,68,G
1869-4-11-12-1,68,G
1869-4-14-10-2,68,G
1870-3-10-10-1,68,G
1870-3-10-14-2,68,G
1870-3-11-14-1,68,G
1870-3-12-13-2,68,G
1870-3-13-13-1,68,G
1870-3-14-12-2,68,G
1870-4-10-12-1,68,G
1870-4-11-11-2,68,G
1870-4-12-11-1,68,G
1870-4-13-10-2,68,G
1870-4-13-14-2,68,G
1870-4-14-14-1,68,G
1871-3-10-13-2,68,G
1871-3-11-13-1,68,G
1871-3-12-12-2,68,G
1871-3-13-12-1,68,G
1871-3-14-11-2,68,G
1871-4-10-11-1,68,G
1871-4-11-10-2,68,G
1871-4-12-10-1,68,G
1871-4-12-14-2,68,G
1871-4-13-14-1,68,G
1871-4-14-13-2,68,G
1872-3-10-13-1,68,G
1872-3-11-12-1,68,G
1872-3-12-11-2,68,G
1872-3-13-11-1,68,G
1872-3-14-10-2,68,G
1872-4-10-10-1,68,G
1872-4-10-14-2,68,G
1872-4-11-14-1,68,G
1872-4-12-13-2,68,G
1872-4-13-13-1,68,G
1872-4-14-12-2,68,G
1873-3-10-12-1,68,G
1873-4-10-13-2,68,G
1873-4-11-13-1,68,G
1873-4-12-12-2,68,G
1869-4-18-c-3,68,G
1869-4-19-b-4,68,G
1870-3-15-b-3,68,G
1870-3-15-f-4,68,G
1870-3-16-f-3,68,G
1870-3-17-e-4,68,G
1870-3-18-e-3,68,G
1870-3-19-d-4,68,G
1870-4-15-d-3,68,G
1870-4-16-c-4,68,G
1870-4-17-c-3,68,G
1870-4-18-b-4,68,G
1870-4-18-f-4,68,G
1870-4-19-f-3,68,G
1871-3-15-e-4,68,G
1871-3-16-e-3,68,G
1871-3-17-d-4,68,G
1871-3-19-c-4,68,G
1871-4-15-c-3,68,G
1871-4-16-b-4,68,G
1871-4-17-b-3,68,G
1871-4-17-f-4,68,G
1871-4-18-f-3,68,G
1871-4-19-e-4,68,G
1872-3-15-e-3,68,G
1872-3-16-d-3,68,G
1872-3-17-c-4,68,G
1872-3-18-c-3,68,G
1872-3-19-b-4,68,G
1872-4-15-b-3,68,G
1872-4-15-f-4,68,G
1872-4-16-f-3,68,G
1872-4-17-e-4,68,G
1872-4-18-e-3,68,G
1872-4-19-d-4,68,G
1873-3-15-d-3,68,G
1936-1-1-b-1,68,G
1936-1-1-f-2,68,G
1936-1-2-f-1,68,G
1936-1-3-e-2,68,G
1936-1-4-e-1,68,G
1936-1-5-d-2,68,G
1936-2-1-d-1,68,G
1936-2-2-c-2,68,G
1936-2-3-c-1,68,G
1936-2-4-b-2,68,G
1936-2-4-f-2,68,G
1936-2-5-f-1,68,G
1937-2-1-c-1,68,G
1937-2-2-b-2,68,G
1937-2-3-b-1,68,G
1937-2-3-f-2,68,G
1937-2-4-f-1,68,G
1937-2-5-e-2,68,G
1938-1-1-e-1,68,G
1938-1-2-d-1,68,G
1938-1-3-c-2,68,G
1938-1-4-c-1,68,G
1938-1-5-b-2,68,G
1938-2-1-b-1,68,G
1938-2-1-f-2,68,G
1938-2-2-f-1,68,G
1938-2-3-e-2,68,G
1938-2-4-e-1,68,G
1938-2-5-d-2,68,G
1936-1-6-6-3,68,G
1936-1-6-a-4,68,G
1936-1-7-a-3,68,G
1936-1-8-9-4,68,G
1936-1-9-9-3,68,G
1936-1-a-8-4,68,G
1936-2-6-8-3,68,G
1936-2-7-7-4,68,G
1936-2-8-7-3,68,G
1936-2-9-6-4,68,G
1936-2-9-a-4,68,G
1937-2-8-6-3,68,G
1937-2-8-a-4,68,G
1937-2-9-a-3,68,G
1937-2-a-9-4,68,G
1938-1-6-9-3,68,G
1938-1-7-8-3,68,G
1938-1-8-7-4,68,G
1938-1-9-7-3,68,G
1938-1-a-6-4,68,G
1938-2-6-6-3,68,G
1938-2-6-a-4,68,G
1938-2-7-a-3,68,G
1938-2-8-9-4,68,G
1938-2-9-9-3,68,G
1936-1-b-6-1,68,G
1936-1-b-a-2,68,G
1936-1-c-a-1,68,G
1936-1-d-9-2,68,G
1936-1-e-9-1,68,G
1936-1-f-8-2,68,G
1936-2-b-8-1,68,G
1936-2-c-7-2,68,G
1936-2-d-7-1,68,G
1936-2-e-6-2,68,G
1936-2-e-a-2,68,G
1937-2-e-a-1,68,G
1937-2-f-9-2,68,G
1938-1-b-9-1,68,G
1938-1-c-8-1,68,G
1938-1-d-7-2,68,G
1938-1-e-7-1,68,G
1938-1-f-6-2,68,G
1936-1-10-5-2,68,G
1936-1-11-5-1,68,G
1936-1-12-4-2,68,G
1936-1-13-4-1,68,G
1936-1-14-3-2,68,G
1936-2-10-3-1,68,G
1936-2-11-2-2,68,G
1936-2-12-2-1,68,G
1936-2-13-1-2,68,G
1937-2-14-4-2,68,G
1938-1-10-4-1,68,G
1938-1-11-3-1,68,G
1938-1-12-2-2,68,G
1938-1-13-2-1,68,G
1936-1-11-19-3,68,G
1936-1-12-18-4,68,G
1936-1-13-18-3,68,G
1936-1-14-17-4,68,G
1936-2-10-17-3,68,G
1936-2-11-16-4,68,G
1936-2-12-16-3,68,G
1937-2-14-18-4,68,G
1938-1-10-18-3,68,G
1938-1-11-17-3,68,G
1938-1-12-16-4,68,G
1936-1-16-19-1,68,G
1936-2-15-17-1,68,G
1938-1-15-18-1,68,G
1938-1-16-17-1,68,G
1475-4-19-c-4,69,G
1476-4-18-c-4,69,G
1476-4-18-f-4,69,G
1476-4-19-d-4,69,G
1541-2-4-4-4,69,G
1541-2-5-2-4,69,G
1541-2-5-5-4,69,G
1542-2-2-3-4,69,G
1542-2-3-1-4,69,G
1542-2-3-4-4,69,G
1542-2-4-2-4,69,G
1542-2-4-5-4,69,G
1542-2-5-3-4,69,G
1543-1-1-1-4,69,G
1543-1-1-4-4,69,G
1541-2-3-12-4,69,G
1541-2-4-10-4,69,G
1541-2-4-13-4,69,G
1541-2-5-11-4,69,G
1541-2-5-14-4,69,G
1542-2-2-12-4,69,G
1542-2-3-10-4,69,G
1542-2-3-13-4,69,G
1542-2-4-11-4,69,G
1542-2-4-14-4,69,G
1542-2-5-12-4,69,G
1543-1-1-10-4,69,G
1543-1-1-13-4,69,G
1541-2-7-a-4,69,G
1541-2-8-8-4,69,G
1541-2-9-6-4,69,G
1541-2-9-9-4,69,G
1541-2-a-7-4,69,G
1541-2-a-a-4,69,G
1542-2-6-a-4,69,G
1542-2-7-8-4,69,G
1542-2-8-6-4,69,G
1542-2-8-9-4,69,G
1542-2-9-7-4,69,G
1542-2-9-a-4,69,G
1542-2-a-8-4,69,G
1543-1-6-6-4,69,G
1543-1-6-9-4,69,G
1541-2-7-16-4,69,G
1541-2-7-19-4,69,G
1541-2-8-17-4,69,G
1541-2-9-15-4,69,G
1541-2-9-18-4,69,G
1541-2-a-16-4,69,G
1542-2-6-16-4,69,G
1542-2-6-19-4,69,G
1542-2-7-17-4,69,G
1542-2-8-15-4,69,G
1542-2-8-18-4,69,G
1542-2-9-16-4,69,G
1542-2-9-19-4,69,G
1542-2-a-17-4,69,G
1541-2-c-f-4,69,G
1541-2-d-d-4,69,G
1541-2-e-b-4,69,G
1541-2-e-e-4,69,G
1541-2-f-c-4,69,G
1542-1-f-e-4,69,G
1542-2-b-c-4,69,G
1542-2-b-f-4,69,G
1542-2-c-d-4,69,G
1542-2-d-b-4,69,G
1542-2-d-e-4,69,G
1542-2-e-c-4,69,G
1542-2-e-f-4,69,G
1542-2-f-d-4,69,G
1541-2-11-5-4,69,G
1541-2-12-3-4,69,G
1541-2-13-1-4,69,G
1541-2-13-4-4,69,G
1542-1-11-4-4,69,G
1542-1-12-2-4,69,G
1542-1-12-5-4,69,G
1542-1-13-3-4,69,G
1542-1-14-1-4,69,G
1542-1-14-4-4,69,G
1542-2-10-2-4,69,G
1542-2-10-5-4,69,G
1542-2-11-3-4,69,G
1542-2-12-1-4,69,G
1542-2-12-4-4,69,G
1542-2-13-2-4,69,G
1542-2-13-5-4,69,G
1542-2-14-3-4,69,G
1543-1-10-1-4,69,G
1543-1-10-4-4,69,G
1541-2-11-14-4,69,G
1541-2-12-12-4,69,G
1541-2-13-10-4,69,G
1541-2-13-13-4,69,G
1542-1-11-10-4,69,G
1542-1-11-13-4,69,G
1542-1-12-11-4,69,G
1542-1-12-14-4,69,G
1542-1-13-12-4,69,G
1542-1-14-10-4,69,G
1542-1-14-13-4,69,G
1542-2-10-11-4,69,G
1542-2-10-14-4,69,G
1542-2-11-12-4,69,G
1542-2-12-10-4,69,G
1542-2-12-13-4,69,G
1542-2-13-11-4,69,G
1542-2-13-14-4,69,G
1542-2-14-12-4,69,G
1543-1-10-10-4,69,G
1543-1-10-13-4,69,G
1543-1-11-11-4,69,G
1541-2-16-a-4,69,G
1541-2-17-8-4,69,G
1541-2-18-6-4,69,G
1541-2-18-9-4,69,G
1541-2-19-7-4,69,G
1541-2-19-a-4,69,G
1542-1-15-8-4,69,G
1542-1-16-6-4,69,G
1542-1-16-9-4,69,G
1542-1-17-7-4,69,G
1542-1-17-a-4,69,G
1542-1-18-8-4,69,G
1542-1-19-6-4,69,G
1542-1-19-9-4,69,G
1542-2-15-7-4,69,G
1542-2-15-a-4,69,G
1542-2-16-8-4,69,G
1542-2-17-6-4,69,G
1542-2-17-9-4,69,G
1542-2-18-7-4,69,G
1542-2-18-a-4,69,G
1542-2-19-8-4,69,G
1543-1-15-6-4,69,G
1543-1-15-9-4,69,G
1543-1-16-7-4,69,G
1543-1-16-a-4,69,G
1541-2-16-19-4,69,G
1541-2-17-17-4,69,G
1541-2-18-15-4,69,G
1541-2-18-18-4,69,G
1541-2-19-16-4,69,G
1541-2-19-19-4,69,G
1542-1-15-17-4,69,G
1542-1-16-15-4,69,G
1542-1-16-18-4,69,G
1542-1-17-16-4,69,G
1542-1-17-19-4,69,G
1542-1-18-17-4,69,G
1542-1-19-15-4,69,G
1542-1-19-18-4,69,G
1542-2-15-16-4,69,G
1542-2-15-19-4,69,G
1542-2-16-17-4,69,G
1542-2-17-15-4,69,G
1542-2-17-18-4,69,G
1542-2-18-16-4,69,G
1542-2-18-19-4,69,G
1542-2-19-17-4,69,G
1543-1-15-15-4,69,G
1543-1-15-18-4,69,G
1543-1-16-16-4,69,G
1543-1-16-19-4,69,G
1543-1-17-17-4,69,G
1541-4-2-f-4,69,G
1541-4-3-d-4,69,G
1541-4-4-b-4,69,G
1541-4-4-e-4,69,G
1541-4-5-c-4,69,G
1541-4-5-f-4,69,G
1542-3-1-d-4,69,G
1542-3-2-b-4,69,G
1542-3-2-e-4,69,G
1542-3-3-c-4,69,G
1542-3-3-f-4,69,G
1542-3-4-d-4,69,G
1542-3-5-b-4,69,G
1542-3-5-e-4,69,G
1542-4-1-c-4,69,G
1542-4-1-f-4,69,G
1542-4-2-d-4,69,G
1542-4-3-b-4,69,G
1542-4-3-e-4,69,G
1542-4-4-c-4,69,G
1542-4-4-f-4,69,G
1542-4-5-d-4,69,G
1543-3-1-b-4,69,G
1543-3-1-e-4,69,G
1543-3-2-c-4,69,G
1543-3-2-f-4,69,G
1543-3-3-d-4,69,G
1543-3-4-b-4,69,G
1543-3-4-e-4,69,G
1541-4-7-2-4,69,G
1541-4-7-5-4,69,G
1541-4-8-3-4,69,G
1541-4-9-1-4,69,G
1541-4-9-4-4,69,G
1541-4-a-2-4,69,G
1541-4-a-5-4,69,G
1542-3-6-3-4,69,G
1542-3-7-1-4,69,G
1542-3-7-4-4,69,G
1542-3-8-2-4,69,G
1542-3-8-5-4,69,G
1542-3-9-3-4,69,G
1542-3-a-1-4,69,G
1542-3-a-4-4,69,G
1542-4-6-2-4,69,G
1542-4-6-5-4,69,G
1542-4-7-3-4,69,G
1542-4-8-1-4,69,G
1542-4-8-4-4,69,G
1542-4-9-2-4,69,G
1542-4-9-5-4,69,G
1542-4-a-3-4,69,G
1543-3-6-1-4,69,G
1543-3-6-4-4,69,G
1543-3-7-2-4,69,G
1543-3-7-5-4,69,G
1543-3-8-3-4,69,G
1543-3-9-1-4,69,G
1543-3-9-4-4,69,G
1543-3-a-2-4,69,G
1543-3-a-5-4,69,G
1541-4-7-11-4,69,G
1541-4-7-14-4,69,G
1541-4-8-12-4,69,G
1541-4-9-10-4,69,G
1541-4-9-13-4,69,G
1541-4-a-11-4,69,G
1541-4-a-14-4,69,G
1542-3-6-12-4,69,G
1542-3-7-10-4,69,G
1542-3-7-13-4,69,G
1542-3-8-11-4,69,G
1542-3-8-14-4,69,G
1542-3-9-12-4,69,G
1542-3-a-10-4,69,G
1542-3-a-13-4,69,G
1542-4-6-11-4,69,G
1542-4-6-14-4,69,G
1542-4-7-12-4,69,G
1542-4-8-10-4,69,G
1542-4-8-13-4,69,G
1542-4-9-11-4,69,G
1542-4-9-14-4,69,G
1542-4-a-12-4,69,G
1543-3-6-10-4,69,G
1543-3-6-13-4,69,G
1543-3-7-11-4,69,G
1543-3-7-14-4,69,G
1543-3-8-12-4,69,G
1543-3-9-10-4,69,G
1543-3-9-13-4,69,G
1543-3-a-11-4,69,G
1543-3-a-14-4,69,G
1543-4-6-12-4,69,G
1543-4-7-10-4,69,G
1541-4-b-e-2,69,G
1541-4-c-c-2,69,G
1541-4-c-f-2,69,G
1541-4-d-d-2,69,G
1541-4-e-b-2,69,G
1541-4-e-e-2,69,G
1541-4-f-c-2,69,G
1541-4-f-f-2,69,G
1542-3-b-d-2,69,G
1542-3-c-b-2,69,G
1542-3-c-e-2,69,G
1542-3-d-c-2,69,G
1542-3-d-f-2,69,G
1542-3-e-d-2,69,G
1542-3-f-b-2,69,G
1542-3-f-e-2,69,G
1542-4-b-c-2,69,G
1542-4-b-f-2,69,G
1542-4-c-d-2,69,G
1542-4-d-b-2,69,G
1542-4-d-e-2,69,G
1542-4-e-c-2,69,G
1542-4-e-f-2,69,G
1542-4-f-d-2,69,G
1543-3-b-b-2,69,G
1543-3-b-e-2,69,G
1543-3-c-c-2,69,G
1543-3-c-f-2,69,G
1543-3-d-d-2,69,G
1543-3-e-b-2,69,G
1543-3-e-e-2,69,G
1543-3-f-c-2,69,G
1543-3-f-f-2,69,G
1543-4-b-d-2,69,G
1543-4-c-b-2,69,G
1543-4-c-e-2,69,G
1541-4-10-4-2,69,G
1541-4-11-2-2,69,G
1541-4-11-5-2,69,G
1541-4-12-3-2,69,G
1541-4-13-1-2,69,G
1541-4-13-4-2,69,G
1541-4-14-2-2,69,G
1541-4-14-5-2,69,G
1542-3-10-3-2,69,G
1542-3-11-1-2,69,G
1542-3-11-4-2,69,G
1542-3-12-2-2,69,G
1542-3-12-5-2,69,G
1542-3-13-3-2,69,G
1542-3-14-1-2,69,G
1542-3-14-4-2,69,G
1542-4-10-2-2,69,G
1542-4-10-5-2,69,G
1542-4-11-3-2,69,G
1542-4-12-1-2,69,G
1542-4-12-4-2,69,G
1542-4-13-2-2,69,G
1542-4-13-5-2,69,G
1542-4-14-3-2,69,G
1543-3-10-1-2,69,G
1543-3-10-4-2,69,G
1543-3-11-2-2,69,G
1543-3-11-5-2,69,G
1543-3-12-3-2,69,G
1543-3-13-1-2,69,G
1543-3-13-4-2,69,G
1543-3-14-2-2,69,G
1543-3-14-5-2,69,G
1543-4-10-3-2,69,G
1543-4-11-1-2,69,G
1543-4-11-4-2,69,G
1541-4-10-10-2,69,G
1541-4-10-13-2,69,G
1541-4-11-11-2,69,G
1541-4-11-14-2,69,G
1541-4-12-12-2,69,G
1541-4-13-10-2,69,G
1541-4-13-13-2,69,G
1541-4-14-11-2,69,G
1541-4-14-14-2,69,G
1542-3-10-12-2,69,G
1542-3-11-10-2,69,G
1542-3-11-13-2,69,G
1542-3-12-11-2,69,G
1542-3-12-14-2,69,G
1542-3-13-12-2,69,G
1542-3-14-10-2,69,G
1542-3-14-13-2,69,G
1542-4-10-11-2,69,G
1542-4-10-14-2,69,G
1542-4-11-12-2,69,G
1542-4-12-10-2,69,G
1542-4-12-13-2,69,G
1542-4-13-11-2,69,G
1542-4-13-14-2,69,G
1542-4-14-12-2,69,G
1543-3-10-10-2,69,G
1543-3-10-13-2,69,G
1543-3-11-11-2,69,G
1543-3-11-14-2,69,G
1543-3-12-12-2,69,G
1543-3-13-10-2,69,G
1543-3-13-13-2,69,G
1543-3-14-11-2,69,G
1543-3-14-14-2,69,G
1543-4-10-12-2,69,G
1543-4-11-10-2,69,G
1543-4-11-13-2,69,G
1543-4-12-11-2,69,G
1541-3-19-8-2,69,G
1541-4-15-6-2,69,G
1541-4-15-9-2,69,G
1541-4-16-7-2,69,G
1541-4-16-a-2,69,G
1541-4-17-8-2,69,G
1541-4-18-6-2,69,G
1541-4-18-9-2,69,G
1541-4-19-7-2,69,G
1541-4-19-a-2,69,G
1542-3-15-8-2,69,G
1542-3-16-6-2,69,G
1542-3-16-9-2,69,G
1542-3-17-7-2,69,G
1542-3-17-a-2,69,G
1542-3-18-8-2,69,G
1542-3-19-6-2,69,G
1542-3-19-9-2,69,G
1542-4-15-7-2,69,G
1542-4-15-a-2,69,G
1542-4-16-8-2,69,G
1542-4-17-6-2,69,G
1542-4-17-9-2,69,G
1542-4-18-7-2,69,G
1542-4-18-a-2,69,G
1542-4-19-8-2,69,G
1543-3-15-6-2,69,G
1543-3-15-9-2,69,G
1543-3-16-7-2,69,G
1543-3-16-a-2,69,G
1543-3-17-8-2,69,G
1543-3-18-6-2,69,G
1543-3-18-9-2,69,G
1543-3-19-7-2,69,G
1543-3-19-a-2,69,G
1543-4-15-8-2,69,G
1543-4-16-6-2,69,G
1543-4-16-9-2,69,G
1543-4-17-7-2,69,G
1541-3-18-19-2,69,G
1541-3-19-17-2,69,G
1541-4-15-15-2,69,G
1541-4-15-18-2,69,G
1541-4-16-16-2,69,G
1541-4-16-19-2,69,G
1541-4-17-17-2,69,G
1541-4-18-15-2,69,G
1541-4-18-18-2,69,G
1541-4-19-16-2,69,G
1541-4-19-19-2,69,G
1542-3-15-17-2,69,G
1542-3-16-15-2,69,G
1542-3-16-18-2,69,G
1542-3-17-16-2,69,G
1542-3-17-19-2,69,G
1542-3-18-17-2,69,G
1542-3-19-15-2,69,G
1542-3-19-18-2,69,G
1542-4-15-16-2,69,G
1542-4-15-19-2,69,G
1542-4-16-17-2,69,G
1542-4-17-15-2,69,G
1542-4-17-18-2,69,G
1542-4-18-16-2,69,G
1542-4-18-19-2,69,G
1542-4-19-17-2,69,G
1543-3-15-15-2,69,G
1543-3-15-18-2,69,G
1543-3-16-16-2,69,G
1543-3-16-19-2,69,G
1543-3-17-17-2,69,G
1543-3-18-15-2,69,G
1543-3-18-18-2,69,G
1543-3-19-16-2,69,G
1543-3-19-19-2,69,G
1543-4-15-17-2,69,G
1543-4-16-15-2,69,G
1543-4-16-18-2,69,G
1543-4-17-16-2,69,G
1607-1-5-d-2,69,G
1607-2-1-b-2,69,G
1607-2-1-e-2,69,G
1607-2-2-c-2,69,G
1607-2-2-f-2,69,G
1607-2-3-d-2,69,G
1607-2-4-b-2,69,G
1607-2-4-e-2,69,G
1607-2-5-c-2,69,G
1607-2-5-f-2,69,G
1608-1-1-d-2,69,G
1608-1-2-b-2,69,G
1608-1-2-e-2,69,G
1608-1-3-c-2,69,G
1608-1-3-f-2,69,G
1608-1-4-d-2,69,G
1608-1-5-b-2,69,G
1608-1-5-e-2,69,G
1608-2-1-c-2,69,G
1608-2-1-f-2,69,G
1608-2-2-d-2,69,G
1608-2-3-b-2,69,G
1608-2-3-e-2,69,G
1608-2-4-c-2,69,G
1608-2-4-f-2,69,G
1608-2-5-d-2,69,G
1609-1-1-b-2,69,G
1609-1-1-e-2,69,G
1609-1-2-c-2,69,G
1609-1-2-f-2,69,G
1609-1-3-d-2,69,G
1609-1-4-b-2,69,G
1609-1-4-e-2,69,G
1609-1-5-c-2,69,G
1609-1-5-f-2,69,G
1609-2-1-d-2,69,G
1609-2-2-b-2,69,G
1609-2-2-e-2,69,G
1609-2-3-c-2,69,G
1607-2-7-5-2,69,G
1607-2-8-3-2,69,G
1607-2-9-1-2,69,G
1607-2-9-4-2,69,G
1607-2-a-2-2,69,G
1607-2-a-5-2,69,G
1608-1-6-3-2,69,G
1608-1-7-1-2,69,G
1608-1-7-4-2,69,G
1608-1-8-2-2,69,G
1608-1-8-5-2,69,G
1608-1-9-3-2,69,G
1608-1-a-1-2,69,G
1608-1-a-4-2,69,G
1608-2-6-2-2,69,G
1608-2-6-5-2,69,G
1608-2-7-3-2,69,G
1608-2-8-1-2,69,G
1608-2-8-4-2,69,G
1608-2-9-2-2,69,G
1608-2-9-5-2,69,G
1608-2-a-3-2,69,G
1609-1-6-1-2,69,G
1609-1-6-4-2,69,G
1609-1-7-2-2,69,G
1609-1-7-5-2,69,G
1609-1-8-3-2,69,G
1609-1-9-1-2,69,G
1609-1-9-4-2,69,G
1609-1-a-2-2,69,G
1609-1-a-5-2,69,G
1609-2-6-3-2,69,G
1609-2-7-1-2,69,G
1609-2-7-4-2,69,G
1609-2-8-2-2,69,G
1607-2-8-12-2,69,G
1607-2-9-10-2,69,G
1607-2-9-13-2,69,G
1607-2-a-11-2,69,G
1607-2-a-14-2,69,G
1608-1-6-12-2,69,G
1608-1-7-10-2,69,G
1608-1-7-13-2,69,G
1608-1-8-11-2,69,G
1608-1-8-14-2,69,G
1608-1-9-12-2,69,G
1608-1-a-10-2,69,G
1608-1-a-13-2,69,G
1608-2-6-11-2,69,G
1608-2-6-14-2,69,G
1608-2-7-12-2,69,G
1608-2-8-10-2,69,G
1608-2-8-13-2,69,G
1608-2-9-11-2,69,G
1608-2-9-14-2,69,G
1608-2-a-12-2,69,G
1609-1-6-10-2,69,G
1609-1-6-13-2,69,G
1609-1-7-11-2,69,G
1609-1-7-14-2,69,G
1609-1-8-12-2,69,G
1609-1-9-10-2,69,G
1609-1-9-13-2,69,G
1609-1-a-11-2,69,G
1609-1-a-14-2,69,G
1609-2-6-12-2,69,G
1609-2-7-10-2,69,G
1609-2-7-13-2,69,G
1609-2-8-11-2,69,G
1607-2-d-8-2,69,G
1607-2-e-6-2,69,G
1607-2-e-9-2,69,G
1607-2-f-7-2,69,G
1607-2-f-a-2,69,G
1608-1-b-8-2,69,G
1608-1-c-6-2,69,G
1608-1-c-9-2,69,G
1608-1-d-7-2,69,G
1608-1-d-a-2,69,G
1608-1-e-8-2,69,G
1608-1-f-6-2,69,G
1608-1-f-9-2,69,G
1608-2-b-7-2,69,G
1608-2-b-a-2,69,G
1608-2-c-8-2,69,G
1608-2-d-6-2,69,G
1608-2-d-9-2,69,G
1608-2-e-7-2,69,G
1608-2-e-a-2,69,G
1608-2-f-8-2,69,G
1609-1-b-6-2,69,G
1609-1-b-9-2,69,G
1609-1-c-7-2,69,G
1609-1-c-a-2,69,G
1609-1-d-8-2,69,G
1609-1-e-6-2,69,G
1609-1-e-9-2,69,G
1609-1-f-7-2,69,G
1609-1-f-a-2,69,G
1609-2-b-8-2,69,G
1609-2-c-6-2,69,G
1609-2-c-9-2,69,G
1609-2-d-7-2,69,G
1607-2-d-17-2,69,G
1607-2-e-15-2,69,G
1607-2-e-18-2,69,G
1607-2-f-16-2,69,G
1607-2-f-19-2,69,G
1608-1-b-17-2,69,G
1608-1-c-15-2,69,G
1608-1-c-18-2,69,G
1608-1-d-16-2,69,G
1608-1-d-19-2,69,G
1608-1-e-17-2,69,G
1608-1-f-15-2,69,G
1608-1-f-18-2,69,G
1608-2-b-16-2,69,G
1608-2-b-19-2,69,G
1608-2-c-17-2,69,G
1608-2-d-15-2,69,G
1608-2-d-18-2,69,G
1608-2-e-16-2,69,G
1608-2-e-19-2,69,G
1608-2-f-17-2,69,G
1609-1-b-15-2,69,G
1609-1-b-18-2,69,G
1609-1-c-16-2,69,G
1609-1-c-19-2,69,G
1609-1-d-17-2,69,G
1609-1-e-15-2,69,G
1609-1-e-18-2,69,G
1609-1-f-16-2,69,G
1609-1-f-19-2,69,G
1609-2-b-17-2,69,G
1609-2-c-15-2,69,G
1609-2-c-18-2,69,G
1607-2-12-d-2,69,G
1607-2-13-b-2,69,G
1607-2-13-e-2,69,G
1607-2-14-c-2,69,G
1607-2-14-f-2,69,G
1608-1-10-d-2,69,G
1608-1-11-b-2,69,G
1608-1-11-e-2,69,G
1608-1-12-c-2,69,G
1608-1-12-f-2,69,G
1608-1-13-d-2,69,G
1608-1-14-b-2,69,G
1608-1-14-e-2,69,G
1608-2-10-c-2,69,G
1608-2-10-f-2,69,G
1608-2-11-d-2,69,G
1608-2-12-b-2,69,G
1608-2-12-e-2,69,G
1608-2-13-c-2,69,G
1608-2-13-f-2,69,G
1608-2-14-d-2,69,G
1609-1-10-b-2,69,G
1609-1-10-e-2,69,G
1609-1-11-c-2,69,G
1609-1-11-f-2,69,G
1609-1-12-d-2,69,G
1609-1-13-b-2,69,G
1609-1-13-e-2,69,G
1609-1-14-c-2,69,G
1609-1-14-f-2,69,G
1609-2-10-d-2,69,G
1609-2-11-b-2,69,G
1609-2-11-e-2,69,G
1607-2-18-1-2,69,G
1607-2-18-4-2,69,G
1607-2-19-2-2,69,G
1607-2-19-5-2,69,G
1608-1-15-3-2,69,G
1608-1-16-1-2,69,G
1608-1-16-4-2,69,G
1608-1-17-2-2,69,G
1608-1-17-5-2,69,G
1608-1-18-3-2,69,G
1608-1-19-1-2,69,G
1608-1-19-4-2,69,G
1608-2-15-2-2,69,G
1608-2-15-5-2,69,G
1608-2-16-3-2,69,G
1608-2-17-1-2,69,G
1608-2-17-4-2,69,G
1608-2-18-2-2,69,G
1608-2-18-5-2,69,G
1608-2-19-3-2,69,G
1609-1-15-1-2,69,G
1609-1-15-4-2,69,G
1609-1-16-2-2,69,G
1609-1-16-5-2,69,G
1609-1-17-3-2,69,G
1609-1-18-1-2,69,G
1609-1-18-4-2,69,G
1609-1-19-2-2,69,G
1609-1-19-5-2,69,G
1609-2-15-3-2,69,G
1609-2-16-1-2,69,G
1609-2-16-4-2,69,G
1607-2-18-10-2,69,G
1607-2-18-13-2,69,G
1607-2-19-11-2,69,G
1607-2-19-14-2,69,G
1608-1-15-12-2,69,G
1608-1-16-10-2,69,G
1608-1-16-13-2,69,G
1608-1-17-11-2,69,G
1608-1-17-14-2,69,G
1608-1-18-12-2,69,G
1608-1-19-10-2,69,G
1608-1-19-13-2,69,G
1608-2-15-11-2,69,G
1608-2-15-14-2,69,G
1608-2-16-12-2,69,G
1608-2-17-10-2,69,G
1608-2-17-13-2,69,G
1608-2-18-11-2,69,G
1608-2-18-14-2,69,G
1608-2-19-12-2,69,G
1609-1-15-10-2,69,G
1609-1-15-13-2,69,G
1609-1-16-11-2,69,G
1609-1-16-14-2,69,G
1609-1-17-12-2,69,G
1609-1-18-10-2,69,G
1609-1-18-13-2,69,G
1609-1-19-11-2,69,G
1609-1-19-14-2,69,G
1609-2-15-12-2,69,G
1609-2-16-10-2,69,G
1609-2-16-13-2,69,G
1607-4-3-8-2,69,G
1607-4-4-6-2,69,G
1607-4-4-9-2,69,G
1607-4-5-7-2,69,G
1607-4-5-a-2,69,G
1608-3-1-8-2,69,G
1608-3-2-6-2,69,G
1608-3-2-9-2,69,G
1608-3-3-7-2,69,G
1608-3-3-a-2,69,G
1608-3-4-8-2,69,G
1608-3-5-6-2,69,G
1608-3-5-9-2,69,G
1608-4-1-7-2,69,G
1608-4-1-a-2,69,G
1608-4-2-8-2,69,G
1608-4-3-6-2,69,G
1608-4-3-9-2,69,G
1608-4-4-7-2,69,G
1608-4-4-a-2,69,G
1608-4-5-8-2,69,G
1609-3-1-6-2,69,G
1609-3-1-9-2,69,G
1609-3-2-7-2,69,G
1609-3-2-a-2,69,G
1609-3-3-8-2,69,G
1609-3-4-6-2,69,G
1609-3-4-9-2,69,G
1609-3-5-7-2,69,G
1609-3-5-a-2,69,G
1609-4-1-8-2,69,G
1609-4-2-6-2,69,G
1607-4-3-17-2,69,G
1607-4-4-15-2,69,G
1607-4-4-18-2,69,G
1607-4-5-16-2,69,G
1607-4-5-19-2,69,G
1608-3-1-17-2,69,G
1608-3-2-15-2,69,G
1608-3-2-18-2,69,G
1608-3-3-16-2,69,G
1608-3-3-19-2,69,G
1608-3-4-17-2,69,G
1608-3-5-15-2,69,G
1608-3-5-18-2,69,G
1608-4-1-16-2,69,G
1608-4-1-19-2,69,G
1608-4-2-17-2,69,G
1608-4-3-15-2,69,G
1608-4-3-18-2,69,G
1608-4-4-16-2,69,G
1608-4-4-19-2,69,G
1608-4-5-17-2,69,G
1609-3-1-15-2,69,G
1609-3-1-18-2,69,G
1609-3-2-16-2,69,G
1609-3-2-19-2,69,G
1609-3-3-17-2,69,G
1609-3-4-15-2,69,G
1609-3-4-18-2,69,G
1609-3-5-16-2,69,G
1609-3-5-19-2,69,G
1609-4-1-17-2,69,G
1607-4-8-d-2,69,G
1607-4-9-b-2,69,G
1607-4-9-e-2,69,G
1607-4-a-c-2,69,G
1607-4-a-f-2,69,G
1608-3-6-d-2,69,G
1608-3-7-b-2,69,G
1608-3-7-e-2,69,G
1608-3-8-c-2,69,G
1608-3-8-f-2,69,G
1608-3-9-d-2,69,G
1608-3-a-b-2,69,G
1608-3-a-e-2,69,G
1608-4-6-c-2,69,G
1608-4-6-f-2,69,G
1608-4-7-d-2,69,G
1608-4-8-b-2,69,G
1608-4-8-e-2,69,G
1608-4-9-c-2,69,G
1608-4-9-f-2,69,G
1608-4-a-d-2,69,G
1609-3-6-b-2,69,G
1609-3-6-e-2,69,G
1609-3-7-c-2,69,G
1609-3-7-f-2,69,G
1609-3-8-d-2,69,G
1609-3-9-b-2,69,G
1609-3-9-e-2,69,G
1609-3-a-c-2,69,G
1607-4-d-3-2,69,G
1607-4-e-1-2,69,G
1607-4-e-4-2,69,G
1607-4-f-2-2,69,G
1607-4-f-5-2,69,G
1608-3-b-3-2,69,G
1608-3-c-1-2,69,G
1608-3-c-4-2,69,G
1608-3-d-2-2,69,G
1608-3-d-5-2,69,G
1608-3-e-3-2,69,G
1608-3-f-1-2,69,G
1608-3-f-4-2,69,G
1608-4-b-2-2,69,G
1608-4-b-5-2,69,G
1608-4-c-3-2,69,G
1608-4-d-1-2,69,G
1608-4-d-4-2,69,G
1608-4-e-2-2,69,G
1608-4-e-5-2,69,G
1608-4-f-3-2,69,G
1609-3-b-1-2,69,G
1609-3-b-4-2,69,G
1609-3-c-2-2,69,G
1609-3-c-5-2,69,G
1609-3-d-3-2,69,G
1609-3-e-1-2,69,G
1607-4-e-10-2,69,G
1607-4-e-13-2,69,G
1607-4-f-11-2,69,G
1607-4-f-14-2,69,G
1608-3-b-12-2,69,G
1608-3-c-10-2,69,G
1608-3-c-13-2,69,G
1608-3-d-11-2,69,G
1608-3-d-14-2,69,G
1608-3-e-12-2,69,G
1608-3-f-10-2,69,G
1608-3-f-13-2,69,G
1608-4-b-11-2,69,G
1608-4-b-14-2,69,G
1608-4-c-12-2,69,G
1608-4-d-10-2,69,G
1608-4-d-13-2,69,G
1608-4-e-11-2,69,G
1608-4-e-14-2,69,G
1608-4-f-12-2,69,G
1609-3-b-10-2,69,G
1609-3-b-13-2,69,G
1609-3-c-11-2,69,G
1609-3-c-14-2,69,G
1609-3-d-12-2,69,G
1609-3-e-10-2,69,G
1607-4-13-6-2,69,G
1607-4-13-9-2,69,G
1607-4-14-7-2,69,G
1607-4-14-a-2,69,G
1608-3-10-8-2,69,G
1608-3-11-6-2,69,G
1608-3-11-9-2,69,G
1608-3-12-7-2,69,G
1608-3-12-a-2,69,G
1608-3-13-8-2,69,G
1608-3-14-6-2,69,G
1608-3-14-9-2,69,G
1608-4-10-7-2,69,G
1608-4-10-a-2,69,G
1608-4-11-8-2,69,G
1608-4-12-6-2,69,G
1608-4-12-9-2,69,G
1608-4-13-7-2,69,G
1608-4-13-a-2,69,G
1608-4-14-8-2,69,G
1609-3-10-6-2,69,G
1609-3-10-9-2,69,G
1609-3-11-7-2,69,G
1609-3-11-a-2,69,G
1609-3-12-8-2,69,G
1609-3-13-6-2,69,G
1607-4-13-15-2,69,G
1607-4-13-18-2,69,G
1607-4-14-16-2,69,G
1607-4-14-19-2,69,G
1608-3-10-17-2,69,G
1608-3-11-15-2,69,G
1608-3-11-18-2,69,G
1608-3-12-16-2,69,G
1608-3-12-19-2,69,G
1608-3-13-17-2,69,G
1608-3-14-15-2,69,G
1608-3-14-18-2,69,G
1608-4-10-16-2,69,G
1608-4-10-19-2,69,G
1608-4-11-17-2,69,G
1608-4-12-15-2,69,G
1608-4-12-18-2,69,G
1608-4-13-16-2,69,G
1608-4-13-19-2,69,G
1608-4-14-17-2,69,G
1609-3-10-15-2,69,G
1609-3-10-18-2,69,G
1609-3-11-16-2,69,G
1609-3-11-19-2,69,G
1609-3-12-17-2,69,G
1609-3-13-15-2,69,G
1607-4-18-b-2,69,G
1607-4-18-e-2,69,G
1607-4-19-c-2,69,G
1607-4-19-f-2,69,G
1608-3-15-d-2,69,G
1608-3-16-b-2,69,G
1608-3-16-e-2,69,G
1608-3-17-c-2,69,G
1608-3-17-f-2,69,G
1608-3-18-d-2,69,G
1608-3-19-b-2,69,G
1608-3-19-e-2,69,G
1608-4-15-c-2,69,G
1608-4-15-f-2,69,G
1608-4-16-d-2,69,G
1608-4-17-b-2,69,G
1608-4-17-e-2,69,G
1608-4-18-c-2,69,G
1608-4-18-f-2,69,G
1608-4-19-d-2,69,G
1609-3-15-b-2,69,G
1609-3-15-e-2,69,G
1609-3-16-c-2,69,G
1609-3-16-f-2,69,G
1609-3-17-d-2,69,G
1609-3-18-b-2,69,G
1673-2-4-1-2,69,G
1673-2-4-4-2,69,G
1673-2-5-2-2,69,G
1673-2-5-5-2,69,G
1674-1-1-3-2,69,G
1674-1-2-1-2,69,G
1674-1-2-4-2,69,G
1674-1-3-2-2,69,G
1674-1-3-5-2,69,G
1674-1-4-3-2,69,G
1674-1-5-1-2,69,G
1674-1-5-4-2,69,G
1674-2-1-2-2,69,G
1674-2-1-5-2,69,G
1674-2-2-3-2,69,G
1674-2-3-1-2,69,G
1674-2-3-4-2,69,G
1674-2-4-2-2,69,G
1674-2-4-5-2,69,G
1674-2-5-3-2,69,G
1675-1-1-1-2,69,G
1675-1-1-4-2,69,G
1675-1-2-2-2,69,G
1675-1-2-5-2,69,G
1675-1-3-3-2,69,G
1675-1-4-1-2,69,G
1673-2-4-10-2,69,G
1673-2-4-13-2,69,G
1673-2-5-11-2,69,G
1673-2-5-14-2,69,G
1674-1-1-12-2,69,G
1674-1-2-10-2,69,G
1674-1-2-13-2,69,G
1674-1-3-11-2,69,G
1674-1-3-14-2,69,G
1674-1-4-12-2,69,G
1674-1-5-10-2,69,G
1674-1-5-13-2,69,G
1674-2-1-11-2,69,G
1674-2-1-14-2,69,G
1674-2-2-12-2,69,G
1674-2-3-10-2,69,G
1674-2-3-13-2,69,G
1674-2-4-11-2,69,G
1674-2-4-14-2,69,G
1674-2-5-12-2,69,G
1675-1-1-10-2,69,G
1675-1-1-13-2,69,G
1675-1-2-11-2,69,G
1675-1-2-14-2,69,G
1675-1-3-12-2,69,G
1675-1-4-10-2,69,G
1673-2-9-9-2,69,G
1673-2-a-7-2,69,G
1673-2-a-a-2,69,G
1674-1-6-8-2,69,G
1674-1-7-6-2,69,G
1674-1-7-9-2,69,G
1674-1-8-7-2,69,G
1674-1-8-a-2,69,G
1674-1-9-8-2,69,G
1674-1-a-6-2,69,G
1674-1-a-9-2,69,G
1674-2-6-7-2,69,G
1674-2-6-a-2,69,G
1674-2-7-8-2,69,G
1674-2-8-6-2,69,G
1674-2-8-9-2,69,G
1674-2-9-7-2,69,G
1674-2-9-a-2,69,G
1674-2-a-8-2,69,G
1675-1-6-6-2,69,G
1675-1-6-9-2,69,G
1675-1-7-7-2,69,G
1675-1-7-a-2,69,G
1675-1-8-8-2,69,G
1675-1-9-6-2,69,G
1673-2-9-18-2,69,G
1673-2-a-16-2,69,G
1673-2-a-19-2,69,G
1674-1-6-17-2,69,G
1674-1-7-15-2,69,G
1674-1-7-18-2,69,G
1674-1-8-16-2,69,G
1674-1-8-19-2,69,G
1674-1-9-17-2,69,G
1674-1-a-15-2,69,G
1674-1-a-18-2,69,G
1674-2-6-16-2,69,G
1674-2-6-19-2,69,G
1674-2-7-17-2,69,G
1674-2-8-15-2,69,G
1674-2-8-18-2,69,G
1674-2-9-16-2,69,G
1674-2-9-19-2,69,G
1674-2-a-17-2,69,G
1675-1-6-15-2,69,G
1675-1-6-18-2,69,G
1675-1-7-16-2,69,G
1675-1-7-19-2,69,G
1675-1-8-17-2,69,G
1675-1-9-15-2,69,G
1673-2-e-b-2,69,G
1673-2-e-e-2,69,G
1673-2-f-c-2,69,G
1673-2-f-f-2,69,G
1674-1-b-d-2,69,G
1674-1-c-b-2,69,G
1674-1-c-e-2,69,G
1674-1-d-c-2,69,G
1674-1-d-f-2,69,G
1674-1-e-d-2,69,G
1674-1-f-b-2,69,G
1674-1-f-e-2,69,G
1674-2-b-c-2,69,G
1674-2-b-f-2,69,G
1674-2-c-d-2,69,G
1674-2-d-b-2,69,G
1674-2-d-e-2,69,G
1674-2-e-c-2,69,G
1674-2-e-f-2,69,G
1674-2-f-d-2,69,G
1675-1-b-b-2,69,G
1675-1-b-e-2,69,G
1675-1-c-c-2,69,G
1675-1-c-f-2,69,G
1675-1-d-d-2,69,G
1675-1-e-b-2,69,G
1673-2-13-1-2,69,G
1673-2-13-4-2,69,G
1673-2-14-2-2,69,G
1673-2-14-5-2,69,G
1674-1-10-3-2,69,G
1674-1-11-1-2,69,G
1674-1-11-4-2,69,G
1674-1-12-2-2,69,G
1674-1-12-5-2,69,G
1674-1-13-3-2,69,G
1674-1-14-1-2,69,G
1674-1-14-4-2,69,G
1674-2-10-2-2,69,G
1674-2-10-5-2,69,G
1674-2-11-3-2,69,G
1674-2-12-1-2,69,G
1674-2-12-4-2,69,G
1674-2-13-2-2,69,G
1674-2-13-5-2,69,G
1674-2-14-3-2,69,G
1675-1-10-1-2,69,G
1675-1-10-4-2,69,G
1675-1-11-2-2,69,G
1675-1-11-5-2,69,G
1675-1-12-3-2,69,G
1675-1-13-1-2,69,G
1673-2-13-10-2,69,G
1673-2-13-13-2,69,G
1673-2-14-11-2,69,G
1673-2-14-14-2,69,G
1674-1-10-12-2,69,G
1674-1-11-10-2,69,G
1674-1-11-13-2,69,G
1674-1-12-11-2,69,G
1674-1-12-14-2,69,G
1674-1-13-12-2,69,G
1674-1-14-10-2,69,G
1674-1-14-13-2,69,G
1674-2-10-11-2,69,G
1674-2-10-14-2,69,G
1674-2-11-12-2,69,G
1674-2-12-10-2,69,G
1674-2-12-13-2,69,G
1674-2-13-11-2,69,G
1674-2-13-14-2,69,G
1674-2-14-12-2,69,G
1675-1-10-10-2,69,G
1675-1-10-13-2,69,G
1675-1-11-11-2,69,G
1675-1-11-14-2,69,G
1675-1-12-12-2,69,G
1675-1-13-10-2,69,G
1673-2-18-6-2,69,G
1673-2-18-9-2,69,G
1673-2-19-7-2,69,G
1673-2-19-a-2,69,G
1674-1-15-8-2,69,G
1674-1-16-6-2,69,G
1674-1-16-9-2,69,G
1674-1-17-7-2,69,G
1674-1-17-a-2,69,G
1674-1-18-8-2,69,G
1674-1-19-6-2,69,G
1674-1-19-9-2,69,G
1674-2-15-7-2,69,G
1674-2-15-a-2,69,G
1674-2-16-8-2,69,G
1674-2-17-6-2,69,G
1674-2-17-9-2,69,G
1674-2-18-7-2,69,G
1674-2-18-a-2,69,G
1674-2-19-8-2,69,G
1675-1-15-6-2,69,G
1675-1-15-9-2,69,G
1675-1-16-7-2,69,G
1675-1-16-a-2,69,G
1675-1-17-8-2,69,G
1675-1-18-6-2,69,G
1673-2-17-17-2,69,G
1673-2-18-15-2,69,G
1673-2-18-18-2,69,G
1673-2-19-16-2,69,G
1673-2-19-19-2,69,G
1674-1-15-17-2,69,G
1674-1-16-15-2,69,G
1674-1-16-18-2,69,G
1674-1-17-16-2,69,G
1674-1-17-19-2,69,G
1674-1-18-17-2,69,G
1674-1-19-15-2,69,G
1674-1-19-18-2,69,G
1674-2-15-16-2,69,G
1674-2-15-19-2,69,G
1674-2-16-17-2,69,G
1674-2-17-15-2,69,G
1674-2-17-18-2,69,G
1674-2-18-16-2,69,G
1674-2-18-19-2,69,G
1674-2-19-17-2,69,G
1675-1-15-15-2,69,G
1675-1-15-18-2,69,G
1675-1-16-16-2,69,G
1675-1-16-19-2,69,G
1675-1-17-17-2,69,G
1675-1-18-15-2,69,G
1673-4-2-f-2,69,G
1673-4-3-d-2,69,G
1673-4-4-b-2,69,G
1673-4-4-e-2,69,G
1673-4-5-c-2,69,G
1673-4-5-f-2,69,G
1674-3-1-d-2,69,G
1674-3-2-b-2,69,G
1674-3-2-e-2,69,G
1674-3-3-c-2,69,G
1674-3-3-f-2,69,G
1674-3-4-d-2,69,G
1674-3-5-b-2,69,G
1674-3-5-e-2,69,G
1674-4-1-c-2,69,G
1674-4-1-f-2,69,G
1674-4-2-d-2,69,G
1674-4-3-b-2,69,G
1674-4-3-e-2,69,G
1674-4-4-c-2,69,G
1674-4-4-f-2,69,G
1674-4-5-d-2,69,G
1675-3-1-b-2,69,G
1675-3-1-e-2,69,G
1675-3-2-c-2,69,G
1675-3-2-f-2,69,G
1675-3-3-d-2,69,G
1673-4-7-2-2,69,G
1673-4-7-5-2,69,G
1673-4-8-3-2,69,G
1673-4-9-1-2,69,G
1673-4-9-4-2,69,G
1673-4-a-2-2,69,G
1673-4-a-5-2,69,G
1674-3-6-3-2,69,G
1674-3-7-1-2,69,G
1674-3-7-4-2,69,G
1674-3-8-2-2,69,G
1674-3-8-5-2,69,G
1674-3-9-3-2,69,G
1674-3-a-1-2,69,G
1674-3-a-4-2,69,G
1674-4-6-2-2,69,G
1674-4-6-5-2,69,G
1674-4-7-3-2,69,G
1674-4-8-1-2,69,G
1674-4-8-4-2,69,G
1674-4-9-2-2,69,G
1674-4-9-5-2,69,G
1674-4-a-3-2,69,G
1675-3-6-1-2,69,G
1675-3-6-4-2,69,G
1675-3-7-2-2,69,G
1675-3-7-5-2,69,G
1673-4-6-13-2,69,G
1673-4-7-11-2,69,G
1673-4-7-14-2,69,G
1673-4-8-12-2,69,G
1673-4-9-10-2,69,G
1673-4-9-13-2,69,G
1673-4-a-11-2,69,G
1673-4-a-14-2,69,G
1674-3-6-12-2,69,G
1674-3-7-10-2,69,G
1674-3-7-13-2,69,G
1674-3-8-11-2,69,G
1674-3-8-14-2,69,G
1674-3-9-12-2,69,G
1674-3-a-10-2,69,G
1674-3-a-13-2,69,G
1674-4-6-11-2,69,G
1674-4-6-14-2,69,G
1674-4-7-12-2,69,G
1674-4-8-10-2,69,G
1674-4-8-13-2,69,G
1674-4-9-11-2,69,G
1674-4-9-14-2,69,G
1674-4-a-12-2,69,G
1675-3-6-10-2,69,G
1675-3-6-13-2,69,G
1675-3-7-11-2,69,G
1673-4-b-9-2,69,G
1673-4-c-7-2,69,G
1673-4-c-a-2,69,G
1673-4-d-8-2,69,G
1673-4-e-6-2,69,G
1673-4-e-9-2,69,G
1673-4-f-7-2,69,G
1673-4-f-a-2,69,G
1674-3-b-8-2,69,G
1674-3-c-6-2,69,G
1674-3-c-9-2,69,G
1674-3-d-7-2,69,G
1674-3-d-a-2,69,G
1674-3-e-8-2,69,G
1674-3-f-6-2,69,G
1674-3-f-9-2,69,G
1674-4-b-7-2,69,G
1674-4-b-a-2,69,G
1674-4-c-8-2,69,G
1674-4-d-6-2,69,G
1674-4-d-9-2,69,G
1674-4-e-7-2,69,G
1674-4-e-a-2,69,G
1674-4-f-8-2,69,G
1675-3-b-6-2,69,G
1675-3-b-9-2,69,G
1675-3-c-7-2,69,G
1673-4-b-15-2,69,G
1673-4-b-18-2,69,G
1673-4-c-16-2,69,G
1673-4-c-19-2,69,G
1673-4-d-17-2,69,G
1673-4-e-15-2,69,G
1673-4-e-18-2,69,G
1673-4-f-16-2,69,G
1673-4-f-19-2,69,G
1674-3-b-17-2,69,G
1674-3-c-15-2,69,G
1674-3-c-18-2,69,G
1674-3-d-16-2,69,G
1674-3-d-19-2,69,G
1674-3-e-17-2,69,G
1674-3-f-15-2,69,G
1674-3-f-18-2,69,G
1674-4-b-16-2,69,G
1674-4-b-19-2,69,G
1674-4-c-17-2,69,G
1674-4-e-19-2,69,G
1674-4-f-17-2,69,G
1675-3-b-15-2,69,G
1675-3-b-18-2,69,G
1675-3-c-16-2,69,G
1673-4-10-e-2,69,G
1673-4-11-c-2,69,G
1673-4-11-f-2,69,G
1673-4-12-d-2,69,G
1673-4-13-b-2,69,G
1673-4-13-e-2,69,G
1673-4-14-c-2,69,G
1673-4-14-f-2,69,G
1674-3-10-d-2,69,G
1674-3-11-b-2,69,G
1674-3-11-e-2,69,G
1674-3-12-c-2,69,G
1674-3-12-f-2,69,G
1674-3-13-d-2,69,G
1674-3-14-b-2,69,G
1674-3-14-e-2,69,G
1674-4-10-c-2,69,G
1674-4-10-f-2,69,G
1674-4-13-f-2,69,G
1674-4-14-d-2,69,G
1675-3-10-b-2,69,G
1675-3-10-e-2,69,G
1675-3-11-c-2,69,G
1673-4-15-4-2,69,G
1673-4-16-2-2,69,G
1673-4-16-5-2,69,G
1673-4-17-3-2,69,G
1673-4-18-1-2,69,G
1673-4-18-4-2,69,G
1673-4-19-2-2,69,G
1673-4-19-5-2,69,G
1674-3-15-3-2,69,G
1674-3-16-1-2,69,G
1674-3-16-4-2,69,G
1674-3-17-2-2,69,G
1674-3-17-5-2,69,G
1674-3-18-3-2,69,G
1674-3-19-1-2,69,G
1674-3-19-4-2,69,G
1674-4-18-5-2,69,G
1674-4-19-3-2,69,G
1675-3-15-1-2,69,G
1675-3-15-4-2,69,G
1675-3-16-2-2,69,G
1673-4-15-13-2,69,G
1673-4-16-11-2,69,G
1673-4-16-14-2,69,G
1673-4-17-12-2,69,G
1673-4-18-10-2,69,G
1673-4-18-13-2,69,G
1673-4-19-11-2,69,G
1673-4-19-14-2,69,G
1674-3-15-12-2,69,G
1674-3-16-10-2,69,G
1674-3-16-13-2,69,G
1674-3-17-11-2,69,G
1674-3-17-14-2,69,G
1674-3-18-12-2,69,G
1674-3-19-10-2,69,G
1674-3-19-13-2,69,G
1674-4-19-12-2,69,G
1675-3-15-10-2,69,G
1675-3-15-13-2,69,G
1739-2-2-7-2,69,G
1739-2-2-a-2,69,G
1739-2-3-8-2,69,G
1739-2-4-6-2,69,G
1739-2-4-9-2,69,G
1739-2-5-7-2,69,G
1739-2-5-a-2,69,G
1740-1-1-8-2,69,G
1740-1-2-6-2,69,G
1740-1-2-9-2,69,G
1740-1-3-7-2,69,G
1740-1-3-a-2,69,G
1740-1-4-8-2,69,G
1740-1-5-6-2,69,G
1739-2-2-16-2,69,G
1739-2-2-19-2,69,G
1739-2-3-17-2,69,G
1739-2-4-15-2,69,G
1740-1-1-17-2,69,G
1740-1-2-15-2,69,G
1740-1-2-18-2,69,G
1740-1-3-16-2,69,G
1740-1-3-19-2,69,G
1740-1-4-17-2,69,G
1739-2-7-f-2,69,G
1739-2-8-d-2,69,G
1742-3-18-9-3,70,G
1742-3-18-a-4,70,G
1742-3-18-d-3,70,G
1742-3-18-e-3,70,G
1742-3-18-f-4,70,G
1742-3-19-b-4,70,G
1742-3-18-17-1,70,G
1742-3-18-18-1,70,G
1742-3-18-19-2,70,G
1742-3-19-15-2,70,G
1742-3-19-16-2,70,G
1808-1-4-3-1,70,G
1808-1-4-4-1,70,G
1808-1-4-5-2,70,G
1808-1-5-1-2,70,G
1808-1-5-2-2,70,G
1808-1-4-8-1,70,G
1808-1-4-9-1,70,G
1808-1-4-a-2,70,G
1808-1-5-6-2,70,G
1808-1-5-7-2,70,G
1808-1-4-c-1,70,G
1808-1-4-d-1,70,G
1808-1-4-e-1,70,G
1808-1-4-f-2,70,G
1808-1-5-b-2,70,G
1808-1-4-11-1,70,G
1808-1-4-12-1,70,G
1808-1-4-13-1,70,G
1808-1-4-14-2,70,G
1808-1-5-10-2,70,G
1808-1-4-16-1,70,G
1808-1-4-17-1,70,G
1808-1-4-18-1,70,G
1808-1-4-19-2,70,G
1808-1-5-15-2,70,G
1808-1-9-1-1,70,G
1808-1-9-2-1,70,G
1808-1-9-3-1,70,G
1808-1-9-4-1,70,G
1808-1-9-5-2,70,G
1808-1-a-1-2,70,G
1808-1-9-6-3,70,G
1808-1-9-7-3,70,G
1808-1-9-8-3,70,G
1808-1-9-9-3,70,G
1808-1-9-a-4,70,G
1808-1-8-f-3,70,G
1808-1-9-b-3,70,G
1808-1-9-c-3,70,G
1808-1-9-d-3,70,G
1808-1-9-e-3,70,G
1808-1-8-14-3,70,G
1808-1-9-10-3,70,G
1808-1-9-11-3,70,G
1808-1-9-12-3,70,G
1808-1-9-13-3,70,G
1808-1-8-18-3,70,G
1808-1-8-19-3,70,G
1808-1-9-15-3,70,G
1808-1-9-16-3,70,G
1808-1-9-17-3,70,G
1808-1-9-18-3,70,G
1808-1-d-1-4,70,G
1808-1-d-3-3,70,G
1808-1-d-4-3,70,G
1808-1-d-5-3,70,G
1808-1-e-1-3,70,G
1808-1-e-2-3,70,G
1808-1-e-3-3,70,G
1808-1-e-4-3,70,G
1808-1-c-9-4,70,G
1808-1-c-a-4,70,G
1808-1-d-6-4,70,G
1808-1-d-8-3,70,G
1808-1-d-9-3,70,G
1808-1-d-a-3,70,G
1808-1-e-6-3,70,G
1808-1-e-7-3,70,G
1808-1-e-8-3,70,G
1808-1-e-9-3,70,G
1808-1-c-e-4,70,G
1808-1-c-f-4,70,G
1808-1-d-b-4,70,G
1808-1-d-d-3,70,G
1808-1-d-e-3,70,G
1808-1-d-f-3,70,G
1808-1-e-b-3,70,G
1808-1-e-c-3,70,G
1808-1-e-d-3,70,G
1808-1-e-e-3,70,G
1808-1-e-f-4,70,G
1808-1-c-12-4,70,G
1808-1-c-13-4,70,G
1808-1-c-14-4,70,G
1808-1-d-10-4,70,G
1808-1-d-12-3,70,G
1808-1-d-13-3,70,G
1808-1-d-14-3,70,G
1808-1-e-10-3,70,G
1808-1-e-11-3,70,G
1808-1-e-12-3,70,G
1808-1-e-13-3,70,G
1808-1-e-14-4,70,G
1808-1-f-10-4,70,G
1808-1-f-11-4,70,G
1808-1-11-1-2,70,G
1808-1-11-2-2,70,G
1808-1-11-3-2,70,G
1808-1-11-4-2,70,G
1808-1-11-5-2,70,G
1808-1-12-1-2,70,G
1808-1-12-3-1,70,G
1808-1-12-4-1,70,G
1808-1-12-5-1,70,G
1808-1-13-1-1,70,G
1808-1-13-2-1,70,G
1808-1-13-3-1,70,G
1808-1-13-4-1,70,G
1808-1-13-5-2,70,G
1808-1-14-1-2,70,G
1808-1-14-2-2,70,G
1808-1-14-3-2,70,G
1808-1-14-4-2,70,G
1808-1-11-6-2,70,G
1808-1-11-7-2,70,G
1808-1-11-8-2,70,G
1808-1-11-9-2,70,G
1808-1-11-a-2,70,G
1808-1-12-6-2,70,G
1808-1-12-8-1,70,G
1808-1-12-9-1,70,G
1808-1-12-a-1,70,G
1808-1-13-6-1,70,G
1808-1-13-7-1,70,G
1808-1-13-8-1,70,G
1808-1-13-9-1,70,G
1808-1-13-a-2,70,G
1808-1-14-6-2,70,G
1808-1-14-7-2,70,G
1808-1-14-8-2,70,G
1808-1-14-9-2,70,G
1808-1-14-a-2,70,G
1808-2-11-9-1,70,G
1808-2-11-a-1,70,G
1808-2-12-6-2,70,G
1808-2-12-7-2,70,G
1808-1-10-f-2,70,G
1808-1-11-b-2,70,G
1808-1-11-c-2,70,G
1808-1-11-d-2,70,G
1808-1-11-e-2,70,G
1808-1-11-f-2,70,G
1808-1-12-b-2,70,G
1808-1-12-d-1,70,G
1808-1-12-e-1,70,G
1808-1-12-f-1,70,G
1808-1-13-b-1,70,G
1808-1-13-c-1,70,G
1808-1-13-d-1,70,G
1808-1-13-e-1,70,G
1808-1-13-f-2,70,G
1808-1-14-b-2,70,G
1808-1-14-c-2,70,G
1808-1-14-d-2,70,G
1808-1-14-e-2,70,G
1808-1-14-f-2,70,G
1808-2-11-d-1,70,G
1808-2-11-e-1,70,G
1808-2-11-f-1,70,G
1808-2-12-b-2,70,G
1808-2-12-c-2,70,G
1808-2-12-d-2,70,G
1808-2-12-e-2,70,G
1808-1-10-13-1,70,G
1808-1-10-14-2,70,G
1808-1-11-10-2,70,G
1808-1-11-11-2,70,G
1808-1-11-12-2,70,G
1808-1-11-13-2,70,G
1808-1-11-14-2,70,G
1808-1-12-10-2,70,G
1808-1-12-12-1,70,G
1808-1-12-13-1,70,G
1808-1-12-14-1,70,G
1808-1-13-10-1,70,G
1808-1-13-11-1,70,G
1808-1-13-12-1,70,G
1808-1-13-13-1,70,G
1808-1-13-14-2,70,G
1808-1-14-10-2,70,G
1808-1-14-11-2,70,G
1808-1-14-12-2,70,G
1808-1-14-13-2,70,G
1808-1-14-14-2,70,G
1808-2-10-11-2,70,G
1808-2-10-13-1,70,G
1808-2-10-14-1,70,G
1808-2-11-10-1,70,G
1808-2-11-11-1,70,G
1808-2-11-12-1,70,G
1808-2-11-13-1,70,G
1808-2-11-14-1,70,G
1808-2-12-10-2,70,G
1808-2-12-11-2,70,G
1808-2-12-12-2,70,G
1808-2-12-13-2,70,G
1808-1-10-17-1,70,G
1808-1-10-18-1,70,G
1808-1-10-19-2,70,G
1808-1-11-15-2,70,G
1808-1-11-16-2,70,G
1808-1-11-17-2,70,G
1808-1-11-18-2,70,G
1808-1-11-19-2,70,G
1808-1-12-15-2,70,G
1808-1-12-17-1,70,G
1808-1-12-18-1,70,G
1808-1-13-15-1,70,G
1808-1-13-16-1,70,G
1808-1-13-17-1,70,G
1808-1-13-18-1,70,G
1808-1-13-19-2,70,G
1808-1-14-15-2,70,G
1808-1-14-16-2,70,G
1808-1-14-17-2,70,G
1808-1-14-18-2,70,G
1808-1-14-19-2,70,G
1808-2-10-15-2,70,G
1808-2-10-16-2,70,G
1808-2-10-18-1,70,G
1808-2-10-19-1,70,G
1808-2-11-15-1,70,G
1808-2-11-16-1,70,G
1808-2-11-17-1,70,G
1808-2-11-18-1,70,G
1808-2-11-19-1,70,G
1808-2-12-15-2,70,G
1808-2-12-16-2,70,G
1808-2-12-17-2,70,G
1808-2-12-18-2,70,G
1808-1-15-3-1,70,G
1808-1-15-4-1,70,G
1808-1-15-5-2,70,G
1808-1-16-1-2,70,G
1808-1-16-2-2,70,G
1808-1-16-3-2,70,G
1808-1-18-2-1,70,G
1808-1-18-3-1,70,G
1808-1-18-4-1,70,G
1808-1-18-5-2,70,G
1808-1-19-1-2,70,G
1808-1-19-2-2,70,G
1808-1-19-3-2,70,G
1808-1-19-4-2,70,G
1808-1-19-5-2,70,G
1808-2-15-1-2,70,G
1808-2-15-2-2,70,G
1808-2-15-4-1,70,G
1808-2-15-5-1,70,G
1808-2-16-1-1,70,G
1808-2-16-2-1,70,G
1808-2-16-3-1,70,G
1808-2-16-4-1,70,G
1808-2-16-5-1,70,G
1808-2-17-1-2,70,G
1808-2-17-2-2,70,G
1808-2-17-3-2,70,G
1808-2-17-4-2,70,G
1808-2-17-5-2,70,G
1808-1-15-8-1,70,G
1808-1-15-9-1,70,G
1808-1-15-a-2,70,G
1808-1-16-6-2,70,G
1808-1-18-8-1,70,G
1808-1-18-9-1,70,G
1808-1-18-a-2,70,G
1808-1-19-6-2,70,G
1808-1-19-7-2,70,G
1808-1-19-8-2,70,G
1808-1-19-9-2,70,G
1808-1-19-a-2,70,G
1808-2-15-6-2,70,G
1808-2-15-7-2,70,G
1808-2-15-9-1,70,G
1808-2-15-a-1,70,G
1808-2-16-6-1,70,G
1808-2-16-7-1,70,G
1808-2-16-8-1,70,G
1808-2-16-9-1,70,G
1808-2-16-a-1,70,G
1808-2-17-6-2,70,G
1808-2-17-7-2,70,G
1808-2-17-8-2,70,G
1808-2-17-9-2,70,G
1808-2-17-a-2,70,G
1808-1-15-d-3,70,G
1808-1-15-e-3,70,G
1808-1-18-e-3,70,G
1808-1-18-f-4,70,G
1808-1-19-b-4,70,G
1808-1-19-c-4,70,G
1808-1-19-d-4,70,G
1808-1-19-e-4,70,G
1808-1-19-f-4,70,G
1808-2-15-b-4,70,G
1808-2-15-c-4,70,G
1808-2-15-e-3,70,G
1808-2-15-f-3,70,G
1808-2-16-b-3,70,G
1808-2-16-c-3,70,G
1808-2-16-d-3,70,G
1808-2-16-e-3,70,G
1808-2-16-f-3,70,G
1808-2-17-b-4,70,G
1808-2-17-c-4,70,G
1808-2-17-d-4,70,G
1808-2-17-e-4,70,G
1808-2-17-f-4,70,G
1808-1-15-12-3,70,G
1808-1-15-13-3,70,G
1808-1-18-14-4,70,G
1808-1-19-10-4,70,G
1808-1-19-11-4,70,G
1808-1-19-12-4,70,G
1808-1-19-13-4,70,G
1808-1-19-14-4,70,G
1808-2-15-10-4,70,G
1808-2-15-11-4,70,G
1808-2-15-13-3,70,G
1808-2-15-14-3,70,G
1808-2-16-10-3,70,G
1808-2-16-11-3,70,G
1808-2-16-12-3,70,G
1808-2-16-13-3,70,G
1808-2-16-14-3,70,G
1808-2-17-10-4,70,G
1808-2-17-11-4,70,G
1808-2-17-12-4,70,G
1808-2-17-13-4,70,G
1808-1-15-16-3,70,G
1808-1-15-17-3,70,G
1808-1-15-18-3,70,G
1808-1-19-15-4,70,G
1808-1-19-16-4,70,G
1808-1-19-17-4,70,G
1808-1-19-18-4,70,G
1808-1-19-19-4,70,G
1808-2-15-15-4,70,G
1808-2-15-16-4,70,G
1808-2-15-18-3,70,G
1808-2-15-19-3,70,G
1808-2-16-15-3,70,G
1808-2-16-16-3,70,G
1808-2-16-17-3,70,G
1808-2-16-18-3,70,G
1808-2-16-19-3,70,G
1808-2-17-15-4,70,G
1808-2-17-16-4,70,G
1808-2-17-17-4,70,G
1808-2-17-18-4,70,G
1808-3-1-1-3,70,G
1808-3-1-2-3,70,G
1808-3-1-3-3,70,G
1808-3-5-1-4,70,G
1808-3-5-2-4,70,G
1808-3-5-3-4,70,G
1808-3-5-4-4,70,G
1808-3-5-5-4,70,G
1808-4-1-1-4,70,G
1808-4-1-2-4,70,G
1808-4-1-4-3,70,G
1808-4-1-5-3,70,G
1808-4-2-1-3,70,G
1808-4-2-2-3,70,G
1808-4-2-3-3,70,G
1808-4-2-4-3,70,G
1808-4-2-5-3,70,G
1808-4-3-1-4,70,G
1808-4-3-2-4,70,G
1808-4-3-3-4,70,G
1808-4-3-4-4,70,G
1808-3-1-6-3,70,G
1808-3-1-7-3,70,G
1808-3-1-8-3,70,G
1808-3-5-6-4,70,G
1808-3-5-7-4,70,G
1808-3-5-8-4,70,G
1808-3-5-9-4,70,G
1808-3-5-a-4,70,G
1808-4-1-6-4,70,G
1808-4-1-7-4,70,G
1808-4-1-9-3,70,G
1808-4-1-a-3,70,G
1808-4-2-6-3,70,G
1808-4-2-7-3,70,G
1808-4-2-8-3,70,G
1808-4-2-9-3,70,G
1808-4-2-a-3,70,G
1808-4-3-6-4,70,G
1808-4-3-7-4,70,G
1808-4-3-8-4,70,G
1808-3-1-b-3,70,G
1808-3-1-c-3,70,G
1808-3-5-b-4,70,G
1808-3-5-c-4,70,G
1808-3-5-d-4,70,G
1808-3-5-e-4,70,G
1808-3-5-f-4,70,G
1808-4-1-b-4,70,G
1808-4-1-c-4,70,G
1808-4-1-e-3,70,G
1808-4-1-f-3,70,G
1808-4-2-b-3,70,G
1808-4-2-c-3,70,G
1808-4-2-d-3,70,G
1808-4-2-e-3,70,G
1808-4-2-f-3,70,G
1808-4-3-b-4,70,G
1808-4-3-c-4,70,G
1808-4-3-d-4,70,G
1808-3-1-10-3,70,G
1808-3-1-11-3,70,G
1808-3-4-14-4,70,G
1808-3-5-10-4,70,G
1808-3-5-11-4,70,G
1808-3-5-12-4,70,G
1808-3-5-13-4,70,G
1808-3-5-14-4,70,G
1808-4-1-10-4,70,G
1808-4-1-11-4,70,G
1808-4-1-13-3,70,G
1808-4-1-14-3,70,G
1808-4-2-10-3,70,G
1808-4-2-11-3,70,G
1808-4-2-12-3,70,G
1808-4-2-13-3,70,G
1808-4-2-14-3,70,G
1808-4-3-10-4,70,G
1808-4-3-11-4,70,G
1808-4-3-12-4,70,G
1808-3-a-3-2,70,G
1808-3-a-4-2,70,G
1808-3-a-5-2,70,G
1808-4-6-1-2,70,G
1808-4-6-2-2,70,G
1808-4-6-4-1,70,G
1808-4-6-5-1,70,G
1808-4-7-1-1,70,G
1808-4-7-2-1,70,G
1808-4-7-3-1,70,G
1808-4-7-4-1,70,G
1808-4-7-5-1,70,G
1808-4-8-1-2,70,G
1808-4-8-2-2,70,G
1808-3-a-8-2,70,G
1808-3-a-9-2,70,G
1808-3-a-a-2,70,G
1808-4-6-6-2,70,G
1808-4-6-7-2,70,G
1808-4-6-9-1,70,G
1808-4-6-a-1,70,G
1808-4-7-6-1,70,G
1808-4-7-7-1,70,G
1808-4-7-8-1,70,G
1808-4-7-9-1,70,G
1808-4-7-a-1,70,G
1808-4-8-6-2,70,G
1808-4-8-7-2,70,G
1808-3-a-c-2,70,G
1808-3-a-d-2,70,G
1808-3-a-e-2,70,G
1808-3-a-f-2,70,G
1808-4-6-b-2,70,G
1808-4-6-c-2,70,G
1808-4-6-e-1,70,G
1808-4-6-f-1,70,G
1808-4-7-b-1,70,G
1808-4-7-c-1,70,G
1808-4-7-d-1,70,G
1808-4-7-e-1,70,G
1808-4-7-f-1,70,G
1808-4-8-b-2,70,G
1808-4-8-c-2,70,G
1808-4-8-d-2,70,G
1808-3-a-10-2,70,G
1808-3-a-11-2,70,G
1808-3-a-12-2,70,G
1808-3-a-13-2,70,G
1808-3-a-14-2,70,G
1808-4-6-10-2,70,G
1808-4-6-11-2,70,G
1808-4-6-13-1,70,G
1808-4-6-14-1,70,G
1808-4-7-10-1,70,G
1808-4-7-11-1,70,G
1808-4-7-12-1,70,G
1808-4-7-13-1,70,G
1808-4-7-14-1,70,G
1808-4-8-10-2,70,G
1808-4-8-11-2,70,G
1808-4-8-12-2,70,G
1808-3-9-19-2,70,G
1808-3-a-15-2,70,G
1808-3-a-16-2,70,G
1808-3-a-17-2,70,G
1808-3-a-18-2,70,G
1808-3-a-19-2,70,G
1808-4-6-15-2,70,G
1808-4-6-16-2,70,G
1808-4-6-18-1,70,G
1808-4-6-19-1,70,G
1808-4-7-15-1,70,G
1808-4-7-16-1,70,G
1808-4-7-17-1,70,G
1808-4-7-18-1,70,G
1808-4-7-19-1,70,G
1808-4-8-15-2,70,G
1808-4-8-16-2,70,G
1808-4-8-17-2,70,G
1808-3-e-5-2,70,G
1808-3-f-1-2,70,G
1808-3-f-2-2,70,G
1808-3-f-3-2,70,G
1808-3-f-4-2,70,G
1808-3-f-5-2,70,G
1808-4-b-1-2,70,G
1808-4-b-2-2,70,G
1808-4-b-4-1,70,G
1808-4-b-5-1,70,G
1808-4-c-1-1,70,G
1808-4-c-2-1,70,G
1808-4-c-3-1,70,G
1808-4-c-4-1,70,G
1808-4-c-5-1,70,G
1808-4-d-1-2,70,G
1808-4-d-2-2,70,G
1808-4-d-3-2,70,G
1808-4-d-4-2,70,G
1808-3-f-7-2,70,G
1808-3-f-8-2,70,G
1808-3-f-9-2,70,G
1808-3-f-a-2,70,G
1808-4-b-6-2,70,G
1808-4-b-7-2,70,G
1808-4-b-9-1,70,G
1808-4-b-a-1,70,G
1808-4-c-6-1,70,G
1808-4-c-7-1,70,G
1808-4-c-8-1,70,G
1808-4-c-9-1,70,G
1808-4-c-a-1,70,G
1808-4-d-6-2,70,G
1808-4-d-7-2,70,G
1808-4-d-8-2,70,G
1808-4-d-9-2,70,G
1808-3-f-c-4,70,G
1808-3-f-d-4,70,G
1808-3-f-e-4,70,G
1808-3-f-f-4,70,G
1808-4-b-b-4,70,G
1808-4-b-c-4,70,G
1808-4-b-e-3,70,G
1808-4-b-f-3,70,G
1808-4-c-b-3,70,G
1808-4-c-c-3,70,G
1808-4-c-d-3,70,G
1808-4-c-e-3,70,G
1808-4-c-f-3,70,G
1808-4-d-b-4,70,G
1808-4-d-c-4,70,G
1808-4-d-d-4,70,G
1808-4-d-e-4,70,G
1808-3-f-12-4,70,G
1808-3-f-13-4,70,G
1808-3-f-14-4,70,G
1808-4-b-10-4,70,G
1808-4-b-11-4,70,G
1808-4-b-13-3,70,G
1808-4-b-14-3,70,G
1808-4-c-10-3,70,G
1808-4-c-11-3,70,G
1808-4-c-12-3,70,G
1808-4-c-13-3,70,G
1808-4-c-14-3,70,G
1808-4-d-10-4,70,G
1808-4-d-11-4,70,G
1808-4-d-12-4,70,G
1808-4-d-13-4,70,G
1808-3-f-17-4,70,G
1808-3-f-18-4,70,G
1808-3-f-19-4,70,G
1808-4-b-15-4,70,G
1808-4-b-16-4,70,G
1808-4-b-18-3,70,G
1808-4-b-19-3,70,G
1808-4-c-15-3,70,G
1808-4-c-16-3,70,G
1808-4-c-17-3,70,G
1808-4-c-18-3,70,G
1808-4-c-19-3,70,G
1808-4-d-15-4,70,G
1808-4-d-16-4,70,G
1808-4-d-17-4,70,G
1808-4-d-18-4,70,G
1808-4-d-19-4,70,G
1808-3-14-4-4,70,G
1808-3-14-5-4,70,G
1808-4-10-1-4,70,G
1808-4-10-2-4,70,G
1808-4-10-4-3,70,G
1808-4-10-5-3,70,G
1808-4-11-1-3,70,G
1808-4-11-2-3,70,G
1808-4-11-3-3,70,G
1808-4-11-4-3,70,G
1808-4-11-5-3,70,G
1808-4-12-1-4,70,G
1808-4-12-2-4,70,G
1808-4-12-3-4,70,G
1808-4-12-4-4,70,G
1808-4-12-5-4,70,G
1808-3-14-9-4,70,G
1808-3-14-a-4,70,G
1808-4-10-6-4,70,G
1808-4-10-7-4,70,G
1808-4-10-9-3,70,G
1808-4-10-a-3,70,G
1808-4-11-6-3,70,G
1808-4-11-7-3,70,G
1808-4-11-8-3,70,G
1808-4-11-9-3,70,G
1808-4-11-a-3,70,G
1808-4-12-6-4,70,G
1808-4-12-7-4,70,G
1808-4-12-8-4,70,G
1808-4-12-9-4,70,G
1808-4-12-a-4,70,G
1808-3-14-e-4,70,G
1808-3-14-f-4,70,G
1808-4-10-b-4,70,G
1808-4-10-c-4,70,G
1808-4-10-e-3,70,G
1808-4-10-f-3,70,G
1808-4-11-b-3,70,G
1808-4-11-c-3,70,G
1808-4-11-d-3,70,G
1808-4-11-e-3,70,G
1808-4-11-f-3,70,G
1808-4-12-b-4,70,G
1808-4-12-c-4,70,G
1808-4-12-d-4,70,G
1808-4-12-e-4,70,G
1808-4-12-f-4,70,G
1808-3-14-13-4,70,G
1808-3-14-14-4,70,G
1808-4-10-10-4,70,G
1808-4-10-11-4,70,G
1808-4-10-13-3,70,G
1808-4-10-14-3,70,G
1808-4-11-10-3,70,G
1808-4-11-11-3,70,G
1808-4-11-12-3,70,G
1808-4-11-13-3,70,G
1808-4-11-14-3,70,G
1808-4-12-10-4,70,G
1808-4-12-11-4,70,G
1808-4-12-12-4,70,G
1808-4-12-13-4,70,G
1808-4-12-14-4,70,G
1808-4-13-10-4,70,G
1808-3-14-18-4,70,G
1808-3-14-19-4,70,G
1808-4-10-15-4,70,G
1808-4-10-16-4,70,G
1808-4-10-18-3,70,G
1808-4-10-19-3,70,G
1808-4-11-15-3,70,G
1808-4-11-16-3,70,G
1808-4-11-17-3,70,G
1808-4-11-18-3,70,G
1808-4-11-19-3,70,G
1808-4-12-15-4,70,G
1808-4-12-16-4,70,G
1808-4-12-17-4,70,G
1808-4-12-18-4,70,G
1808-4-12-19-4,70,G
1808-4-13-15-4,70,G
1808-3-19-a-2,70,G
1808-4-15-6-2,70,G
1808-4-15-7-2,70,G
1808-4-15-9-1,70,G
1808-4-15-a-1,70,G
1808-4-16-6-1,70,G
1808-4-16-7-1,70,G
1808-4-16-8-1,70,G
1808-4-16-9-1,70,G
1808-4-16-a-1,70,G
1808-4-17-6-2,70,G
1808-4-17-7-2,70,G
1808-4-17-8-2,70,G
1808-4-17-9-2,70,G
1808-4-17-a-2,70,G
1808-4-18-6-2,70,G
1808-3-19-e-2,70,G
1808-3-19-f-2,70,G
1808-4-15-b-2,70,G
1808-4-15-c-2,70,G
1808-4-15-e-1,70,G
1808-4-15-f-1,70,G
1808-4-16-b-1,70,G
1808-4-16-c-1,70,G
1808-4-16-d-1,70,G
1808-4-16-e-1,70,G
1808-4-16-f-1,70,G
1808-4-17-b-2,70,G
1808-4-17-c-2,70,G
1808-4-17-d-2,70,G
1808-4-17-e-2,70,G
1808-4-17-f-2,70,G
1808-4-18-b-2,70,G
1808-3-19-12-2,70,G
1808-3-19-13-2,70,G
1808-3-19-14-2,70,G
1808-4-15-10-2,70,G
1808-4-15-11-2,70,G
1808-4-15-13-1,70,G
1808-4-15-14-1,70,G
1808-4-16-10-1,70,G
1808-4-16-11-1,70,G
1808-4-16-12-1,70,G
1808-4-16-13-1,70,G
1808-4-16-14-1,70,G
1808-4-17-10-2,70,G
1808-4-17-11-2,70,G
1808-4-17-12-2,70,G
1808-4-17-13-2,70,G
1808-4-17-14-2,70,G
1808-4-18-10-2,70,G
1808-3-19-16-2,70,G
1808-3-19-17-2,70,G
1808-3-19-18-2,70,G
1808-3-19-19-2,70,G
1808-4-15-15-2,70,G
1808-4-15-16-2,70,G
1808-4-15-18-1,70,G
1808-4-15-19-1,70,G
1808-4-16-15-1,70,G
1808-4-16-16-1,70,G
1808-4-16-17-1,70,G
1808-4-16-18-1,70,G
1808-4-16-19-1,70,G
1808-4-17-15-2,70,G
1808-4-17-16-2,70,G
1808-4-17-17-2,70,G
1808-4-17-18-2,70,G
1808-4-17-19-2,70,G
1808-4-18-15-2,70,G
1874-1-5-2-2,70,G
1874-1-5-3-2,70,G
1874-1-5-4-2,70,G
1874-1-5-5-2,70,G
1874-2-1-1-2,70,G
1874-2-1-2-2,70,G
1874-2-1-4-1,70,G
1874-2-1-5-1,70,G
1874-2-2-1-1,70,G
1874-2-2-2-1,70,G
1874-2-2-3-1,70,G
1874-2-2-4-1,70,G
1874-2-2-5-1,70,G
1874-2-3-1-2,70,G
1874-2-3-2-2,70,G
1874-2-3-3-2,70,G
1874-2-3-4-2,70,G
1874-2-3-5-2,70,G
1874-1-5-6-2,70,G
1874-1-5-7-2,70,G
1874-1-5-8-2,70,G
1874-1-5-9-2,70,G
1874-1-5-a-2,70,G
1874-2-1-6-2,70,G
1874-2-1-7-2,70,G
1874-2-1-9-1,70,G
1874-2-1-a-1,70,G
1874-2-2-6-1,70,G
1874-2-2-7-1,70,G
1874-2-2-8-1,70,G
1874-2-2-9-1,70,G
1874-2-2-a-1,70,G
1874-2-3-6-2,70,G
1874-2-3-7-2,70,G
1874-2-3-8-2,70,G
1874-2-3-9-2,70,G
1874-2-3-a-2,70,G
1874-1-4-f-2,70,G
1874-1-5-b-2,70,G
1874-1-5-c-2,70,G
1874-1-5-d-2,70,G
1874-1-5-e-2,70,G
1874-1-5-f-2,70,G
1874-2-1-b-2,70,G
1874-2-1-c-2,70,G
1874-2-1-e-1,70,G
1874-2-1-f-1,70,G
1874-2-2-b-1,70,G
1874-2-2-c-1,70,G
1874-2-2-d-1,70,G
1874-2-2-e-1,70,G
1874-2-2-f-1,70,G
1874-2-3-b-2,70,G
1874-2-3-c-2,70,G
1874-2-3-d-2,70,G
1874-2-3-e-2,70,G
1874-2-3-f-2,70,G
1874-1-4-12-3,70,G
1874-1-4-13-3,70,G
1874-1-4-14-4,70,G
1874-1-5-10-4,70,G
1874-1-5-11-4,70,G
1874-1-5-12-4,70,G
1874-1-5-13-4,70,G
1874-1-5-14-4,70,G
1874-2-1-10-4,70,G
1874-2-1-11-4,70,G
1874-2-1-13-3,70,G
1874-2-1-14-3,70,G
1874-2-2-10-3,70,G
1874-2-2-11-3,70,G
1874-2-2-12-3,70,G
1874-2-2-13-3,70,G
1874-2-2-14-3,70,G
1874-2-3-10-4,70,G
1874-2-3-11-4,70,G
1874-2-3-12-4,70,G
1874-2-3-13-4,70,G
1874-2-3-14-4,70,G
1874-1-4-16-3,70,G
1874-1-4-17-3,70,G
1874-1-4-18-3,70,G
1874-1-4-19-4,70,G
1874-1-5-15-4,70,G
1874-1-5-16-4,70,G
1874-1-5-17-4,70,G
1874-1-5-18-4,70,G
1874-1-5-19-4,70,G
1874-2-1-15-4,70,G
1874-2-1-16-4,70,G
1874-2-1-18-3,70,G
1874-2-1-19-3,70,G
1874-2-2-15-3,70,G
1874-2-2-16-3,70,G
1874-2-2-17-3,70,G
1874-2-2-18-3,70,G
1874-2-2-19-3,70,G
1874-2-3-15-4,70,G
1874-2-3-16-4,70,G
1874-2-3-17-4,70,G
1874-2-3-18-4,70,G
1874-2-3-19-4,70,G
1874-1-9-2-3,70,G
1874-1-9-3-3,70,G
1874-1-9-4-3,70,G
1874-1-9-5-4,70,G
1874-1-a-1-4,70,G
1874-1-a-2-4,70,G
1874-1-a-3-4,70,G
1874-1-a-4-4,70,G
1874-1-a-5-4,70,G
1874-2-6-1-4,70,G
1874-2-6-2-4,70,G
1874-2-6-4-3,70,G
1874-2-6-5-3,70,G
1874-2-7-1-3,70,G
1874-2-7-2-3,70,G
1874-2-7-3-3,70,G
1874-2-7-4-3,70,G
1874-2-7-5-3,70,G
1874-2-8-1-4,70,G
1874-2-8-2-4,70,G
1874-2-8-3-4,70,G
1874-2-8-4-4,70,G
1874-2-8-5-4,70,G
1874-1-9-9-3,70,G
1874-1-9-a-4,70,G
1874-1-a-6-4,70,G
1874-1-a-7-4,70,G
1874-1-a-8-4,70,G
1874-1-a-9-4,70,G
1874-1-a-a-4,70,G
1874-2-6-6-4,70,G
1874-2-6-7-4,70,G
1874-2-6-9-3,70,G
1874-2-6-a-3,70,G
1874-2-7-6-3,70,G
1874-2-7-7-3,70,G
1874-2-7-8-3,70,G
1874-2-7-9-3,70,G
1874-2-7-a-3,70,G
1874-2-8-6-4,70,G
1874-2-8-7-4,70,G
1874-2-8-8-4,70,G
1874-2-8-9-4,70,G
1874-2-8-a-4,70,G
1874-1-9-e-3,70,G
1874-1-9-f-4,70,G
1874-1-a-b-4,70,G
1874-1-a-c-4,70,G
1874-1-a-d-4,70,G
1874-1-a-e-4,70,G
1874-1-a-f-4,70,G
1874-2-6-b-4,70,G
1874-2-6-c-4,70,G
1874-2-6-e-3,70,G
1874-2-6-f-3,70,G
1874-2-7-b-3,70,G
1874-2-7-c-3,70,G
1874-2-7-d-3,70,G
1874-2-7-e-3,70,G
1874-2-7-f-3,70,G
1874-2-8-b-4,70,G
1874-2-8-c-4,70,G
1874-2-8-d-4,70,G
1874-2-8-e-4,70,G
1874-2-8-f-4,70,G
1874-1-9-14-4,70,G
1874-1-a-10-4,70,G
1874-1-a-11-4,70,G
1874-1-a-12-4,70,G
1874-1-a-13-4,70,G
1874-1-a-14-4,70,G
1874-2-6-10-4,70,G
1874-2-6-11-4,70,G
1874-2-6-13-3,70,G
1874-2-6-14-3,70,G
1874-2-7-10-3,70,G
1874-2-7-11-3,70,G
1874-2-7-12-3,70,G
1874-2-7-13-3,70,G
1874-2-7-14-3,70,G
1874-2-8-10-4,70,G
1874-2-8-11-4,70,G
1874-2-8-12-4,70,G
1874-2-8-13-4,70,G
1874-2-8-14-4,70,G
1874-1-a-15-4,70,G
1874-1-a-16-4,70,G
1874-1-a-17-4,70,G
1874-1-a-18-4,70,G
1874-1-a-19-4,70,G
1874-2-6-15-4,70,G
1874-2-6-16-4,70,G
1874-2-6-18-3,70,G
1874-2-6-19-3,70,G
1874-2-7-15-3,70,G
1874-2-7-16-3,70,G
1874-2-7-17-3,70,G
1874-2-7-18-3,70,G
1874-2-7-19-3,70,G
1874-2-8-15-4,70,G
1874-2-8-16-4,70,G
1874-2-8-17-4,70,G
1874-2-8-18-4,70,G
1874-2-8-19-4,70,G
1874-1-f-7-2,70,G
1874-1-f-8-2,70,G
1874-1-f-9-2,70,G
1874-1-f-a-2,70,G
1874-2-b-6-2,70,G
1874-2-b-7-2,70,G
1874-2-b-9-1,70,G
1874-2-b-a-1,70,G
1874-2-c-6-1,70,G
1874-2-c-7-1,70,G
1874-2-c-8-1,70,G
1874-2-c-9-1,70,G
1874-2-c-a-1,70,G
1874-2-d-6-2,70,G
1874-2-d-7-2,70,G
1874-2-d-8-2,70,G
1874-2-d-9-2,70,G
1874-1-f-c-2,70,G
1874-1-f-d-2,70,G
1874-1-f-e-2,70,G
1874-1-f-f-2,70,G
1874-2-b-b-2,70,G
1874-2-b-c-2,70,G
1874-2-b-e-1,70,G
1874-2-b-f-1,70,G
1874-2-c-b-1,70,G
1874-2-c-c-1,70,G
1874-2-c-d-1,70,G
1874-2-c-e-1,70,G
1874-2-c-f-1,70,G
1874-2-d-b-2,70,G
1874-2-d-c-2,70,G
1874-2-d-d-2,70,G
1874-2-d-e-2,70,G
1874-1-f-11-2,70,G
1874-1-f-12-2,70,G
1874-1-f-13-2,70,G
1874-1-f-14-2,70,G
1874-2-b-10-2,70,G
1874-2-b-11-2,70,G
1874-2-b-13-1,70,G
1874-2-b-14-1,70,G
1874-2-c-10-1,70,G
1874-2-c-11-1,70,G
1874-2-c-12-1,70,G
1874-2-c-13-1,70,G
1874-2-c-14-1,70,G
1874-2-d-10-2,70,G
1874-2-d-11-2,70,G
1874-2-d-12-2,70,G
1874-2-d-13-2,70,G
1874-1-f-17-2,70,G
1874-1-f-18-2,70,G
1874-1-f-19-2,70,G
1874-2-b-15-2,70,G
1874-2-b-16-2,70,G
1874-2-b-18-1,70,G
1874-2-b-19-1,70,G
1874-2-c-15-1,70,G
1874-2-c-16-1,70,G
1874-2-c-17-1,70,G
1874-2-c-18-1,70,G
1874-2-c-19-1,70,G
1874-2-d-15-2,70,G
1874-2-d-16-2,70,G
1874-2-d-17-2,70,G
1874-2-d-18-2,70,G
1874-1-14-4-2,70,G
1874-1-14-5-2,70,G
1874-2-10-1-2,70,G
1874-2-10-2-2,70,G
1874-2-10-4-1,70,G
1874-2-10-5-1,70,G
1874-2-11-1-1,70,G
1874-2-11-2-1,70,G
1874-2-11-3-1,70,G
1874-2-11-4-1,70,G
1874-2-11-5-1,70,G
1874-2-12-1-2,70,G
1874-2-12-2-2,70,G
1874-2-12-3-2,70,G
1874-1-14-a-2,70,G
1874-2-10-6-2,70,G
1874-2-10-7-2,70,G
1874-2-10-9-1,70,G
1874-2-10-a-1,70,G
1874-2-11-6-1,70,G
1874-2-11-7-1,70,G
1874-2-11-8-1,70,G
1874-2-11-9-1,70,G
1874-2-11-a-1,70,G
1874-2-12-6-2,70,G
1874-2-12-7-2,70,G
1874-2-12-8-2,70,G
1874-2-10-b-2,70,G
1874-2-10-c-2,70,G
1874-2-10-e-1,70,G
1874-2-10-f-1,70,G
1874-2-11-b-1,70,G
1874-2-11-c-1,70,G
1874-2-11-d-1,70,G
1874-2-11-e-1,70,G
1874-2-11-f-1,70,G
1874-2-12-b-2,70,G
1874-2-12-c-2,70,G
1874-2-12-d-2,70,G
1875-1-10-c-2,70,G
1875-1-10-d-2,70,G
1875-1-14-d-2,70,G
1875-1-14-f-1,70,G
1875-2-10-b-1,70,G
1875-2-10-c-1,70,G
1875-2-10-d-1,70,G
1875-2-10-e-1,70,G
1874-2-10-11-2,70,G
1874-2-10-13-1,70,G
1874-2-10-14-1,70,G
1874-2-11-10-1,70,G
1874-2-11-11-1,70,G
1874-2-11-12-1,70,G
1874-2-11-13-1,70,G
1874-2-11-14-1,70,G
1874-2-12-10-2,70,G
1874-2-12-11-2,70,G
1875-1-10-10-2,70,G
1875-1-10-11-2,70,G
1875-1-10-12-2,70,G
1875-1-10-13-2,70,G
1875-1-13-12-2,70,G
1875-1-13-13-2,70,G
1875-1-13-14-2,70,G
1875-1-14-10-2,70,G
1875-1-14-11-2,70,G
1875-1-14-12-2,70,G
1875-1-14-14-1,70,G
1875-2-10-10-1,70,G
1875-2-10-11-1,70,G
1875-2-10-12-1,70,G
1875-2-10-13-1,70,G
1875-2-10-14-1,70,G
1874-2-10-18-3,70,G
1874-2-10-19-3,70,G
1874-2-11-15-3,70,G
1874-2-11-16-3,70,G
1874-2-11-17-3,70,G
1874-2-11-18-3,70,G
1874-2-11-19-3,70,G
1874-2-12-15-4,70,G
1875-1-10-15-4,70,G
1875-1-10-16-4,70,G
1875-1-10-17-4,70,G
1875-1-10-18-4,70,G
1875-1-13-15-3,70,G
1875-1-13-16-4,70,G
1875-1-13-17-4,70,G
1875-1-13-18-4,70,G
1875-1-13-19-4,70,G
1875-1-14-15-4,70,G
1875-1-14-16-4,70,G
1875-1-14-17-4,70,G
1875-1-14-19-3,70,G
1875-2-10-15-3,70,G
1875-2-10-16-3,70,G
1875-2-10-17-3,70,G
1875-2-10-18-3,70,G
1875-2-10-19-3,70,G
1875-2-11-15-3,70,G
1874-2-15-4-3,70,G
1874-2-15-5-3,70,G
1874-2-16-1-3,70,G
1874-2-16-2-3,70,G
1874-2-16-3-3,70,G
1874-2-16-4-3,70,G
1874-2-16-5-3,70,G
1874-2-17-1-4,70,G
1874-2-17-2-4,70,G
1874-2-19-5-3,70,G
1875-1-15-1-4,70,G
1875-1-15-2-4,70,G
1875-1-15-3-4,70,G
1875-1-15-4-4,70,G
1875-1-15-5-4,70,G
1875-1-17-5-3,70,G
1875-1-18-1-3,70,G
1875-1-18-2-4,70,G
1875-1-18-3-4,70,G
1875-1-18-4-4,70,G
1875-1-18-5-4,70,G
1875-1-19-1-4,70,G
1875-1-19-2-4,70,G
1875-1-19-3-4,70,G
1875-1-19-5-3,70,G
1875-2-15-1-3,70,G
1875-2-15-2-3,70,G
1875-2-15-3-3,70,G
1875-2-15-4-3,70,G
1875-2-15-5-3,70,G
1875-2-16-1-3,70,G
1874-2-15-a-3,70,G
1874-2-16-6-3,70,G
1874-2-16-7-3,70,G
1874-2-16-8-3,70,G
1874-2-16-9-3,70,G
1874-2-16-a-3,70,G
1874-2-17-6-4,70,G
1874-2-17-7-4,70,G
1874-2-17-8-4,70,G
1874-2-17-9-4,70,G
1874-2-19-9-3,70,G
1874-2-19-a-3,70,G
1875-1-15-6-4,70,G
1875-1-15-7-4,70,G
1875-1-15-8-4,70,G
1875-1-15-9-4,70,G
1875-1-15-a-4,70,G
1875-1-17-8-3,70,G
1875-1-17-9-3,70,G
1875-1-17-a-3,70,G
1875-1-18-6-3,70,G
1875-1-18-7-4,70,G
1875-1-18-8-4,70,G
1875-1-18-9-4,70,G
1875-1-18-a-4,70,G
1875-1-19-6-4,70,G
1875-1-19-7-4,70,G
1875-1-19-8-4,70,G
1875-1-19-a-3,70,G
1875-2-15-6-3,70,G
1875-2-15-7-3,70,G
1875-2-15-8-3,70,G
1875-2-15-9-3,70,G
1875-2-15-a-3,70,G
1875-2-16-6-3,70,G
1874-2-16-b-3,70,G
1874-2-16-c-3,70,G
1874-2-16-d-3,70,G
1874-2-16-e-3,70,G
1874-2-16-f-3,70,G
1874-2-17-b-4,70,G
1874-2-17-c-4,70,G
1874-2-17-d-4,70,G
1874-2-17-e-4,70,G
1874-2-17-f-4,70,G
1874-2-19-d-3,70,G
1874-2-19-e-3,70,G
1874-2-19-f-3,70,G
1875-1-15-b-4,70,G
1875-1-15-c-4,70,G
1875-1-15-d-4,70,G
1875-1-15-e-4,70,G
1875-1-15-f-4,70,G
1875-1-16-f-3,70,G
1875-1-17-b-3,70,G
1875-1-17-c-3,70,G
1875-1-17-d-3,70,G
1875-1-17-e-3,70,G
1875-1-17-f-3,70,G
1875-1-18-b-3,70,G
1875-1-18-c-4,70,G
1875-1-18-d-4,70,G
1875-1-18-e-4,70,G
1875-1-18-f-4,70,G
1875-1-19-b-4,70,G
1875-1-19-c-4,70,G
1875-1-19-d-4,70,G
1875-1-19-f-3,70,G
1875-2-15-b-3,70,G
1875-2-15-c-3,70,G
1875-2-15-d-3,70,G
1875-2-15-e-3,70,G
1875-2-15-f-3,70,G
1875-2-16-b-3,70,G
1874-2-16-11-3,70,G
1874-2-16-12-3,70,G
1874-2-16-13-3,70,G
1874-2-16-14-3,70,G
1874-2-17-10-4,70,G
1874-2-17-11-4,70,G
1874-2-17-12-4,70,G
1874-2-17-13-4,70,G
1874-2-17-14-4,70,G
1874-2-18-10-4,70,G
1874-2-19-10-3,70,G
1874-2-19-11-3,70,G
1874-2-19-12-3,70,G
1874-2-19-13-3,70,G
1874-2-19-14-3,70,G
1875-1-15-10-4,70,G
1875-1-15-11-4,70,G
1875-1-15-12-4,70,G
1875-1-15-13-4,70,G
1875-1-15-14-4,70,G
1875-1-16-10-4,70,G
1875-1-16-11-4,70,G
1875-1-16-12-4,70,G
1875-1-16-14-3,70,G
1875-1-17-10-3,70,G
1875-1-17-11-3,70,G
1875-1-17-12-3,70,G
1875-1-17-13-3,70,G
1875-1-17-14-3,70,G
1875-1-18-10-3,70,G
1875-1-18-11-4,70,G
1875-1-18-12-4,70,G
1875-1-18-13-4,70,G
1875-1-18-14-4,70,G
1875-1-19-10-4,70,G
1875-2-15-12-3,70,G
1875-2-15-13-3,70,G
1875-2-15-14-3,70,G
1875-2-16-10-3,70,G
1874-2-16-18-3,70,G
1874-2-16-19-3,70,G
1874-2-17-15-4,70,G
1874-2-17-16-4,70,G
1874-2-17-17-4,70,G
1874-2-17-18-4,70,G
1874-2-17-19-4,70,G
1874-2-18-15-4,70,G
1874-2-18-16-4,70,G
1874-2-18-18-3,70,G
1874-2-18-19-3,70,G
1874-2-19-15-3,70,G
1874-2-19-16-3,70,G
1874-2-19-17-3,70,G
1874-2-19-18-3,70,G
1874-2-19-19-3,70,G
1875-1-15-15-4,70,G
1875-1-15-16-4,70,G
1875-1-15-17-4,70,G
1875-1-15-18-4,70,G
1875-1-15-19-4,70,G
1875-1-16-15-4,70,G
1875-1-16-16-4,70,G
1875-1-16-17-4,70,G
1875-1-16-19-3,70,G
1875-1-17-15-3,70,G
1875-1-17-16-3,70,G
1875-1-17-17-3,70,G
1875-1-17-18-3,70,G
1875-1-17-19-3,70,G
1875-1-18-15-3,70,G
1875-1-18-16-4,70,G
1875-1-18-17-4,70,G
1875-1-18-18-4,70,G
1874-4-3-1-4,70,G
1874-4-3-2-4,70,G
1874-4-3-3-4,70,G
1874-4-3-4-4,70,G
1874-4-3-5-4,70,G
1874-4-4-1-4,70,G
1874-4-4-2-4,70,G
1874-4-4-4-3,70,G
1874-4-4-5-3,70,G
1874-4-5-1-3,70,G
1874-4-5-2-3,70,G
1874-4-5-3-3,70,G
1874-4-5-4-3,70,G
1874-4-5-5-3,70,G
1875-3-1-1-4,70,G
1875-3-1-2-4,70,G
1875-3-1-3-4,70,G
1875-3-1-4-4,70,G
1875-3-1-5-4,70,G
1875-3-2-1-4,70,G
1875-3-2-2-4,70,G
1875-3-2-3-4,70,G
1875-3-2-5-3,70,G
1875-3-3-1-3,70,G
1875-3-3-2-3,70,G
1875-3-3-3-3,70,G
1875-3-3-4-3,70,G
1875-3-3-5-3,70,G
1875-3-4-1-3,70,G
1875-3-4-2-4,70,G
1875-3-4-3-4,70,G
1874-4-3-f-2,70,G
1874-4-4-b-2,70,G
1874-4-4-c-2,70,G
1874-4-4-e-1,70,G
1874-4-4-f-1,70,G
1874-4-5-b-1,70,G
1874-4-5-c-1,70,G
1874-4-5-d-1,70,G
1874-4-5-e-1,70,G
1874-4-5-f-1,70,G
1875-3-1-b-2,70,G
1875-3-1-c-2,70,G
1875-3-1-d-2,70,G
1875-3-1-e-2,70,G
1875-3-1-f-2,70,G
1875-3-2-b-2,70,G
1875-3-2-c-2,70,G
1875-3-2-d-2,70,G
1875-3-2-f-1,70,G
1875-3-3-b-1,70,G
1875-3-3-c-1,70,G
1875-3-3-d-1,70,G
1875-3-3-e-1,70,G
1875-3-3-f-1,70,G
1875-3-4-b-1,70,G
1875-3-1-11-2,70,G
1875-3-1-12-2,70,G
1875-3-1-13-2,70,G
1875-3-1-14-2,70,G
1875-3-2-10-2,70,G
1875-3-2-11-2,70,G
1875-3-2-12-2,70,G
1875-3-2-14-1,70,G
1875-3-3-10-1,70,G
1875-3-3-11-1,70,G
1875-3-3-12-1,70,G
1875-3-3-13-1,70,G
1875-3-3-14-1,70,G
1875-3-1-17-2,70,G
1875-3-1-18-2,70,G
1875-3-1-19-2,70,G
1875-3-2-15-2,70,G
1875-3-2-16-2,70,G
1875-3-2-17-2,70,G
1875-3-2-19-1,70,G
1875-3-3-15-1,70,G
1875-3-3-16-1,70,G
1875-3-3-17-1,70,G
1875-3-6-3-2,70,G
1875-3-6-4-2,70,G
1875-3-6-5-2,70,G
1875-3-7-1-2,70,G
1875-3-7-2-2,70,G
1875-3-7-3-2,70,G
1875-3-7-5-1,70,G
1875-3-8-1-1,70,G
1875-3-8-2-1,70,G
1875-3-6-8-2,70,G
1875-3-6-9-2,70,G
1875-3-6-a-2,70,G
1875-3-7-6-2,70,G
1875-3-7-7-2,70,G
1875-3-7-8-2,70,G
1875-3-7-a-1,70,G
1875-3-6-d-2,70,G
1875-3-6-e-2,70,G
1875-3-6-f-2,70,G
1875-3-7-b-2,70,G
1875-3-7-c-2,70,G
1676-4-d-d-4,71,G
1676-4-c-19-1,71,G
1676-4-d-15-1,71,G
1676-4-d-16-1,71,G
1676-4-d-17-2,71,G
1676-4-d-18-2,71,G
1676-4-11-2-2,71,G
1676-4-11-3-2,71,G
1676-4-11-5-1,71,G
1676-4-12-1-1,71,G
1676-4-12-2-1,71,G
1676-4-12-3-2,71,G
1676-4-12-4-2,71,G
1676-4-10-a-2,71,G
1676-4-11-6-2,71,G
1676-4-11-7-2,71,G
1676-4-11-8-2,71,G
1676-4-11-a-1,71,G
1676-4-12-6-1,71,G
1676-4-12-7-1,71,G
1676-4-12-8-2,71,G
1676-4-12-9-2,71,G
1676-4-10-e-1,71,G
1676-4-10-f-2,71,G
1676-4-11-b-2,71,G
1676-4-11-c-2,71,G
1676-4-11-d-2,71,G
1676-4-11-f-1,71,G
1676-4-12-b-1,71,G
1676-4-12-c-1,71,G
1676-4-12-d-2,71,G
1676-4-12-e-2,71,G
1676-4-10-11-3,71,G
1676-4-10-12-3,71,G
1676-4-10-13-3,71,G
1676-4-10-14-4,71,G
1676-4-11-10-4,71,G
1676-4-11-11-4,71,G
1676-4-11-12-4,71,G
1676-4-11-14-3,71,G
1676-4-12-10-3,71,G
1676-4-12-11-3,71,G
1676-4-12-12-4,71,G
1676-4-12-13-4,71,G
1676-3-14-18-4,71,G
1676-3-14-19-4,71,G
1676-4-10-16-3,71,G
1676-4-10-17-3,71,G
1676-4-10-18-3,71,G
1676-4-10-19-4,71,G
1676-4-11-15-4,71,G
1676-4-11-16-4,71,G
1676-4-11-17-4,71,G
1676-4-11-19-3,71,G
1676-4-12-15-3,71,G
1676-4-12-16-3,71,G
1676-4-12-17-4,71,G
1676-4-12-18-4,71,G
1676-3-16-5-3,71,G
1676-3-19-2-4,71,G
1676-3-19-3-4,71,G
1676-3-19-4-4,71,G
1676-3-19-5-4,71,G
1676-4-15-2-3,71,G
1676-4-15-3-3,71,G
1676-4-15-4-3,71,G
1676-4-15-5-4,71,G
1676-4-16-1-4,71,G
1676-4-16-2-4,71,G
1676-4-16-3-4,71,G
1676-4-16-5-3,71,G
1676-4-17-1-3,71,G
1676-4-17-2-3,71,G
1676-4-17-3-4,71,G
1676-4-17-4-4,71,G
1676-3-16-f-1,71,G
1676-3-18-f-1,71,G
1676-3-19-b-1,71,G
1676-3-19-c-2,71,G
1676-3-19-d-2,71,G
1676-3-19-e-2,71,G
1676-3-19-f-2,71,G
1676-4-15-c-1,71,G
1676-4-15-d-1,71,G
1676-4-15-e-1,71,G
1676-4-15-f-2,71,G
1676-4-16-b-2,71,G
1676-4-16-c-2,71,G
1676-4-16-d-2,71,G
1676-4-16-f-1,71,G
1676-4-17-b-1,71,G
1676-4-17-c-1,71,G
1676-4-17-d-2,71,G
1676-3-16-12-2,71,G
1676-3-16-14-1,71,G
1676-3-18-13-1,71,G
1676-3-18-14-1,71,G
1676-3-19-10-1,71,G
1676-3-19-11-2,71,G
1676-3-19-12-2,71,G
1676-3-19-13-2,71,G
1676-3-19-14-2,71,G
1676-4-15-11-1,71,G
1676-4-15-12-1,71,G
1676-4-15-13-1,71,G
1676-4-15-14-2,71,G
1676-4-16-10-2,71,G
1676-4-16-11-2,71,G
1676-4-16-12-2,71,G
1676-4-16-14-1,71,G
1676-4-17-10-1,71,G
1676-4-17-11-1,71,G
1676-3-16-17-2,71,G
1676-3-16-19-1,71,G
1676-3-17-15-1,71,G
1676-3-18-17-1,71,G
1676-3-18-18-1,71,G
1676-3-18-19-1,71,G
1676-3-19-15-1,71,G
1676-3-19-16-2,71,G
1676-3-19-17-2,71,G
1676-3-19-18-2,71,G
1676-3-19-19-2,71,G
1676-4-15-16-1,71,G
1676-4-15-17-1,71,G
1676-4-15-18-1,71,G
1676-4-15-19-2,71,G
1676-4-16-15-2,71,G
1676-4-16-16-2,71,G
1676-4-16-17-2,71,G
1676-4-16-19-1,71,G
1676-4-17-15-1,71,G
1742-1-2-2-2,71,G
1742-1-2-3-2,71,G
1742-1-2-5-1,71,G
1742-1-3-1-1,71,G
1742-1-3-5-2,71,G
1742-1-4-1-2,71,G
1742-1-4-3-1,71,G
1742-1-4-4-1,71,G
1742-1-4-5-1,71,G
1742-1-5-1-1,71,G
1742-1-5-2-2,71,G
1742-1-5-3-2,71,G
1742-1-5-4-2,71,G
1742-1-5-5-2,71,G
1742-2-1-2-1,71,G
1742-2-1-3-1,71,G
1742-2-1-4-1,71,G
1742-2-1-5-2,71,G
1742-2-2-1-2,71,G
1742-2-2-2-2,71,G
1742-2-2-3-2,71,G
1742-2-2-5-1,71,G
1742-1-2-7-4,71,G
1742-1-2-8-4,71,G
1742-1-2-a-3,71,G
1742-1-3-6-3,71,G
1742-1-3-7-3,71,G
1742-1-3-8-3,71,G
1742-1-3-9-4,71,G
1742-1-3-a-4,71,G
1742-1-4-6-4,71,G
1742-1-4-8-3,71,G
1742-1-4-9-3,71,G
1742-1-4-a-3,71,G
1742-1-5-6-3,71,G
1742-1-5-7-4,71,G
1742-1-5-8-4,71,G
1742-1-5-9-4,71,G
1742-1-5-a-4,71,G
1742-2-1-7-3,71,G
1742-2-1-8-3,71,G
1742-2-1-9-3,71,G
1742-2-1-a-4,71,G
1742-2-2-6-4,71,G
1742-2-2-7-4,71,G
1742-2-2-8-4,71,G
1742-2-2-a-3,71,G
1742-2-3-6-3,71,G
1742-2-3-7-3,71,G
1742-2-3-8-4,71,G
1742-2-3-9-4,71,G
1742-2-3-a-4,71,G
1742-2-4-6-4,71,G
1742-2-4-8-3,71,G
1742-2-4-9-3,71,G
1742-2-4-a-3,71,G
1742-1-2-b-4,71,G
1742-1-2-c-4,71,G
1742-1-2-d-4,71,G
1742-1-2-f-3,71,G
1742-1-3-b-3,71,G
1742-1-3-c-3,71,G
1742-1-3-d-3,71,G
1742-1-3-e-4,71,G
1742-1-3-f-4,71,G
1742-1-4-b-4,71,G
1742-1-4-d-3,71,G
1742-1-4-e-3,71,G
1742-1-4-f-3,71,G
1742-1-5-b-3,71,G
1742-1-5-c-4,71,G
1742-1-5-d-4,71,G
1742-1-5-e-4,71,G
1742-1-5-f-4,71,G
1742-2-1-c-3,71,G
1742-2-1-d-3,71,G
1742-2-1-e-3,71,G
1742-2-1-f-4,71,G
1742-2-2-b-4,71,G
1742-2-2-c-4,71,G
1742-2-2-d-4,71,G
1742-2-2-f-3,71,G
1742-2-3-b-3,71,G
1742-2-3-c-3,71,G
1742-2-3-d-4,71,G
1742-2-3-e-4,71,G
1742-2-3-f-4,71,G
1742-2-4-b-4,71,G
1742-2-4-d-3,71,G
1742-2-4-e-3,71,G
1742-1-2-10-4,71,G
1742-1-2-11-4,71,G
1742-1-2-12-4,71,G
1742-1-2-14-3,71,G
1742-1-3-10-3,71,G
1742-1-3-11-3,71,G
1742-1-3-12-3,71,G
1742-1-3-13-4,71,G
1742-1-3-14-4,71,G
1742-1-4-10-4,71,G
1742-1-4-12-3,71,G
1742-1-4-13-3,71,G
1742-1-4-14-3,71,G
1742-1-5-10-3,71,G
1742-1-5-11-4,71,G
1742-1-5-12-4,71,G
1742-1-5-13-4,71,G
1742-1-5-14-4,71,G
1742-2-1-11-3,71,G
1742-2-1-12-3,71,G
1742-2-1-13-3,71,G
1742-2-1-14-4,71,G
1742-2-2-10-4,71,G
1742-2-2-11-4,71,G
1742-2-2-12-4,71,G
1742-2-2-14-3,71,G
1742-2-3-10-3,71,G
1742-2-3-11-3,71,G
1742-2-3-12-4,71,G
1742-2-3-13-4,71,G
1742-2-3-14-4,71,G
1742-2-4-10-4,71,G
1742-2-4-12-3,71,G
1742-1-2-15-4,71,G
1742-1-2-16-4,71,G
1742-1-2-17-4,71,G
1742-1-2-19-3,71,G
1742-1-3-15-3,71,G
1742-1-3-16-3,71,G
1742-1-3-17-3,71,G
1742-1-3-18-4,71,G
1742-1-3-19-4,71,G
1742-1-4-15-4,71,G
1742-1-4-17-3,71,G
1742-1-4-18-3,71,G
1742-1-4-19-3,71,G
1742-1-5-15-3,71,G
1742-1-5-16-4,71,G
1742-1-5-17-4,71,G
1742-1-5-18-4,71,G
1742-1-5-19-4,71,G
1742-2-1-16-3,71,G
1742-2-1-17-3,71,G
1742-2-1-18-3,71,G
1742-2-1-19-4,71,G
1742-2-2-15-4,71,G
1742-2-2-16-4,71,G
1742-2-2-17-4,71,G
1742-2-2-19-3,71,G
1742-2-3-15-3,71,G
1742-2-3-16-3,71,G
1742-2-3-17-4,71,G
1742-2-3-18-4,71,G
1742-2-3-19-4,71,G
1742-2-4-15-4,71,G
1742-1-6-a-1,71,G
1742-1-7-6-2,71,G
1742-1-7-7-2,71,G
1742-1-7-8-2,71,G
1742-1-7-a-1,71,G
1742-1-8-6-1,71,G
1742-1-8-7-1,71,G
1742-1-8-8-1,71,G
1742-1-8-9-2,71,G
1742-1-8-a-2,71,G
1742-1-9-6-2,71,G
1742-1-9-8-1,71,G
1742-1-9-9-1,71,G
1742-1-9-a-1,71,G
1742-1-a-6-1,71,G
1742-1-a-7-2,71,G
1742-1-a-8-2,71,G
1742-1-a-9-2,71,G
1742-1-a-a-2,71,G
1742-2-6-7-1,71,G
1742-2-6-8-1,71,G
1742-2-6-9-1,71,G
1742-2-6-a-2,71,G
1742-2-7-6-2,71,G
1742-2-7-7-2,71,G
1742-2-7-8-2,71,G
1742-2-7-a-1,71,G
1742-2-8-6-1,71,G
1742-2-8-7-1,71,G
1742-2-8-8-2,71,G
1742-2-8-9-2,71,G
1742-2-8-a-2,71,G
1742-2-9-6-2,71,G
1742-1-6-e-1,71,G
1742-1-6-f-1,71,G
1742-1-7-b-2,71,G
1742-1-7-c-2,71,G
1742-1-7-d-2,71,G
1742-1-7-f-1,71,G
1742-1-8-b-1,71,G
1742-1-8-c-1,71,G
1742-1-8-d-1,71,G
1742-1-8-e-2,71,G
1742-1-8-f-2,71,G
1742-1-9-b-2,71,G
1742-1-9-d-1,71,G
1742-1-9-e-1,71,G
1742-1-9-f-1,71,G
1742-1-a-b-1,71,G
1742-1-a-c-2,71,G
1742-1-a-d-2,71,G
1742-1-a-e-2,71,G
1742-1-a-f-2,71,G
1742-2-6-c-1,71,G
1742-2-6-d-1,71,G
1742-2-6-e-1,71,G
1742-2-6-f-2,71,G
1742-2-7-b-2,71,G
1742-2-7-c-2,71,G
1742-2-7-d-2,71,G
1742-2-7-f-1,71,G
1742-2-8-b-1,71,G
1742-2-8-c-1,71,G
1742-2-8-d-2,71,G
1742-2-8-e-2,71,G
1742-2-8-f-2,71,G
1742-2-9-b-2,71,G
1742-1-6-11-1,71,G
1742-1-6-12-1,71,G
1742-1-6-13-1,71,G
1742-1-6-14-1,71,G
1742-1-7-10-2,71,G
1742-1-7-11-2,71,G
1742-1-7-12-2,71,G
1742-1-7-14-1,71,G
1742-1-8-10-1,71,G
1742-1-8-11-1,71,G
1742-1-8-12-1,71,G
1742-1-8-13-2,71,G
1742-1-8-14-2,71,G
1742-1-9-10-2,71,G
1742-1-9-12-1,71,G
1742-1-9-13-1,71,G
1742-1-9-14-1,71,G
1742-1-a-10-1,71,G
1742-1-a-11-2,71,G
1742-1-a-12-2,71,G
1742-1-a-13-2,71,G
1742-1-a-14-2,71,G
1742-2-6-11-1,71,G
1742-2-6-12-1,71,G
1742-2-6-13-1,71,G
1742-2-6-14-2,71,G
1742-2-7-10-2,71,G
1742-2-7-11-2,71,G
1742-2-7-12-2,71,G
1742-2-7-14-1,71,G
1742-2-8-10-1,71,G
1742-2-8-11-1,71,G
1742-2-8-12-2,71,G
1742-2-8-13-2,71,G
1742-2-8-14-2,71,G
1742-2-9-10-2,71,G
1741-2-a-17-4,71,G
1741-2-a-18-4,71,G
1741-2-a-19-4,71,G
1742-1-6-16-3,71,G
1742-1-6-17-3,71,G
1742-1-6-18-3,71,G
1742-1-6-19-3,71,G
1742-1-7-15-4,71,G
1742-1-7-16-4,71,G
1742-1-7-17-4,71,G
1742-1-7-19-3,71,G
1742-1-8-15-3,71,G
1742-1-8-16-3,71,G
1742-1-8-17-3,71,G
1742-1-8-18-4,71,G
1742-1-8-19-4,71,G
1742-1-9-15-4,71,G
1742-1-9-17-3,71,G
1742-1-9-18-3,71,G
1742-1-9-19-3,71,G
1742-1-a-15-3,71,G
1742-1-a-16-4,71,G
1742-1-a-17-4,71,G
1742-1-a-18-4,71,G
1742-1-a-19-4,71,G
1742-2-6-16-3,71,G
1742-2-6-17-3,71,G
1742-2-6-18-3,71,G
1742-2-6-19-4,71,G
1742-2-7-15-4,71,G
1742-2-7-16-4,71,G
1742-2-7-17-4,71,G
1742-2-7-19-3,71,G
1742-2-8-15-3,71,G
1742-2-8-16-3,71,G
1742-2-8-17-4,71,G
1742-2-8-18-4,71,G
1742-2-8-19-4,71,G
1742-2-9-15-4,71,G
1741-2-f-2-4,71,G
1741-2-f-3-4,71,G
1741-2-f-4-4,71,G
1741-2-f-5-4,71,G
1742-1-b-2-3,71,G
1742-1-b-3-3,71,G
1742-1-b-4-3,71,G
1742-1-b-5-3,71,G
1742-1-c-1-4,71,G
1742-1-c-2-4,71,G
1742-1-c-3-4,71,G
1742-1-c-5-3,71,G
1742-1-d-1-3,71,G
1742-1-d-2-3,71,G
1742-1-d-3-3,71,G
1742-1-d-4-4,71,G
1742-1-d-5-4,71,G
1742-1-e-1-4,71,G
1742-1-e-3-3,71,G
1742-1-e-4-3,71,G
1742-1-e-5-3,71,G
1742-1-f-1-3,71,G
1742-1-f-2-4,71,G
1742-1-f-3-4,71,G
1742-1-f-4-4,71,G
1742-1-f-5-4,71,G
1742-2-b-2-3,71,G
1742-2-b-3-3,71,G
1742-2-b-4-3,71,G
1742-2-b-5-4,71,G
1742-2-c-1-4,71,G
1742-2-c-2-4,71,G
1742-2-c-3-4,71,G
1742-2-c-5-3,71,G
1742-2-d-1-3,71,G
1742-2-d-2-3,71,G
1742-2-d-3-4,71,G
1742-2-d-4-4,71,G
1742-2-d-5-4,71,G
1742-2-e-1-4,71,G
1742-2-e-3-3,71,G
1741-2-f-7-4,71,G
1741-2-f-8-4,71,G
1741-2-f-9-4,71,G
1741-2-f-a-4,71,G
1742-1-b-7-3,71,G
1742-1-b-8-3,71,G
1742-1-b-9-3,71,G
1742-1-b-a-3,71,G
1742-1-c-6-4,71,G
1742-1-c-7-4,71,G
1742-1-c-8-4,71,G
1742-1-c-a-3,71,G
1742-1-d-6-3,71,G
1742-1-d-7-3,71,G
1742-1-d-8-3,71,G
1742-1-d-9-4,71,G
1742-1-d-a-4,71,G
1742-1-e-6-4,71,G
1742-1-e-8-3,71,G
1742-1-e-9-3,71,G
1742-1-e-a-3,71,G
1742-1-f-6-3,71,G
1742-1-f-7-4,71,G
1742-1-f-8-4,71,G
1742-1-f-9-4,71,G
1742-1-f-a-4,71,G
1742-2-b-7-3,71,G
1742-2-b-8-3,71,G
1742-2-b-9-3,71,G
1742-2-b-a-4,71,G
1742-2-c-6-4,71,G
1742-2-c-7-4,71,G
1742-2-c-8-4,71,G
1742-2-c-a-3,71,G
1742-2-d-6-3,71,G
1742-2-d-7-3,71,G
1742-2-d-8-4,71,G
1742-2-d-9-4,71,G
1742-2-d-a-4,71,G
1742-2-e-6-4,71,G
1742-2-e-8-3,71,G
1741-2-f-c-4,71,G
1741-2-f-d-4,71,G
1741-2-f-e-4,71,G
1741-2-f-f-4,71,G
1742-1-b-c-3,71,G
1742-1-b-d-3,71,G
1742-1-b-e-3,71,G
1742-1-b-f-3,71,G
1742-1-c-b-4,71,G
1742-1-c-c-4,71,G
1742-1-c-d-4,71,G
1742-1-c-f-3,71,G
1742-1-d-b-3,71,G
1742-1-d-c-3,71,G
1742-1-d-d-3,71,G
1742-1-d-e-4,71,G
1742-1-d-f-4,71,G
1742-1-e-b-4,71,G
1742-1-e-d-3,71,G
1742-1-e-e-3,71,G
1742-1-e-f-3,71,G
1742-1-f-b-3,71,G
1742-1-f-c-4,71,G
1742-1-f-d-4,71,G
1742-1-f-e-4,71,G
1742-1-f-f-4,71,G
1742-2-b-c-3,71,G
1742-2-b-d-3,71,G
1742-2-b-e-3,71,G
1742-2-b-f-4,71,G
1742-2-c-b-4,71,G
1742-2-c-c-4,71,G
1742-2-c-d-4,71,G
1742-2-c-f-3,71,G
1742-2-d-b-3,71,G
1742-2-d-c-3,71,G
1742-2-d-d-4,71,G
1742-2-d-e-4,71,G
1742-2-d-f-4,71,G
1742-2-e-b-4,71,G
1742-2-e-d-3,71,G
1741-2-f-16-2,71,G
1741-2-f-17-2,71,G
1741-2-f-18-2,71,G
1741-2-f-19-2,71,G
1742-1-b-16-1,71,G
1742-1-b-17-1,71,G
1742-1-b-18-1,71,G
1742-1-b-19-1,71,G
1742-1-c-15-2,71,G
1742-1-c-16-2,71,G
1742-1-c-17-2,71,G
1742-1-c-19-1,71,G
1742-1-d-15-1,71,G
1742-1-d-16-1,71,G
1742-1-d-17-1,71,G
1742-1-d-18-2,71,G
1742-1-d-19-2,71,G
1742-1-e-15-2,71,G
1742-1-e-17-1,71,G
1742-1-e-18-1,71,G
1742-1-e-19-1,71,G
1742-1-f-15-1,71,G
1742-1-f-16-2,71,G
1742-1-f-17-2,71,G
1742-1-f-18-2,71,G
1742-1-f-19-2,71,G
1742-2-b-16-1,71,G
1742-2-b-17-1,71,G
1742-2-b-18-1,71,G
1742-2-b-19-2,71,G
1742-2-c-15-2,71,G
1742-2-c-16-2,71,G
1742-2-c-17-2,71,G
1742-2-c-19-1,71,G
1742-2-d-15-1,71,G
1742-2-d-16-1,71,G
1742-2-d-17-2,71,G
1742-2-d-18-2,71,G
1742-2-d-19-2,71,G
1742-2-e-15-2,71,G
1742-2-e-17-1,71,G
1741-2-14-2-2,71,G
1741-2-14-3-2,71,G
1741-2-14-4-2,71,G
1741-2-14-5-2,71,G
1742-1-10-2-1,71,G
1742-1-10-3-1,71,G
1742-1-10-4-1,71,G
1742-1-10-5-1,71,G
1742-1-11-1-2,71,G
1742-1-11-2-2,71,G
1742-1-11-3-2,71,G
1742-1-11-5-1,71,G
1742-1-12-1-1,71,G
1742-1-12-2-1,71,G
1742-1-12-3-1,71,G
1742-1-12-4-2,71,G
1742-1-12-5-2,71,G
1742-1-13-1-2,71,G
1742-1-13-3-1,71,G
1742-1-13-4-1,71,G
1742-1-13-5-1,71,G
1742-1-14-1-1,71,G
1742-1-14-2-2,71,G
1742-1-14-3-2,71,G
1742-1-14-4-2,71,G
1742-1-14-5-2,71,G
1742-2-10-2-1,71,G
1742-2-10-3-1,71,G
1742-2-10-4-1,71,G
1742-2-10-5-2,71,G
1742-2-11-1-2,71,G
1742-2-11-2-2,71,G
1742-2-11-3-2,71,G
1742-2-11-5-1,71,G
1742-2-12-1-1,71,G
1742-2-12-2-1,71,G
1742-2-12-3-2,71,G
1742-2-12-4-2,71,G
1742-2-12-5-2,71,G
1742-2-13-1-2,71,G
1742-2-13-3-1,71,G
1741-2-14-7-2,71,G
1741-2-14-8-2,71,G
1741-2-14-9-2,71,G
1741-2-14-a-2,71,G
1742-1-10-7-1,71,G
1742-1-10-8-1,71,G
1742-1-10-9-1,71,G
1742-1-10-a-1,71,G
1742-1-11-6-2,71,G
1742-1-11-7-2,71,G
1742-1-11-8-2,71,G
1742-1-11-a-1,71,G
1742-1-12-6-1,71,G
1742-1-12-7-1,71,G
1742-1-12-8-1,71,G
1742-1-12-9-2,71,G
1742-1-12-a-2,71,G
1742-1-13-6-2,71,G
1742-1-13-8-1,71,G
1742-1-13-9-1,71,G
1742-1-13-a-1,71,G
1742-1-14-6-1,71,G
1742-1-14-7-2,71,G
1742-1-14-8-2,71,G
1742-1-14-9-2,71,G
1742-1-14-a-2,71,G
1742-2-10-7-1,71,G
1742-2-10-8-1,71,G
1742-2-10-9-1,71,G
1742-2-10-a-2,71,G
1742-2-11-6-2,71,G
1742-2-11-7-2,71,G
1742-2-11-8-2,71,G
1742-2-11-a-1,71,G
1742-2-12-6-1,71,G
1742-2-12-7-1,71,G
1742-2-12-8-2,71,G
1742-2-12-9-2,71,G
1742-2-12-a-2,71,G
1742-2-13-6-2,71,G
1741-2-14-c-4,71,G
1741-2-14-d-4,71,G
1741-2-14-e-4,71,G
1741-2-14-f-4,71,G
1742-1-10-c-3,71,G
1742-1-10-d-3,71,G
1742-1-10-e-3,71,G
1742-1-10-f-3,71,G
1742-1-11-b-4,71,G
1742-1-11-c-4,71,G
1742-1-11-d-4,71,G
1742-1-11-f-3,71,G
1742-1-12-b-3,71,G
1742-1-12-c-3,71,G
1742-1-12-d-3,71,G
1742-1-12-e-4,71,G
1742-1-12-f-4,71,G
1742-1-13-b-4,71,G
1742-1-13-d-3,71,G
1742-1-13-e-3,71,G
1742-1-13-f-3,71,G
1742-1-14-b-3,71,G
1742-1-14-c-4,71,G
1742-1-14-d-4,71,G
1742-1-14-e-4,71,G
1742-1-14-f-4,71,G
1742-2-10-c-3,71,G
1742-2-10-d-3,71,G
1742-2-10-e-3,71,G
1742-2-10-f-4,71,G
1742-2-11-b-4,71,G
1742-2-11-c-4,71,G
1742-2-11-d-4,71,G
1742-2-11-f-3,71,G
1742-2-12-b-3,71,G
1742-2-12-c-3,71,G
1742-2-12-d-4,71,G
1742-2-12-e-4,71,G
1741-2-14-12-4,71,G
1741-2-14-13-4,71,G
1741-2-14-14-4,71,G
1742-1-10-11-3,71,G
1742-1-10-12-3,71,G
1742-1-10-13-3,71,G
1742-1-10-14-3,71,G
1742-1-11-10-4,71,G
1742-1-11-11-4,71,G
1742-1-11-12-4,71,G
1742-1-11-14-3,71,G
1742-1-12-10-3,71,G
1742-1-12-11-3,71,G
1742-1-12-12-3,71,G
1742-1-12-13-4,71,G
1742-1-12-14-4,71,G
1742-1-13-10-4,71,G
1742-1-13-12-3,71,G
1742-1-13-13-3,71,G
1742-1-13-14-3,71,G
1742-1-14-10-3,71,G
1742-1-14-11-4,71,G
1742-1-14-12-4,71,G
1742-1-14-13-4,71,G
1742-1-14-14-4,71,G
1742-2-10-11-3,71,G
1742-2-10-12-3,71,G
1742-2-10-13-3,71,G
1742-2-10-14-4,71,G
1742-2-11-10-4,71,G
1742-2-11-11-4,71,G
1742-2-11-12-4,71,G
1742-2-11-14-3,71,G
1742-2-12-10-3,71,G
1742-2-12-11-3,71,G
1742-2-12-12-4,71,G
1741-2-14-17-4,71,G
1741-2-14-18-4,71,G
1741-2-14-19-4,71,G
1742-1-10-16-3,71,G
1742-1-10-17-3,71,G
1742-1-10-18-3,71,G
1742-1-10-19-3,71,G
1742-1-11-15-4,71,G
1742-1-11-16-4,71,G
1742-1-11-17-4,71,G
1742-1-11-19-3,71,G
1742-1-12-15-3,71,G
1742-1-12-16-3,71,G
1742-1-12-17-3,71,G
1742-1-12-18-4,71,G
1742-1-12-19-4,71,G
1742-1-13-15-4,71,G
1742-1-13-17-3,71,G
1742-1-13-18-3,71,G
1742-1-13-19-3,71,G
1742-1-14-15-3,71,G
1742-1-14-16-4,71,G
1742-1-14-17-4,71,G
1742-1-14-18-4,71,G
1742-1-14-19-4,71,G
1742-2-10-16-3,71,G
1742-2-10-17-3,71,G
1742-2-10-18-3,71,G
1742-2-10-19-4,71,G
1742-2-11-15-4,71,G
1742-2-11-16-4,71,G
1742-2-11-17-4,71,G
1742-2-11-19-3,71,G
1742-2-12-15-3,71,G
1742-2-12-16-3,71,G
1741-2-19-4-4,71,G
1741-2-19-5-4,71,G
1742-1-15-2-3,71,G
1742-1-15-3-3,71,G
1742-1-15-4-3,71,G
1742-1-15-5-3,71,G
1742-1-16-1-4,71,G
1742-1-16-2-4,71,G
1742-1-16-3-4,71,G
1742-1-16-5-3,71,G
1742-1-17-1-3,71,G
1742-1-17-2-3,71,G
1742-1-17-3-3,71,G
1742-1-17-4-4,71,G
1742-1-17-5-4,71,G
1742-1-18-1-4,71,G
1742-1-18-3-3,71,G
1742-1-18-4-3,71,G
1742-1-18-5-3,71,G
1742-1-19-1-3,71,G
1742-1-19-2-4,71,G
1742-1-19-3-4,71,G
1742-1-19-4-4,71,G
1742-1-19-5-4,71,G
1742-2-15-2-3,71,G
1742-2-15-3-3,71,G
1742-2-15-4-3,71,G
1742-2-15-5-4,71,G
1742-2-16-1-4,71,G
1742-2-16-2-4,71,G
1742-2-16-3-4,71,G
1742-2-16-5-3,71,G
1742-2-17-1-3,71,G
1741-2-19-f-2,71,G
1742-1-15-c-1,71,G
1742-1-15-d-1,71,G
1742-1-15-e-1,71,G
1742-1-15-f-1,71,G
1742-1-16-b-2,71,G
1742-1-16-c-2,71,G
1742-1-16-d-2,71,G
1742-1-16-f-1,71,G
1742-1-17-b-1,71,G
1742-1-17-c-1,71,G
1742-1-17-d-1,71,G
1742-1-17-e-2,71,G
1742-1-17-f-2,71,G
1742-1-18-b-2,71,G
1742-1-18-d-1,71,G
1742-1-18-e-1,71,G
1742-1-18-f-1,71,G
1742-1-19-b-1,71,G
1742-1-19-c-2,71,G
1742-1-19-d-2,71,G
1742-1-19-e-2,71,G
1742-1-19-f-2,71,G
1742-2-15-c-1,71,G
1742-2-15-d-1,71,G
1742-2-15-e-1,71,G
1742-2-15-f-2,71,G
1742-2-16-b-2,71,G
1742-2-16-c-2,71,G
1742-2-16-d-2,71,G
1741-2-19-14-2,71,G
1742-1-15-11-1,71,G
1742-1-15-12-1,71,G
1742-1-15-13-1,71,G
1742-1-15-14-1,71,G
1742-1-16-10-2,71,G
1742-1-16-11-2,71,G
1742-1-16-12-2,71,G
1742-1-16-14-1,71,G
1742-1-17-10-1,71,G
1742-1-17-11-1,71,G
1742-1-17-12-1,71,G
1742-1-17-13-2,71,G
1742-1-17-14-2,71,G
1742-1-18-10-2,71,G
1742-1-18-12-1,71,G
1742-1-18-13-1,71,G
1742-1-18-14-1,71,G
1742-1-19-10-1,71,G
1742-1-19-11-2,71,G
1742-1-19-12-2,71,G
1742-1-19-13-2,71,G
1742-1-19-14-2,71,G
1742-2-15-11-1,71,G
1742-2-15-12-1,71,G
1742-2-15-13-1,71,G
1742-2-15-14-2,71,G
1742-2-16-10-2,71,G
1742-2-16-11-2,71,G
1741-2-19-19-2,71,G
1742-1-15-16-1,71,G
1742-1-15-17-1,71,G
1742-1-15-18-1,71,G
1742-1-15-19-1,71,G
1742-1-16-15-2,71,G
1742-1-16-16-2,71,G
1742-1-16-17-2,71,G
1742-1-16-19-1,71,G
1742-1-17-15-1,71,G
1742-1-17-16-1,71,G
1742-1-17-17-1,71,G
1742-1-17-18-2,71,G
1742-1-17-19-2,71,G
1742-1-18-15-2,71,G
1742-1-18-17-1,71,G
1742-1-18-18-1,71,G
1742-1-18-19-1,71,G
1742-1-19-15-1,71,G
1742-1-19-16-2,71,G
1742-1-19-17-2,71,G
1742-1-19-18-2,71,G
1742-1-19-19-2,71,G
1742-2-15-16-1,71,G
1742-2-15-17-1,71,G
1742-2-15-18-1,71,G
1742-2-15-19-2,71,G
1741-4-5-5-2,71,G
1742-3-1-2-1,71,G
1742-3-1-3-1,71,G
1742-3-1-4-1,71,G
1742-3-1-5-1,71,G
1742-3-2-1-2,71,G
1742-3-2-2-2,71,G
1742-3-2-3-2,71,G
1742-3-2-5-1,71,G
1742-3-3-1-1,71,G
1742-3-3-2-1,71,G
1742-3-3-3-1,71,G
1742-3-3-4-2,71,G
1742-3-3-5-2,71,G
1742-3-4-1-2,71,G
1742-3-4-3-1,71,G
1742-3-4-4-1,71,G
1742-3-4-5-1,71,G
1742-3-5-1-1,71,G
1742-3-5-2-2,71,G
1742-3-5-3-2,71,G
1742-3-5-4-2,71,G
1742-3-5-5-2,71,G
1742-4-1-2-1,71,G
1741-4-5-a-4,71,G
1742-3-1-7-3,71,G
1742-3-1-8-3,71,G
1742-3-1-9-3,71,G
1742-3-1-a-3,71,G
1742-3-2-6-4,71,G
1742-3-2-7-4,71,G
1742-3-2-8-4,71,G
1742-3-2-a-3,71,G
1742-3-3-6-3,71,G
1742-3-3-7-3,71,G
1742-3-3-8-3,71,G
1742-3-3-9-4,71,G
1742-3-3-a-4,71,G
1742-3-4-6-4,71,G
1742-3-4-8-3,71,G
1742-3-4-9-3,71,G
1742-3-4-a-3,71,G
1742-3-5-6-3,71,G
1742-3-5-7-4,71,G
1742-3-5-8-4,71,G
1742-3-5-9-4,71,G
1742-3-5-a-4,71,G
1741-4-5-e-4,71,G
1741-4-5-f-4,71,G
1742-3-1-c-3,71,G
1742-3-1-d-3,71,G
1742-3-1-e-3,71,G
1742-3-1-f-3,71,G
1742-3-2-b-4,71,G
1742-3-2-c-4,71,G
1742-3-2-d-4,71,G
1742-3-2-f-3,71,G
1742-3-3-b-3,71,G
1742-3-3-c-3,71,G
1742-3-3-d-3,71,G
1742-3-3-e-4,71,G
1742-3-3-f-4,71,G
1742-3-4-b-4,71,G
1742-3-4-d-3,71,G
1742-3-4-e-3,71,G
1742-3-4-f-3,71,G
1742-3-5-b-3,71,G
1742-3-5-c-4,71,G
1742-3-5-d-4,71,G
1742-3-5-e-4,71,G
1742-3-5-f-4,71,G
1741-4-5-13-4,71,G
1741-4-5-14-4,71,G
1742-3-1-11-3,71,G
1742-3-1-12-3,71,G
1742-3-1-13-3,71,G
1742-3-1-14-3,71,G
1742-3-2-10-4,71,G
1742-3-2-11-4,71,G
1742-3-2-12-4,71,G
1742-3-2-14-3,71,G
1742-3-3-10-3,71,G
1742-3-3-11-3,71,G
1742-3-3-12-3,71,G
1742-3-3-13-4,71,G
1742-3-3-14-4,71,G
1742-3-4-10-4,71,G
1742-3-4-12-3,71,G
1742-3-4-13-3,71,G
1742-3-4-14-3,71,G
1742-3-5-10-3,71,G
1742-3-5-11-4,71,G
1742-3-5-12-4,71,G
1742-3-5-13-4,71,G
1741-4-a-4-2,71,G
1741-4-a-5-2,71,G
1742-3-6-2-1,71,G
1742-3-6-3-1,71,G
1742-3-6-4-1,71,G
1742-3-6-5-1,71,G
1742-3-7-1-2,71,G
1742-3-7-2-2,71,G
1742-3-7-3-2,71,G
1742-3-7-5-1,71,G
1742-3-8-1-1,71,G
1742-3-8-2-1,71,G
1742-3-8-3-1,71,G
1742-3-8-4-2,71,G
1742-3-8-5-2,71,G
1742-3-9-1-2,71,G
1742-3-9-3-1,71,G
1742-3-9-4-1,71,G
1742-3-9-5-1,71,G
1742-3-a-1-1,71,G
1742-3-a-2-2,71,G
1742-3-a-3-2,71,G
1742-3-6-7-1,71,G
1742-3-6-8-1,71,G
1742-3-6-9-1,71,G
1742-3-6-a-1,71,G
1742-3-7-6-2,71,G
1742-3-7-7-2,71,G
1742-3-7-8-2,71,G
1742-3-7-a-1,71,G
1742-3-8-6-1,71,G
1742-3-8-7-1,71,G
1742-3-8-8-1,71,G
1742-3-8-9-2,71,G
1742-3-8-a-2,71,G
1742-3-9-6-2,71,G
1742-3-9-8-1,71,G
1742-3-9-9-1,71,G
1742-3-9-a-1,71,G
1742-3-a-6-1,71,G
1742-3-a-7-2,71,G
1742-3-a-8-2,71,G
1742-3-6-d-1,71,G
1742-3-6-e-1,71,G
1742-3-6-f-1,71,G
1742-3-7-b-2,71,G
1742-3-7-c-2,71,G
1742-3-7-d-2,71,G
1742-3-7-f-1,71,G
1742-3-8-b-1,71,G
1742-3-8-c-1,71,G
1742-3-8-d-1,71,G
1742-3-8-e-2,71,G
1742-3-8-f-2,71,G
1742-3-9-b-2,71,G
1742-3-9-d-1,71,G
1742-3-9-e-1,71,G
1742-3-9-f-1,71,G
1742-3-a-b-1,71,G
1742-3-a-c-2,71,G
1742-3-a-d-2,71,G
1742-3-6-13-1,71,G
1742-3-6-14-1,71,G
1742-3-7-10-2,71,G
1742-3-7-11-2,71,G
1742-3-7-12-2,71,G
1742-3-7-14-1,71,G
1742-3-8-10-1,71,G
1742-3-8-11-1,71,G
1742-3-8-12-1,71,G
1742-3-8-13-2,71,G
1742-3-8-14-2,71,G
1742-3-9-10-2,71,G
1742-3-9-12-1,71,G
1742-3-9-13-1,71,G
1742-3-9-14-1,71,G
1742-3-a-10-1,71,G
1742-3-a-11-2,71,G
1742-3-a-12-2,71,G
1742-3-7-15-4,71,G
1742-3-7-16-4,71,G
1742-3-7-17-4,71,G
1742-3-7-19-3,71,G
1742-3-8-15-3,71,G
1742-3-8-16-3,71,G
1742-3-8-17-3,71,G
1742-3-8-18-4,71,G
1742-3-8-19-4,71,G
1742-3-9-15-4,71,G
1742-3-9-17-3,71,G
1742-3-9-18-3,71,G
1742-3-9-19-3,71,G
1742-3-a-15-3,71,G
1742-3-a-16-4,71,G
1742-3-a-17-4,71,G
1742-3-a-18-4,71,G
1742-3-c-1-4,71,G
1742-3-c-2-4,71,G
1742-3-c-3-4,71,G
1742-3-c-5-3,71,G
1742-3-d-1-3,71,G
1742-3-d-2-3,71,G
1742-3-d-3-3,71,G
1742-3-d-4-4,71,G
1742-3-d-5-4,71,G
1742-3-e-1-4,71,G
1742-3-e-3-3,71,G
1742-3-e-4-3,71,G
1742-3-e-5-3,71,G
1742-3-f-1-3,71,G
1742-3-f-2-4,71,G
1742-3-f-3-4,71,G
1742-3-f-4-4,71,G
1742-3-c-6-4,71,G
1742-3-c-7-4,71,G
1742-3-c-8-4,71,G
1742-3-c-a-3,71,G
1742-3-d-6-3,71,G
1742-3-d-7-3,71,G
1742-3-d-8-3,71,G
1742-3-d-9-4,71,G
1742-3-d-a-4,71,G
1742-3-e-6-4,71,G
1742-3-e-8-3,71,G
1742-3-e-9-3,71,G
1742-3-e-a-3,71,G
1742-3-f-6-3,71,G
1742-3-f-7-4,71,G
1742-3-f-8-4,71,G
1742-3-f-9-4,71,G
1742-3-f-a-4,71,G
1742-3-c-10-2,71,G
1742-3-c-11-2,71,G
1742-3-c-12-2,71,G
1742-3-c-14-1,71,G
1742-3-d-10-1,71,G
1742-3-d-11-1,71,G
1742-3-d-12-1,71,G
1742-3-d-13-2,71,G
1742-3-d-14-2,71,G
1742-3-e-10-2,71,G
1742-3-e-12-1,71,G
1742-3-e-13-1,71,G
1742-3-e-14-1,71,G
1742-3-f-10-1,71,G
1742-3-f-11-2,71,G
1742-3-f-12-2,71,G
1742-3-f-13-2,71,G
1742-3-f-14-2,71,G
1742-3-c-15-2,71,G
1742-3-c-16-2,71,G
1742-3-c-17-2,71,G
1742-3-c-19-1,71,G
1742-3-d-15-1,71,G
1742-3-d-16-1,71,G
1742-3-d-17-1,71,G
1742-3-d-18-2,71,G
1742-3-d-19-2,71,G
1742-3-e-15-2,71,G
1742-3-e-17-1,71,G
1742-3-e-18-1,71,G
1742-3-e-19-1,71,G
1742-3-f-15-1,71,G
1742-3-f-16-2,71,G
1742-3-f-17-2,71,G
1742-3-f-18-2,71,G
1742-3-f-19-2,71,G
1742-3-11-1-2,71,G
1742-3-11-2-2,71,G
1742-3-11-3-2,71,G
1742-3-11-5-1,71,G
1742-3-12-1-1,71,G
1742-3-12-2-1,71,G
1742-3-12-3-1,71,G
1742-3-12-4-2,71,G
1742-3-12-5-2,71,G
1742-3-13-1-2,71,G
1742-3-13-3-1,71,G
1742-3-13-4-1,71,G
1742-3-13-5-1,71,G
1742-3-14-1-1,71,G
1742-3-14-2-2,71,G
1742-3-14-3-2,71,G
1742-3-14-4-2,71,G
1742-3-14-5-2,71,G
1742-3-10-a-1,71,G
1742-3-11-6-2,71,G
1742-3-11-7-2,71,G
1742-3-11-8-2,71,G
1742-3-11-a-1,71,G
1742-3-12-6-1,71,G
1742-3-12-7-1,71,G
1742-3-12-8-1,71,G
1742-3-12-9-2,71,G
1742-3-12-a-2,71,G
1742-3-13-6-2,71,G
1742-3-13-8-1,71,G
1742-3-13-9-1,71,G
1742-3-13-a-1,71,G
1742-3-14-6-1,71,G
1742-3-14-7-2,71,G
1742-3-14-8-2,71,G
1742-3-14-9-2,71,G
1742-3-14-a-2,71,G
1742-3-10-d-3,71,G
1742-3-10-e-3,71,G
1742-3-10-f-3,71,G
1742-3-11-b-4,71,G
1742-3-11-c-4,71,G
1742-3-11-d-4,71,G
1742-3-11-f-3,71,G
1742-3-12-b-3,71,G
1742-3-12-c-3,71,G
1742-3-12-d-3,71,G
1742-3-12-e-4,71,G
1742-3-12-f-4,71,G
1742-3-13-b-4,71,G
1742-3-13-d-3,71,G
1742-3-13-e-3,71,G
1742-3-13-f-3,71,G
1742-3-14-b-3,71,G
1742-3-14-c-4,71,G
1742-3-14-d-4,71,G
1742-3-14-e-4,71,G
1742-3-14-f-4,71,G
1742-3-10-12-3,71,G
1742-3-10-13-3,71,G
1742-3-10-14-3,71,G
1742-3-11-10-4,71,G
1742-3-11-11-4,71,G
1742-3-11-12-4,71,G
1742-3-11-14-3,71,G
1742-3-12-10-3,71,G
1742-3-12-11-3,71,G
1742-3-12-12-3,71,G
1742-3-12-13-4,71,G
1742-3-12-14-4,71,G
1742-3-13-10-4,71,G
1742-3-13-12-3,71,G
1742-3-13-13-3,71,G
1742-3-13-14-3,71,G
1742-3-14-10-3,71,G
1742-3-14-11-4,71,G
1742-3-14-12-4,71,G
1742-3-14-13-4,71,G
1742-3-14-14-4,71,G
1742-3-10-16-3,71,G
1742-3-10-17-3,71,G
1742-3-10-18-3,71,G
1742-3-10-19-3,71,G
1742-3-11-15-4,71,G
1742-3-11-16-4,71,G
1742-3-11-17-4,71,G
1742-3-11-19-3,71,G
1742-3-12-16-3,71,G
1742-3-12-17-3,71,G
1742-3-12-18-4,71,G
1742-3-12-19-4,71,G
1742-3-13-15-4,71,G
1742-3-13-17-3,71,G
1742-3-13-18-3,71,G
1742-3-13-19-3,71,G
1742-3-14-15-3,71,G
1742-3-14-16-4,71,G
1742-3-14-17-4,71,G
1742-3-14-18-4,71,G
1742-3-14-19-4,71,G
1742-3-15-7-1,71,G
1742-3-15-8-1,71,G
1742-3-15-9-1,71,G
1742-3-15-a-1,71,G
1742-3-16-6-2,71,G
1742-3-16-7-2,71,G
1742-3-17-8-1,71,G
1742-3-17-9-2,71,G
1742-3-17-a-2,71,G
1742-3-18-6-2,71,G
1742-3-18-8-1,71,G
1742-3-18-9-1,71,G
1742-3-18-a-1,71,G
1742-3-19-6-1,71,G
1742-3-19-7-2,71,G
1742-3-19-8-2,71,G
1742-3-19-9-2,71,G
1742-3-15-d-1,71,G
1742-3-15-e-1,71,G
1742-3-15-f-1,71,G
1742-3-17-d-1,71,G
1742-3-17-e-2,71,G
1742-3-17-f-2,71,G
1742-3-18-b-2,71,G
1742-3-18-d-1,71,G
1742-3-18-e-1,71,G
1742-3-19-b-1,71,G
1742-3-19-c-2,71,G
1742-3-19-d-2,71,G
1742-3-17-12-1,71,G
1742-3-17-13-2,71,G
1742-3-17-14-2,71,G
1742-3-18-10-2,71,G
1742-3-18-12-1,71,G
1742-3-19-11-2,71,G
1742-3-19-12-2,71,G
1742-3-17-16-1,71,G
1742-3-17-17-1,71,G
1742-3-17-18-2,71,G
1742-3-17-19-2,71,G
1742-3-18-15-2,71,G
1742-3-18-17-1,71,G
1742-3-19-16-2,71,G
1808-1-3-2-3,71,G
1808-1-3-3-3,71,G
1808-1-3-4-4,71,G
1808-1-3-5-4,71,G
1808-1-4-1-4,71,G
1808-1-3-7-3,71,G
1808-1-3-8-3,71,G
1808-1-3-9-4,71,G
1808-1-3-a-4,71,G
1808-1-4-6-4,71,G
1808-1-3-b-3,71,G
1808-1-3-c-3,71,G
1808-1-3-d-3,71,G
1808-1-3-e-4,71,G
1808-1-3-f-4,71,G
1808-1-4-b-4,71,G
1808-1-3-10-3,71,G
1808-1-3-11-3,71,G
1808-1-3-12-3,71,G
1808-1-3-13-4,71,G
1808-1-3-14-4,71,G
1808-1-4-10-4,71,G
1808-1-7-5-1,71,G
1808-1-8-1-1,71,G
1808-1-8-2-1,71,G
1808-1-8-3-1,71,G
1808-1-8-4-2,71,G
1808-1-8-5-2,71,G
1808-1-9-1-2,71,G
1808-1-7-a-1,71,G
1808-1-8-6-1,71,G
1808-1-8-7-1,71,G
1808-1-8-8-1,71,G
1808-1-8-9-2,71,G
1808-1-8-a-2,71,G
1808-1-7-d-2,71,G
1808-1-7-f-1,71,G
1808-1-8-b-1,71,G
1808-1-8-c-1,71,G
1808-1-8-d-1,71,G
1808-1-8-e-2,71,G
1808-1-8-f-2,71,G
1808-1-7-11-4,71,G
1808-1-7-12-4,71,G
1808-1-7-14-3,71,G
1808-1-8-10-3,71,G
1808-1-8-11-3,71,G
1808-1-8-12-3,71,G
1808-1-8-13-4,71,G
1808-1-7-15-4,71,G
1808-1-7-16-4,71,G
1808-1-7-17-4,71,G
1808-1-7-19-3,71,G
1808-1-8-15-3,71,G
1808-1-8-16-3,71,G
1808-1-8-17-3,71,G
1808-1-8-18-4,71,G
1808-1-c-1-4,71,G
1808-1-c-2-4,71,G
1808-1-c-3-4,71,G
1808-1-c-5-3,71,G
1808-1-d-1-3,71,G
1808-1-d-2-3,71,G
1808-1-d-3-3,71,G
1808-1-b-a-3,71,G
1808-1-c-6-4,71,G
1808-1-c-7-4,71,G
1808-1-c-8-4,71,G
1808-1-c-a-3,71,G
1808-1-b-13-1,71,G
1808-1-b-14-1,71,G
1808-1-c-10-2,71,G
1808-1-c-11-2,71,G
1808-1-c-12-2,71,G
1808-1-b-18-1,71,G
1808-1-b-19-1,71,G
1808-1-c-15-2,71,G
1808-1-c-16-2,71,G
1808-1-10-3-1,71,G
1808-1-10-4-1,71,G
1808-1-10-5-1,71,G
1808-1-11-1-2,71,G
1808-1-10-8-3,71,G
1808-1-10-9-3,71,G
1808-1-10-a-3,71,G
1808-1-10-c-3,71,G
1808-1-10-d-3,71,G
1808-1-10-e-3,71,G
1808-1-10-11-3,71,G
1808-1-10-12-3,71,G
1544-1-a-e-1,72,G
1544-2-6-b-1,72,G
1544-2-6-d-1,72,G
1544-1-9-18-2,72,G
1544-1-a-15-2,72,G
1544-1-a-18-1,72,G
1544-2-6-15-1,72,G
1544-2-6-17-1,72,G
1544-2-6-19-2,72,G
1544-1-b-9-3,72,G
1544-1-c-6-3,72,G
1544-1-d-a-3,72,G
1544-1-e-7-3,72,G
1544-1-e-9-4,72,G
1544-1-f-6-4,72,G
1544-1-f-9-3,72,G
1544-2-b-6-3,72,G
1544-2-b-8-3,72,G
1544-2-b-a-4,72,G
1544-2-c-7-4,72,G
1544-2-c-a-3,72,G
1544-2-d-9-4,72,G
1543-2-f-13-4,72,G
1544-1-b-10-4,72,G
1544-1-b-13-3,72,G
1544-1-c-10-3,72,G
1544-1-c-12-4,72,G
1544-1-c-14-4,72,G
1544-1-d-11-4,72,G
1544-1-d-14-3,72,G
1544-1-e-11-3,72,G
1544-1-e-13-4,72,G
1544-1-f-10-4,72,G
1544-1-f-13-3,72,G
1544-2-b-10-3,72,G
1544-2-b-12-3,72,G
1544-2-b-14-4,72,G
1544-2-c-11-4,72,G
1544-2-c-14-3,72,G
1544-2-d-11-3,72,G
1544-2-d-13-4,72,G
1544-2-e-10-4,72,G
1543-2-14-7-1,72,G
1543-2-14-9-2,72,G
1544-1-10-6-2,72,G
1544-1-10-9-1,72,G
1544-1-11-6-1,72,G
1544-1-11-8-2,72,G
1544-1-11-a-2,72,G
1544-1-12-7-2,72,G
1544-1-12-a-1,72,G
1544-1-13-7-1,72,G
1544-1-13-9-2,72,G
1544-1-14-6-2,72,G
1544-1-14-9-1,72,G
1544-2-10-6-1,72,G
1544-2-10-8-1,72,G
1544-2-10-a-2,72,G
1544-2-11-7-2,72,G
1544-2-11-a-1,72,G
1544-2-12-7-1,72,G
1544-2-12-9-2,72,G
1544-2-13-6-2,72,G
1544-2-13-8-2,72,G
1544-2-14-6-1,72,G
1543-2-14-11-1,72,G
1543-2-14-13-2,72,G
1544-1-10-10-2,72,G
1544-1-10-13-1,72,G
1544-1-11-10-1,72,G
1544-1-11-12-2,72,G
1544-1-11-14-2,72,G
1544-1-12-11-2,72,G
1544-1-12-14-1,72,G
1544-1-13-11-1,72,G
1544-1-13-13-2,72,G
1544-1-14-10-2,72,G
1544-1-14-13-1,72,G
1544-2-10-10-1,72,G
1544-2-10-12-1,72,G
1544-2-10-14-2,72,G
1544-2-11-11-2,72,G
1544-2-11-14-1,72,G
1544-2-12-11-1,72,G
1544-2-12-13-2,72,G
1544-2-13-10-2,72,G
1544-2-13-12-2,72,G
1544-2-14-10-1,72,G
1544-2-14-12-1,72,G
1543-2-18-5-1,72,G
1543-2-19-2-1,72,G
1543-2-19-4-2,72,G
1544-1-15-1-2,72,G
1544-1-15-4-1,72,G
1544-1-16-1-1,72,G
1544-1-16-3-2,72,G
1544-1-16-5-2,72,G
1544-1-17-2-2,72,G
1544-1-17-5-1,72,G
1544-1-18-2-1,72,G
1544-1-18-4-2,72,G
1544-1-19-1-2,72,G
1544-1-19-4-1,72,G
1544-2-15-1-1,72,G
1544-2-15-3-1,72,G
1544-2-15-5-2,72,G
1544-2-16-2-2,72,G
1544-2-16-5-1,72,G
1544-2-17-2-1,72,G
1544-2-17-4-2,72,G
1544-2-18-1-2,72,G
1544-2-18-3-2,72,G
1544-2-19-1-1,72,G
1544-2-19-3-1,72,G
1543-2-18-d-3,72,G
1543-2-18-f-3,72,G
1543-2-19-c-3,72,G
1543-2-19-e-4,72,G
1544-1-15-b-4,72,G
1544-1-15-e-3,72,G
1544-1-16-b-3,72,G
1544-1-16-d-4,72,G
1544-1-16-f-4,72,G
1544-1-17-c-4,72,G
1544-1-17-f-3,72,G
1544-1-18-c-3,72,G
1544-1-18-e-4,72,G
1544-1-19-b-4,72,G
1544-1-19-e-3,72,G
1544-2-15-b-3,72,G
1544-2-15-d-3,72,G
1544-2-15-f-4,72,G
1544-2-16-c-4,72,G
1544-2-16-f-3,72,G
1544-2-17-c-3,72,G
1544-2-17-e-4,72,G
1544-2-18-b-4,72,G
1544-2-18-d-4,72,G
1544-2-19-b-3,72,G
1543-2-17-19-4,72,G
1543-2-18-17-3,72,G
1543-2-18-19-3,72,G
1543-2-19-16-3,72,G
1543-2-19-18-4,72,G
1544-1-15-15-4,72,G
1544-1-15-18-3,72,G
1544-1-16-15-3,72,G
1544-1-16-17-4,72,G
1544-1-16-19-4,72,G
1544-1-17-16-4,72,G
1544-1-17-19-3,72,G
1544-1-18-16-3,72,G
1544-1-18-18-4,72,G
1544-1-19-15-4,72,G
1544-1-19-18-3,72,G
1544-2-15-15-3,72,G
1544-2-15-17-3,72,G
1544-2-15-19-4,72,G
1544-2-16-16-4,72,G
1544-2-16-19-3,72,G
1544-2-17-16-3,72,G
1544-2-17-18-4,72,G
1544-2-18-15-4,72,G
1543-3-4-f-2,72,G
1543-3-5-d-1,72,G
1543-3-5-f-1,72,G
1543-4-3-d-2,72,G
1543-4-3-f-2,72,G
1543-4-4-d-1,72,G
1543-4-4-f-1,72,G
1543-4-5-c-1,72,G
1543-4-5-e-2,72,G
1544-3-1-b-2,72,G
1544-3-1-e-1,72,G
1544-3-2-b-1,72,G
1544-3-2-d-2,72,G
1544-3-2-f-2,72,G
1544-3-3-c-2,72,G
1544-3-3-f-1,72,G
1544-3-4-c-1,72,G
1544-3-4-e-2,72,G
1544-3-5-b-2,72,G
1544-3-5-e-1,72,G
1544-4-1-b-1,72,G
1544-4-1-d-1,72,G
1544-4-1-f-2,72,G
1544-4-2-c-2,72,G
1544-4-2-f-1,72,G
1544-4-3-c-1,72,G
1543-3-5-17-1,72,G
1543-3-5-19-1,72,G
1543-4-1-16-2,72,G
1543-4-1-18-2,72,G
1543-4-2-15-2,72,G
1543-4-2-18-1,72,G
1543-4-3-15-1,72,G
1543-4-3-17-2,72,G
1543-4-3-19-2,72,G
1543-4-4-17-1,72,G
1543-4-4-19-1,72,G
1543-4-5-16-1,72,G
1543-4-5-18-2,72,G
1544-3-1-15-2,72,G
1544-3-1-18-1,72,G
1544-3-2-15-1,72,G
1544-3-2-17-2,72,G
1544-3-2-19-2,72,G
1544-3-3-16-2,72,G
1544-3-3-19-1,72,G
1544-3-4-16-1,72,G
1544-3-4-18-2,72,G
1544-3-5-15-2,72,G
1544-3-5-18-1,72,G
1544-4-1-15-1,72,G
1544-4-1-17-1,72,G
1544-4-1-19-2,72,G
1544-4-2-16-2,72,G
1543-4-6-7-4,72,G
1543-4-6-9-4,72,G
1543-4-7-6-4,72,G
1543-4-7-9-3,72,G
1543-4-8-6-3,72,G
1543-4-8-8-4,72,G
1543-4-8-a-4,72,G
1543-4-9-8-3,72,G
1543-4-9-a-3,72,G
1543-4-a-7-3,72,G
1543-4-a-9-4,72,G
1544-3-6-6-4,72,G
1544-3-6-9-3,72,G
1544-3-7-6-3,72,G
1544-3-7-8-4,72,G
1544-3-7-a-4,72,G
1544-3-8-7-4,72,G
1544-3-8-a-3,72,G
1544-3-9-7-3,72,G
1544-3-9-9-4,72,G
1544-3-a-6-4,72,G
1544-3-a-9-3,72,G
1544-4-6-6-3,72,G
1544-4-6-8-3,72,G
1544-4-6-a-4,72,G
1544-4-7-7-4,72,G
1544-4-7-a-3,72,G
1544-4-8-7-3,72,G
1544-4-8-9-4,72,G
1544-4-9-6-4,72,G
1544-4-9-8-4,72,G
1543-4-7-13-3,72,G
1543-4-8-10-3,72,G
1543-4-8-12-4,72,G
1543-4-8-14-4,72,G
1543-4-9-12-3,72,G
1543-4-9-14-3,72,G
1543-4-a-11-3,72,G
1543-4-a-13-4,72,G
1544-3-6-10-4,72,G
1544-3-6-13-3,72,G
1544-3-7-10-3,72,G
1544-3-7-12-4,72,G
1544-3-7-14-4,72,G
1544-3-8-11-4,72,G
1544-3-8-14-3,72,G
1544-3-9-11-3,72,G
1544-3-9-13-4,72,G
1544-3-a-10-4,72,G
1544-3-a-13-3,72,G
1544-4-6-10-3,72,G
1544-4-6-12-3,72,G
1544-4-6-14-4,72,G
1544-4-7-11-4,72,G
1544-4-7-14-3,72,G
1544-4-8-11-3,72,G
1544-4-8-13-4,72,G
1544-4-9-10-4,72,G
1544-4-9-12-4,72,G
1543-4-d-6-1,72,G
1543-4-d-8-2,72,G
1543-4-d-a-2,72,G
1543-4-e-8-1,72,G
1543-4-e-a-1,72,G
1543-4-f-7-1,72,G
1543-4-f-9-2,72,G
1544-3-b-6-2,72,G
1544-3-b-9-1,72,G
1544-3-c-6-1,72,G
1544-3-c-8-2,72,G
1544-3-c-a-2,72,G
1544-3-d-7-2,72,G
1544-3-d-a-1,72,G
1544-3-e-7-1,72,G
1544-3-e-9-2,72,G
1544-3-f-6-2,72,G
1544-3-f-9-1,72,G
1544-4-b-6-1,72,G
1544-4-b-8-1,72,G
1544-4-b-a-2,72,G
1544-4-c-7-2,72,G
1544-4-c-a-1,72,G
1544-4-d-7-1,72,G
1544-4-d-9-2,72,G
1544-4-e-6-2,72,G
1544-4-e-8-2,72,G
1543-4-d-10-1,72,G
1543-4-d-12-2,72,G
1543-4-d-14-2,72,G
1543-4-e-12-1,72,G
1543-4-e-14-1,72,G
1543-4-f-11-1,72,G
1543-4-f-13-2,72,G
1544-3-b-10-2,72,G
1544-3-b-13-1,72,G
1544-3-c-10-1,72,G
1544-3-c-12-2,72,G
1544-3-c-14-2,72,G
1544-3-e-13-2,72,G
1544-3-f-10-2,72,G
1544-3-f-13-1,72,G
1544-4-b-10-1,72,G
1544-4-b-12-1,72,G
1544-4-b-14-2,72,G
1544-4-c-11-2,72,G
1544-4-c-14-1,72,G
1544-4-d-11-1,72,G
1544-4-d-13-2,72,G
1544-4-e-10-2,72,G
1544-4-e-12-2,72,G
1544-4-f-10-1,72,G
1543-4-12-3-2,72,G
1543-4-12-5-2,72,G
1543-4-13-3-1,72,G
1543-4-13-5-1,72,G
1543-4-14-2-1,72,G
1543-4-14-4-2,72,G
1544-3-10-1-2,72,G
1544-3-10-4-1,72,G
1544-3-11-1-1,72,G
1544-3-11-3-2,72,G
1544-3-14-1-2,72,G
1544-3-14-4-1,72,G
1544-4-10-1-1,72,G
1544-4-10-3-1,72,G
1544-4-10-5-2,72,G
1544-4-11-2-2,72,G
1544-4-11-5-1,72,G
1544-4-12-2-1,72,G
1544-4-12-4-2,72,G
1544-4-13-1-2,72,G
1544-4-13-3-2,72,G
1544-4-14-1-1,72,G
1543-4-12-d-4,72,G
1543-4-12-f-4,72,G
1543-4-13-d-3,72,G
1543-4-13-f-3,72,G
1543-4-14-c-3,72,G
1543-4-14-e-4,72,G
1544-3-10-b-4,72,G
1544-3-10-e-3,72,G
1544-3-11-b-3,72,G
1544-3-14-e-3,72,G
1544-4-10-b-3,72,G
1544-4-10-d-3,72,G
1544-4-10-f-4,72,G
1544-4-11-c-4,72,G
1544-4-11-f-3,72,G
1544-4-12-c-3,72,G
1544-4-12-e-4,72,G
1544-4-13-b-4,72,G
1544-4-13-d-4,72,G
1543-4-12-17-4,72,G
1543-4-12-19-4,72,G
1543-4-13-17-3,72,G
1543-4-13-19-3,72,G
1543-4-14-16-3,72,G
1543-4-14-18-4,72,G
1544-3-10-15-4,72,G
1544-3-10-18-3,72,G
1544-3-14-18-3,72,G
1544-4-10-15-3,72,G
1544-4-10-17-3,72,G
1544-4-10-19-4,72,G
1544-4-11-16-4,72,G
1544-4-11-19-3,72,G
1544-4-12-16-3,72,G
1544-4-12-18-4,72,G
1544-4-13-15-4,72,G
1544-4-13-17-4,72,G
1543-4-17-d-2,72,G
1543-4-17-f-2,72,G
1543-4-18-d-1,72,G
1543-4-18-f-1,72,G
1543-4-19-c-1,72,G
1543-4-19-e-2,72,G
1544-3-15-b-2,72,G
1544-4-15-b-1,72,G
1544-4-15-d-1,72,G
1544-4-15-f-2,72,G
1544-4-16-c-2,72,G
1544-4-16-f-1,72,G
1544-4-17-c-1,72,G
1544-4-17-e-2,72,G
1543-4-17-19-2,72,G
1543-4-18-17-1,72,G
1543-4-18-19-1,72,G
1543-4-19-16-1,72,G
1543-4-19-18-2,72,G
1544-3-15-15-2,72,G
1544-4-15-15-1,72,G
1544-4-15-17-1,72,G
1544-4-15-19-2,72,G
1544-4-16-16-2,72,G
1544-4-16-19-1,72,G
1544-4-17-16-1,72,G
1609-2-3-a-4,72,G
1609-2-4-8-3,72,G
1609-2-4-a-3,72,G
1609-2-5-7-3,72,G
1609-2-5-9-4,72,G
1610-2-1-6-3,72,G
1610-2-1-8-3,72,G
1610-2-1-a-4,72,G
1610-2-2-7-4,72,G
1610-2-2-a-3,72,G
1610-2-3-7-3,72,G
1609-2-3-12-4,72,G
1609-2-3-14-4,72,G
1609-2-4-12-3,72,G
1609-2-4-14-3,72,G
1609-2-5-11-3,72,G
1609-2-5-13-4,72,G
1610-2-1-12-3,72,G
1610-2-1-14-4,72,G
1610-2-2-11-4,72,G
1610-2-2-14-3,72,G
1610-2-3-11-3,72,G
1609-2-8-3-4,72,G
1609-2-8-5-4,72,G
1609-2-9-3-3,72,G
1609-2-9-5-3,72,G
1609-2-a-2-3,72,G
1610-2-6-3-3,72,G
1610-2-6-5-4,72,G
1610-2-7-2-4,72,G
1610-2-7-5-3,72,G
1609-2-8-12-2,72,G
1609-2-8-14-2,72,G
1609-2-9-12-1,72,G
1609-2-9-14-1,72,G
1609-2-a-11-1,72,G
1610-2-6-14-2,72,G
1610-2-7-11-2,72,G
1610-2-7-14-1,72,G
1610-2-a-10-1,72,G
1610-2-a-12-1,72,G
1610-2-a-14-2,72,G
1609-2-d-3-2,72,G
1609-2-d-5-2,72,G
1609-2-e-3-1,72,G
1609-2-e-5-1,72,G
1609-2-f-2-1,72,G
1610-2-b-5-2,72,G
1610-2-c-2-2,72,G
1610-2-c-5-1,72,G
1610-2-d-4-2,72,G
1610-2-e-1-2,72,G
1610-2-e-3-2,72,G
1610-2-f-1-1,72,G
1610-2-f-3-1,72,G
1610-2-f-5-2,72,G
1611-1-b-2-2,72,G
1609-2-d-d-4,72,G
1609-2-d-f-4,72,G
1609-2-e-d-3,72,G
1609-2-e-f-3,72,G
1610-2-b-f-4,72,G
1610-2-c-c-4,72,G
1610-2-c-f-3,72,G
1610-2-d-c-3,72,G
1610-2-d-e-4,72,G
1610-2-e-b-4,72,G
1610-2-e-d-4,72,G
1610-2-f-b-3,72,G
1610-2-f-d-3,72,G
1610-2-f-f-4,72,G
1611-1-b-c-4,72,G
1611-1-b-f-3,72,G
1611-1-c-c-3,72,G
1609-2-d-17-4,72,G
1609-2-d-19-4,72,G
1609-2-e-17-3,72,G
1609-2-e-19-3,72,G
1610-2-b-19-4,72,G
1610-2-c-16-4,72,G
1610-2-c-19-3,72,G
1610-2-d-16-3,72,G
1610-2-d-18-4,72,G
1610-2-e-15-4,72,G
1610-2-e-17-4,72,G
1610-2-f-15-3,72,G
1610-2-f-17-3,72,G
1610-2-f-19-4,72,G
1611-1-b-16-4,72,G
1611-1-b-19-3,72,G
1611-1-c-16-3,72,G
1611-1-c-18-3,72,G
1609-2-12-b-1,72,G
1609-2-12-d-2,72,G
1609-2-12-f-2,72,G
1609-2-13-d-1,72,G
1609-2-13-f-1,72,G
1610-2-11-c-2,72,G
1610-2-11-f-1,72,G
1610-2-12-c-1,72,G
1610-2-12-e-2,72,G
1610-2-13-b-2,72,G
1610-2-13-d-2,72,G
1610-2-14-b-1,72,G
1610-2-14-d-1,72,G
1610-2-14-f-2,72,G
1611-1-10-c-2,72,G
1611-1-10-f-1,72,G
1611-1-11-c-1,72,G
1611-1-11-e-1,72,G
1611-1-12-b-2,72,G
1609-2-12-15-1,72,G
1609-2-12-17-2,72,G
1609-2-12-19-2,72,G
1609-2-13-17-1,72,G
1610-2-11-16-2,72,G
1610-2-11-19-1,72,G
1610-2-12-16-1,72,G
1610-2-12-18-2,72,G
1610-2-13-15-2,72,G
1610-2-13-17-2,72,G
1610-2-14-15-1,72,G
1610-2-14-17-1,72,G
1610-2-14-19-2,72,G
1611-1-10-16-2,72,G
1611-1-10-19-1,72,G
1611-1-11-16-1,72,G
1611-1-11-18-1,72,G
1611-1-12-15-2,72,G
1611-1-12-17-2,72,G
1609-2-17-6-1,72,G
1609-2-17-8-2,72,G
1609-2-17-a-2,72,G
1609-2-18-8-1,72,G
1610-2-16-7-2,72,G
1610-2-16-a-1,72,G
1610-2-17-7-1,72,G
1610-2-17-9-2,72,G
1610-2-18-6-2,72,G
1610-2-18-8-2,72,G
1610-2-19-6-1,72,G
1610-2-19-8-1,72,G
1610-2-19-a-2,72,G
1611-1-15-7-2,72,G
1611-1-15-a-1,72,G
1611-1-16-7-1,72,G
1611-1-16-9-1,72,G
1611-1-17-6-2,72,G
1611-1-17-8-2,72,G
1609-2-16-13-3,72,G
1609-2-17-10-3,72,G
1609-2-17-12-4,72,G
1609-2-17-14-4,72,G
1610-2-16-11-4,72,G
1610-2-16-14-3,72,G
1610-2-17-11-3,72,G
1610-2-17-13-4,72,G
1610-2-18-10-4,72,G
1610-2-18-12-4,72,G
1610-2-19-10-3,72,G
1610-2-19-12-3,72,G
1610-2-19-14-4,72,G
1611-1-15-11-4,72,G
1611-1-15-14-3,72,G
1611-1-16-11-3,72,G
1611-1-16-13-3,72,G
1611-1-17-10-4,72,G
1611-1-17-12-4,72,G
1611-1-18-12-3,72,G
1611-1-18-14-4,72,G
1609-4-2-4-3,72,G
1609-4-3-1-3,72,G
1609-4-3-3-4,72,G
1609-4-3-5-4,72,G
1610-4-2-2-4,72,G
1610-4-2-5-3,72,G
1610-4-3-2-3,72,G
1610-4-3-4-4,72,G
1610-4-4-1-4,72,G
1610-4-4-3-4,72,G
1610-4-5-1-3,72,G
1610-4-5-3-3,72,G
1610-4-5-5-4,72,G
1611-3-1-2-4,72,G
1611-3-1-5-3,72,G
1611-3-2-2-3,72,G
1611-3-2-4-3,72,G
1611-3-3-1-4,72,G
1611-3-3-3-4,72,G
1611-3-4-1-3,72,G
1611-3-4-3-3,72,G
1611-3-4-5-4,72,G
1609-4-2-10-2,72,G
1609-4-2-13-1,72,G
1609-4-3-10-1,72,G
1609-4-3-12-2,72,G
1610-4-2-14-1,72,G
1610-4-3-11-1,72,G
1610-4-3-13-2,72,G
1610-4-4-10-2,72,G
1610-4-4-12-2,72,G
1610-4-5-10-1,72,G
1610-4-5-12-1,72,G
1610-4-5-14-2,72,G
1611-3-1-11-2,72,G
1611-3-1-14-1,72,G
1611-3-2-11-1,72,G
1611-3-2-13-1,72,G
1611-3-3-10-2,72,G
1611-3-3-12-2,72,G
1611-3-4-10-1,72,G
1611-3-4-12-1,72,G
1611-3-4-14-2,72,G
1609-4-6-4-2,72,G
1609-4-7-1-2,72,G
1609-4-7-4-1,72,G
1609-4-8-1-1,72,G
1609-4-8-3-2,72,G
1610-4-7-5-1,72,G
1610-4-8-2-1,72,G
1610-4-8-4-2,72,G
1610-4-9-1-2,72,G
1610-4-9-3-2,72,G
1610-4-a-1-1,72,G
1610-4-a-3-1,72,G
1610-4-a-5-2,72,G
1611-3-6-2-2,72,G
1611-3-6-5-1,72,G
1611-3-7-2-1,72,G
1611-3-7-4-1,72,G
1611-3-8-1-2,72,G
1611-3-8-3-2,72,G
1611-3-9-1-1,72,G
1611-3-9-3-1,72,G
1611-3-9-5-2,72,G
1609-3-9-f-4,72,G
1609-3-a-d-3,72,G
1609-3-a-f-3,72,G
1609-4-6-c-4,72,G
1609-4-6-e-4,72,G
1609-4-7-b-4,72,G
1609-4-7-e-3,72,G
1609-4-8-b-3,72,G
1610-4-7-c-4,72,G
1610-4-7-f-3,72,G
1610-4-8-c-3,72,G
1610-4-8-e-4,72,G
1610-4-9-b-4,72,G
1610-4-9-d-4,72,G
1610-4-a-b-3,72,G
1610-4-a-d-3,72,G
1610-4-a-f-4,72,G
1611-3-6-c-4,72,G
1611-3-6-f-3,72,G
1611-3-7-c-3,72,G
1611-3-7-e-3,72,G
1611-3-8-b-4,72,G
1611-3-8-d-4,72,G
1611-3-9-b-3,72,G
1611-3-9-d-3,72,G
1611-3-9-f-4,72,G
1609-3-9-17-4,72,G
1609-3-9-19-4,72,G
1609-3-a-17-3,72,G
1609-3-a-19-3,72,G
1609-4-6-16-4,72,G
1609-4-6-18-4,72,G
1609-4-7-15-4,72,G
1609-4-7-18-3,72,G
1609-4-8-15-3,72,G
1610-4-7-16-4,72,G
1610-4-7-19-3,72,G
1610-4-8-16-3,72,G
1610-4-8-18-4,72,G
1610-4-9-15-4,72,G
1610-4-9-17-4,72,G
1610-4-a-15-3,72,G
1610-4-a-17-3,72,G
1610-4-a-19-4,72,G
1611-3-6-16-4,72,G
1611-3-6-19-3,72,G
1611-3-7-16-3,72,G
1611-3-7-18-3,72,G
1611-3-8-15-4,72,G
1611-3-8-17-4,72,G
1611-3-9-15-3,72,G
1611-3-9-17-3,72,G
1611-3-9-19-4,72,G
1609-3-e-8-4,72,G
1609-3-e-a-4,72,G
1609-3-f-8-3,72,G
1609-3-f-a-3,72,G
1609-4-b-7-4,72,G
1609-4-b-9-4,72,G
1609-4-c-6-4,72,G
1609-4-c-9-3,72,G
1610-4-c-7-4,72,G
1610-4-c-a-3,72,G
1610-4-d-7-3,72,G
1610-4-d-9-4,72,G
1610-4-e-6-4,72,G
1610-4-e-8-4,72,G
1610-4-f-6-3,72,G
1610-4-f-8-3,72,G
1610-4-f-a-4,72,G
1611-3-b-7-4,72,G
1611-3-b-a-3,72,G
1611-3-c-7-3,72,G
1611-3-c-9-3,72,G
1611-3-d-6-4,72,G
1611-3-d-8-4,72,G
1611-3-e-6-3,72,G
1611-3-e-8-3,72,G
1611-3-e-a-4,72,G
1609-3-e-17-2,72,G
1609-3-e-19-2,72,G
1609-3-f-17-1,72,G
1609-3-f-19-1,72,G
1609-4-b-16-2,72,G
1609-4-b-18-2,72,G
1609-4-c-15-2,72,G
1609-4-c-18-1,72,G
1610-4-b-19-2,72,G
1610-4-c-16-2,72,G
1610-4-c-19-1,72,G
1610-4-d-16-1,72,G
1610-4-d-18-2,72,G
1610-4-e-15-2,72,G
1610-4-e-17-2,72,G
1610-4-f-15-1,72,G
1610-4-f-17-1,72,G
1610-4-f-19-2,72,G
1611-3-b-16-2,72,G
1611-3-b-19-1,72,G
1611-3-c-16-1,72,G
1611-3-c-18-1,72,G
1611-3-d-15-2,72,G
1611-3-d-17-2,72,G
1611-3-e-15-1,72,G
1611-3-e-17-1,72,G
1611-3-e-19-2,72,G
1611-4-b-18-1,72,G
1609-3-13-8-2,72,G
1609-3-13-a-2,72,G
1609-3-14-8-1,72,G
1609-3-14-a-1,72,G
1609-4-10-7-2,72,G
1609-4-10-9-2,72,G
1609-4-11-6-2,72,G
1610-4-10-a-2,72,G
1610-4-11-7-2,72,G
1610-4-11-a-1,72,G
1610-4-12-7-1,72,G
1610-4-12-9-2,72,G
1610-4-13-6-2,72,G
1610-4-13-8-2,72,G
1610-4-14-6-1,72,G
1610-4-14-8-1,72,G
1610-4-14-a-2,72,G
1611-3-10-7-2,72,G
1611-3-10-a-1,72,G
1611-3-11-7-1,72,G
1611-3-11-9-1,72,G
1611-3-12-6-2,72,G
1611-3-12-8-2,72,G
1611-3-13-6-1,72,G
1611-3-13-8-1,72,G
1611-3-13-a-2,72,G
1611-3-14-7-2,72,G
1611-4-10-7-1,72,G
1611-4-10-9-1,72,G
1609-3-13-12-4,72,G
1609-3-13-14-4,72,G
1609-3-14-12-3,72,G
1609-3-14-14-3,72,G
1609-4-10-11-4,72,G
1609-4-10-13-4,72,G
1609-4-11-10-4,72,G
1610-4-10-14-4,72,G
1610-4-11-11-4,72,G
1610-4-11-14-3,72,G
1610-4-12-11-3,72,G
1610-4-12-13-4,72,G
1610-4-13-10-4,72,G
1610-4-13-12-4,72,G
1610-4-14-10-3,72,G
1610-4-14-12-3,72,G
1610-4-14-14-4,72,G
1611-3-10-11-4,72,G
1611-3-10-14-3,72,G
1611-3-11-11-3,72,G
1611-3-11-13-3,72,G
1611-3-12-10-4,72,G
1611-3-12-12-4,72,G
1611-3-13-10-3,72,G
1611-3-13-12-3,72,G
1611-3-13-14-4,72,G
1611-3-14-11-4,72,G
1611-3-14-14-3,72,G
1611-4-10-11-3,72,G
1611-4-10-13-3,72,G
1609-3-18-3-4,72,G
1609-3-18-5-4,72,G
1609-3-19-3-3,72,G
1609-3-19-5-3,72,G
1609-4-15-2-4,72,G
1609-4-15-4-4,72,G
1610-4-15-3-3,72,G
1610-4-15-5-4,72,G
1610-4-16-2-4,72,G
1610-4-16-5-3,72,G
1610-4-17-2-3,72,G
1610-4-17-4-4,72,G
1610-4-18-1-4,72,G
1610-4-18-3-4,72,G
1610-4-19-1-3,72,G
1610-4-19-3-3,72,G
1610-4-19-5-4,72,G
1611-3-15-2-4,72,G
1611-3-15-5-3,72,G
1611-3-16-2-3,72,G
1611-3-16-4-3,72,G
1611-3-17-1-4,72,G
1611-3-17-3-4,72,G
1611-3-18-1-3,72,G
1611-3-18-3-3,72,G
1611-3-18-5-4,72,G
1611-3-19-2-4,72,G
1611-3-19-5-3,72,G
1611-4-15-2-3,72,G
1611-4-15-4-3,72,G
1611-4-16-1-4,72,G
1609-3-18-12-2,72,G
1609-3-18-14-2,72,G
1609-3-19-12-1,72,G
1609-3-19-14-1,72,G
1609-4-15-11-2,72,G
1610-4-15-10-1,72,G
1610-4-15-12-1,72,G
1610-4-15-14-2,72,G
1610-4-16-11-2,72,G
1610-4-16-14-1,72,G
1610-4-17-11-1,72,G
1610-4-17-13-2,72,G
1610-4-18-10-2,72,G
1610-4-18-12-2,72,G
1610-4-19-10-1,72,G
1610-4-19-12-1,72,G
1610-4-19-14-2,72,G
1611-3-15-11-2,72,G
1611-3-15-14-1,72,G
1611-3-16-11-1,72,G
1611-3-16-13-1,72,G
1611-3-17-10-2,72,G
1611-3-17-12-2,72,G
1611-3-18-10-1,72,G
1611-3-18-12-1,72,G
1611-3-18-14-2,72,G
1611-3-19-11-2,72,G
1611-3-19-14-1,72,G
1611-4-15-11-1,72,G
1611-4-15-13-1,72,G
1611-4-16-10-2,72,G
1675-1-4-3-2,72,G
1675-1-4-5-2,72,G
1675-1-5-3-1,72,G
1675-1-5-5-1,72,G
1676-2-1-1-1,72,G
1676-2-1-3-1,72,G
1676-2-1-5-2,72,G
1676-2-2-2-2,72,G
1676-2-2-5-1,72,G
1676-2-3-2-1,72,G
1676-2-3-4-2,72,G
1676-2-4-1-2,72,G
1676-2-4-3-2,72,G
1676-2-5-1-1,72,G
1676-2-5-3-1,72,G
1676-2-5-5-2,72,G
1677-1-1-2-2,72,G
1677-1-1-5-1,72,G
1677-1-2-2-1,72,G
1677-1-2-4-1,72,G
1677-1-3-1-2,72,G
1677-1-3-3-2,72,G
1677-1-4-1-1,72,G
1677-1-4-3-1,72,G
1677-1-4-5-2,72,G
1677-1-5-2-2,72,G
1677-1-5-5-1,72,G
1677-2-1-2-1,72,G
1677-2-1-4-1,72,G
1677-2-2-1-2,72,G
1675-1-4-d-2,72,G
1675-1-4-f-2,72,G
1675-1-5-d-1,72,G
1675-1-5-f-1,72,G
1676-1-5-e-1,72,G
1676-2-1-b-1,72,G
1676-2-1-d-1,72,G
1676-2-1-f-2,72,G
1676-2-2-c-2,72,G
1676-2-2-f-1,72,G
1676-2-3-c-1,72,G
1676-2-3-e-2,72,G
1676-2-4-b-2,72,G
1676-2-4-d-2,72,G
1676-2-5-b-1,72,G
1676-2-5-d-1,72,G
1676-2-5-f-2,72,G
1677-1-1-c-2,72,G
1677-1-1-f-1,72,G
1677-1-2-c-1,72,G
1677-1-2-e-1,72,G
1677-1-4-d-1,72,G
1677-1-4-f-2,72,G
1677-1-5-c-2,72,G
1677-1-5-f-1,72,G
1677-2-1-c-1,72,G
1677-2-1-e-1,72,G
1677-2-2-b-2,72,G
1675-1-4-17-4,72,G
1675-1-4-19-4,72,G
1676-1-5-15-4,72,G
1676-1-5-18-3,72,G
1676-2-1-15-3,72,G
1676-2-1-17-3,72,G
1676-2-1-19-4,72,G
1676-2-2-16-4,72,G
1676-2-2-19-3,72,G
1676-2-3-16-3,72,G
1676-2-3-18-4,72,G
1676-2-4-15-4,72,G
1676-2-4-17-4,72,G
1676-2-5-15-3,72,G
1676-2-5-17-3,72,G
1676-2-5-19-4,72,G
1677-1-1-16-4,72,G
1677-1-1-19-3,72,G
1677-2-1-16-3,72,G
1677-2-1-18-3,72,G
1677-2-2-15-4,72,G
1675-1-9-8-4,72,G
1675-1-9-a-4,72,G
1676-1-9-7-3,72,G
1676-1-9-9-4,72,G
1676-1-a-6-4,72,G
1676-1-a-9-3,72,G
1676-2-6-6-3,72,G
1676-2-6-8-3,72,G
1676-2-6-a-4,72,G
1676-2-7-7-4,72,G
1676-2-7-a-3,72,G
1676-2-8-7-3,72,G
1676-2-8-9-4,72,G
1676-2-9-6-4,72,G
1676-2-9-8-4,72,G
1676-2-a-6-3,72,G
1676-2-a-8-3,72,G
1676-2-a-a-4,72,G
1677-1-6-7-4,72,G
1677-2-6-9-3,72,G
1677-2-7-6-4,72,G
1675-1-9-17-2,72,G
1675-1-9-19-2,72,G
1676-1-8-19-1,72,G
1676-1-9-16-1,72,G
1676-1-9-18-2,72,G
1676-1-a-15-2,72,G
1676-1-a-18-1,72,G
1676-2-6-15-1,72,G
1676-2-6-17-1,72,G
1676-2-6-19-2,72,G
1676-2-7-16-2,72,G
1676-2-7-19-1,72,G
1676-2-8-16-1,72,G
1676-2-8-18-2,72,G
1676-2-9-15-2,72,G
1676-2-9-17-2,72,G
1676-2-a-15-1,72,G
1676-2-a-17-1,72,G
1676-2-a-19-2,72,G
1677-1-6-16-2,72,G
1675-1-e-8-2,72,G
1675-1-e-a-2,72,G
1676-1-d-7-2,72,G
1676-1-d-a-1,72,G
1676-1-e-7-1,72,G
1676-1-e-9-2,72,G
1676-1-f-6-2,72,G
1676-1-f-9-1,72,G
1676-2-b-6-1,72,G
1676-2-b-8-1,72,G
1676-2-b-a-2,72,G
1676-2-c-7-2,72,G
1676-2-c-a-1,72,G
1676-2-d-7-1,72,G
1676-2-d-9-2,72,G
1676-2-e-6-2,72,G
1676-2-e-8-2,72,G
1676-2-f-6-1,72,G
1676-2-f-8-1,72,G
1676-2-f-a-2,72,G
1675-1-e-12-4,72,G
1675-1-e-14-4,72,G
1676-1-c-14-4,72,G
1676-1-d-11-4,72,G
1676-1-d-14-3,72,G
1676-1-e-11-3,72,G
1676-1-e-13-4,72,G
1676-1-f-10-4,72,G
1676-1-f-13-3,72,G
1676-2-b-10-3,72,G
1676-2-b-12-3,72,G
1676-2-b-14-4,72,G
1676-2-c-11-4,72,G
1676-2-c-14-3,72,G
1676-2-d-11-3,72,G
1676-2-d-13-4,72,G
1676-2-e-10-4,72,G
1676-2-e-12-4,72,G
1676-2-f-10-3,72,G
1676-2-f-12-3,72,G
1676-2-f-14-4,72,G
1675-1-13-3-4,72,G
1675-1-13-5-4,72,G
1676-1-10-4-3,72,G
1676-1-11-1-3,72,G
1676-1-11-3-4,72,G
1676-1-11-5-4,72,G
1676-1-12-2-4,72,G
1676-1-12-5-3,72,G
1676-1-13-2-3,72,G
1676-1-13-4-4,72,G
1676-1-14-1-4,72,G
1676-1-14-4-3,72,G
1676-2-10-1-3,72,G
1676-2-10-3-3,72,G
1676-2-10-5-4,72,G
1676-2-11-2-4,72,G
1676-2-11-5-3,72,G
1676-2-12-2-3,72,G
1676-2-12-4-4,72,G
1676-2-13-1-4,72,G
1676-2-13-3-4,72,G
1676-2-14-1-3,72,G
1676-2-14-3-3,72,G
1675-1-13-d-4,72,G
1675-1-13-f-4,72,G
1675-2-14-e-4,72,G
1676-1-10-b-4,72,G
1676-1-10-e-3,72,G
1676-1-11-b-3,72,G
1676-1-11-d-4,72,G
1676-1-11-f-4,72,G
1676-1-12-c-4,72,G
1676-1-12-f-3,72,G
1676-1-13-c-3,72,G
1676-1-13-e-4,72,G
1676-1-14-b-4,72,G
1676-1-14-e-3,72,G
1676-2-10-b-3,72,G
1676-2-10-d-3,72,G
1676-2-10-f-4,72,G
1676-2-11-c-4,72,G
1676-2-11-f-3,72,G
1676-2-12-c-3,72,G
1676-2-12-e-4,72,G
1676-2-13-b-4,72,G
1676-2-13-d-4,72,G
1676-2-14-b-3,72,G
1676-2-14-d-3,72,G
1675-1-18-3-2,72,G
1675-1-18-5-2,72,G
1675-1-19-3-1,72,G
1675-2-19-4-2,72,G
1676-1-15-1-2,72,G
1676-1-15-4-1,72,G
1676-1-16-1-1,72,G
1676-1-16-3-2,72,G
1676-1-16-5-2,72,G
1676-1-17-2-2,72,G
1676-1-17-5-1,72,G
1676-1-18-2-1,72,G
1676-1-18-4-2,72,G
1676-1-19-1-2,72,G
1676-1-19-4-1,72,G
1676-2-15-1-1,72,G
1676-2-15-3-1,72,G
1676-2-15-5-2,72,G
1676-2-16-2-2,72,G
1676-2-16-5-1,72,G
1676-2-17-2-1,72,G
1676-2-17-4-2,72,G
1676-2-18-1-2,72,G
1676-2-18-3-2,72,G
1676-2-19-1-1,72,G
1676-2-19-3-1,72,G
1675-1-18-d-2,72,G
1675-1-18-f-2,72,G
1675-1-19-d-1,72,G
1675-1-19-f-1,72,G
1675-2-19-c-1,72,G
1675-2-19-e-2,72,G
1676-1-15-b-2,72,G
1676-1-15-e-1,72,G
1676-1-16-b-1,72,G
1676-1-16-d-2,72,G
1676-1-16-f-2,72,G
1676-1-17-c-2,72,G
1676-1-17-f-1,72,G
1676-1-18-c-1,72,G
1676-1-18-e-2,72,G
1676-1-19-b-2,72,G
1676-1-19-e-1,72,G
1676-2-15-b-1,72,G
1676-2-15-d-1,72,G
1676-2-15-f-2,72,G
1676-2-16-c-2,72,G
1676-2-16-f-1,72,G
1676-2-17-c-1,72,G
1676-2-17-e-2,72,G
1676-2-18-b-2,72,G
1676-2-18-d-2,72,G
1676-2-19-b-1,72,G
1675-1-18-17-4,72,G
1675-1-18-19-4,72,G
1675-1-19-17-3,72,G
1675-1-19-19-3,72,G
1675-2-18-19-3,72,G
1675-2-19-16-3,72,G
1675-2-19-18-4,72,G
1676-1-15-15-4,72,G
1676-1-15-18-3,72,G
1676-1-16-15-3,72,G
1676-1-16-17-4,72,G
1676-1-16-19-4,72,G
1676-1-17-16-4,72,G
1676-1-17-19-3,72,G
1676-1-18-16-3,72,G
1676-1-18-18-4,72,G
1676-1-19-15-4,72,G
1676-1-19-18-3,72,G
1676-2-15-15-3,72,G
1676-2-15-17-3,72,G
1676-2-15-19-4,72,G
1676-2-16-16-4,72,G
1676-2-16-19-3,72,G
1676-2-17-16-3,72,G
1676-2-17-18-4,72,G
1676-2-18-15-4,72,G
1676-2-18-17-4,72,G
1676-2-19-15-3,72,G
1675-3-4-a-4,72,G
1675-3-5-8-3,72,G
1675-3-5-a-3,72,G
1675-4-1-7-4,72,G
1675-4-4-8-3,72,G
1675-4-4-a-3,72,G
1675-4-5-7-3,72,G
1675-4-5-9-4,72,G
1676-3-1-6-4,72,G
1676-3-1-9-3,72,G
1676-3-2-6-3,72,G
1676-3-2-8-4,72,G
1676-3-2-a-4,72,G
1676-3-3-7-4,72,G
1676-3-3-a-3,72,G
1676-3-4-7-3,72,G
1676-3-4-9-4,72,G
1676-3-5-6-4,72,G
1676-3-5-9-3,72,G
1676-4-1-6-3,72,G
1676-4-1-8-3,72,G
1676-4-1-a-4,72,G
1676-4-2-7-4,72,G
1676-4-2-a-3,72,G
1676-4-3-7-3,72,G
1676-4-3-9-4,72,G
1676-4-4-6-4,72,G
1676-4-4-8-4,72,G
1675-3-4-19-2,72,G
1675-3-5-17-1,72,G
1675-3-5-19-1,72,G
1675-4-1-16-2,72,G
1675-4-1-18-2,72,G
1675-4-2-15-2,72,G
1675-4-3-19-2,72,G
1675-4-4-17-1,72,G
1675-4-4-19-1,72,G
1675-4-5-16-1,72,G
1675-4-5-18-2,72,G
1676-3-1-15-2,72,G
1676-3-1-18-1,72,G
1676-3-2-15-1,72,G
1676-3-2-17-2,72,G
1676-3-2-19-2,72,G
1676-3-3-16-2,72,G
1676-3-3-19-1,72,G
1676-3-4-16-1,72,G
1676-3-4-18-2,72,G
1676-3-5-15-2,72,G
1676-3-5-18-1,72,G
1676-4-1-15-1,72,G
1676-4-1-17-1,72,G
1676-4-1-19-2,72,G
1676-4-2-16-2,72,G
1676-4-2-19-1,72,G
1676-4-3-16-1,72,G
1676-4-3-18-2,72,G
1676-4-4-15-2,72,G
1675-3-a-8-1,72,G
1675-3-a-a-1,72,G
1675-4-6-7-2,72,G
1675-4-6-9-2,72,G
1675-4-7-6-2,72,G
1675-4-7-9-1,72,G
1675-4-8-6-1,72,G
1675-4-8-8-2,72,G
1675-4-8-a-2,72,G
1675-4-9-8-1,72,G
1675-4-9-a-1,72,G
1675-4-a-7-1,72,G
1675-4-a-9-2,72,G
1676-3-6-6-2,72,G
1676-3-6-9-1,72,G
1676-3-7-6-1,72,G
1676-3-7-8-2,72,G
1676-3-7-a-2,72,G
1676-3-8-7-2,72,G
1676-3-8-a-1,72,G
1676-3-9-7-1,72,G
1676-3-9-9-2,72,G
1676-3-a-6-2,72,G
1676-3-a-9-1,72,G
1676-4-6-6-1,72,G
1676-4-6-8-1,72,G
1676-4-6-a-2,72,G
1676-4-7-7-2,72,G
1676-4-7-a-1,72,G
1676-4-8-7-1,72,G
1675-3-a-14-1,72,G
1675-4-6-11-2,72,G
1675-4-6-13-2,72,G
1675-4-7-10-2,72,G
1675-4-7-13-1,72,G
1675-4-8-10-1,72,G
1675-4-8-12-2,72,G
1675-4-8-14-2,72,G
1675-4-9-12-1,72,G
1675-4-9-14-1,72,G
1675-4-a-11-1,72,G
1675-4-a-13-2,72,G
1676-3-6-10-2,72,G
1676-3-6-13-1,72,G
1676-3-7-10-1,72,G
1676-3-7-12-2,72,G
1676-3-7-14-2,72,G
1676-3-8-11-2,72,G
1676-3-8-14-1,72,G
1676-3-9-11-1,72,G
1676-3-9-13-2,72,G
1676-3-a-10-2,72,G
1676-3-a-13-1,72,G
1676-4-6-10-1,72,G
1676-4-6-12-1,72,G
1676-4-6-14-2,72,G
1676-4-7-11-2,72,G
1676-4-7-14-1,72,G
1676-4-8-11-1,72,G
1675-4-c-1-4,72,G
1675-4-c-4-3,72,G
1675-4-d-1-3,72,G
1675-4-d-3-4,72,G
1675-4-d-5-4,72,G
1675-4-e-3-3,72,G
1675-4-e-5-3,72,G
1675-4-f-2-3,72,G
1675-4-f-4-4,72,G
1676-3-b-1-4,72,G
1676-3-b-4-3,72,G
1676-3-c-1-3,72,G
1676-3-c-3-4,72,G
1676-3-c-5-4,72,G
1676-3-d-2-4,72,G
1676-3-d-5-3,72,G
1676-3-e-2-3,72,G
1676-3-e-4-4,72,G
1676-3-f-1-4,72,G
1676-3-f-4-3,72,G
1676-4-b-1-3,72,G
1676-4-b-3-3,72,G
1676-4-b-5-4,72,G
1676-4-c-2-4,72,G
1676-4-c-5-3,72,G
1676-4-d-2-3,72,G
1675-4-e-f-3,72,G
1675-4-f-c-3,72,G
1675-4-f-e-4,72,G
1676-3-b-b-4,72,G
1676-3-b-e-3,72,G
1676-3-c-b-3,72,G
1676-3-c-d-4,72,G
1676-3-c-f-4,72,G
1676-3-d-c-4,72,G
1676-3-d-f-3,72,G
1676-3-e-c-3,72,G
1676-3-e-e-4,72,G
1676-3-f-b-4,72,G
1676-3-f-e-3,72,G
1676-4-b-b-3,72,G
1676-4-b-d-3,72,G
1676-4-b-f-4,72,G
1676-4-c-c-4,72,G
1676-4-c-f-3,72,G
1676-4-d-c-3,72,G
1675-4-14-2-1,72,G
1675-4-14-4-2,72,G
1676-3-10-1-2,72,G
1676-3-10-4-1,72,G
1676-3-11-1-1,72,G
1676-3-11-3-2,72,G
1676-3-11-5-2,72,G
1676-3-12-2-2,72,G
1676-3-12-5-1,72,G
1676-3-13-2-1,72,G
1676-3-13-4-2,72,G
1676-3-14-1-2,72,G
1676-3-14-4-1,72,G
1676-4-10-1-1,72,G
1676-4-10-3-1,72,G
1676-4-10-5-2,72,G
1676-4-11-2-2,72,G
1675-4-14-c-1,72,G
1675-4-14-e-2,72,G
1676-3-10-b-2,72,G
1676-3-10-e-1,72,G
1676-3-11-b-1,72,G
1676-3-11-d-2,72,G
1676-3-11-f-2,72,G
1676-3-12-c-2,72,G
1676-3-12-f-1,72,G
1676-3-13-c-1,72,G
1676-3-13-e-2,72,G
1676-3-14-b-2,72,G
1676-3-14-e-1,72,G
1676-4-10-b-1,72,G
1676-4-10-d-1,72,G
1675-4-14-18-4,72,G
1676-3-10-15-4,72,G
1676-3-10-18-3,72,G
1676-3-11-15-3,72,G
1676-3-11-17-4,72,G
1676-3-11-19-4,72,G
1676-3-12-16-4,72,G
1676-3-12-19-3,72,G
1676-3-13-16-3,72,G
1676-3-13-18-4,72,G
1676-3-14-15-4,72,G
1676-3-14-18-3,72,G
1675-4-19-9-4,72,G
1676-3-15-6-4,72,G
1676-3-15-9-3,72,G
1676-3-16-6-3,72,G
1676-3-16-8-4,72,G
1676-3-16-a-4,72,G
1676-3-17-7-4,72,G
1676-3-17-a-3,72,G
1676-3-18-7-3,72,G
1676-3-18-9-4,72,G
1676-3-19-6-4,72,G
1676-3-15-10-4,72,G
1676-3-15-13-3,72,G
1676-3-16-10-3,72,G
1676-3-16-12-4,72,G
1676-3-16-14-4,72,G
1676-3-17-11-4,72,G
1676-3-17-14-3,72,G
1676-3-18-11-3,72,G
1742-1-1-9-1,72,G
1742-1-2-6-1,72,G
1742-1-3-7-2,72,G
1742-1-2-10-1,72,G
1675-3-3-a-2,73,G
1675-3-4-7-1,73,G
1675-3-4-8-2,73,G
1675-3-3-e-2,73,G
1675-3-3-f-2,73,G
1675-3-4-c-1,73,G
1675-3-4-d-2,73,G
1675-3-4-e-2,73,G
1675-3-3-12-3,73,G
1675-3-3-13-4,73,G
1675-3-3-14-4,73,G
1675-3-4-11-3,73,G
1675-3-4-12-4,73,G
1675-3-4-13-4,73,G
1675-3-8-1-2,73,G
1675-3-8-3-1,73,G
1675-3-8-4-2,73,G
1675-3-8-5-2,73,G
1675-3-9-2-1,73,G
1675-3-9-3-2,73,G
1675-3-9-4-2,73,G
1675-3-a-1-1,73,G
1675-3-7-a-2,73,G
1675-3-8-6-2,73,G
1675-3-8-8-1,73,G
1675-3-8-9-2,73,G
1675-3-8-a-2,73,G
1675-3-9-7-1,73,G
1675-3-9-8-2,73,G
1675-3-9-9-2,73,G
1675-3-a-6-1,73,G
1675-3-a-7-1,73,G
1675-3-7-f-4,73,G
1675-3-8-b-4,73,G
1675-3-8-d-3,73,G
1675-3-8-e-4,73,G
1675-3-8-f-4,73,G
1675-3-9-c-3,73,G
1675-3-9-d-4,73,G
1675-3-9-e-4,73,G
1675-3-a-b-3,73,G
1675-3-a-c-3,73,G
1675-3-a-d-4,73,G
1675-3-a-f-3,73,G
1675-3-7-18-1,73,G
1675-3-7-19-2,73,G
1675-3-8-18-2,73,G
1675-3-8-19-2,73,G
1675-3-9-16-1,73,G
1675-3-9-17-2,73,G
1675-3-9-18-2,73,G
1675-3-a-15-1,73,G
1675-3-a-16-1,73,G
1675-3-a-17-2,73,G
1675-3-a-19-1,73,G
1675-4-6-15-1,73,G
1675-4-6-16-2,73,G
1675-3-d-5-2,73,G
1675-3-e-2-1,73,G
1675-3-e-3-2,73,G
1675-3-e-4-2,73,G
1675-3-f-1-1,73,G
1675-3-f-2-1,73,G
1675-3-f-3-2,73,G
1675-3-f-5-1,73,G
1675-4-b-1-1,73,G
1675-4-b-2-2,73,G
1675-4-b-4-1,73,G
1675-4-b-5-1,73,G
1675-3-e-7-3,73,G
1675-3-e-8-4,73,G
1675-3-e-9-4,73,G
1675-3-f-6-3,73,G
1675-3-f-7-3,73,G
1675-3-f-8-4,73,G
1675-3-f-a-3,73,G
1675-4-b-6-3,73,G
1675-4-b-7-4,73,G
1675-4-b-9-3,73,G
1675-4-b-a-3,73,G
1675-4-c-6-4,73,G
1675-4-c-7-4,73,G
1675-4-c-9-3,73,G
1675-4-d-6-4,73,G
1675-4-d-8-3,73,G
1675-4-d-9-4,73,G
1675-4-d-a-4,73,G
1675-4-e-7-3,73,G
1675-4-e-8-3,73,G
1675-4-e-9-4,73,G
1675-3-e-c-3,73,G
1675-3-e-d-4,73,G
1675-3-e-e-4,73,G
1675-3-f-b-3,73,G
1675-3-f-c-3,73,G
1675-3-f-d-4,73,G
1675-3-f-f-3,73,G
1675-4-b-b-3,73,G
1675-4-b-c-4,73,G
1675-4-b-e-3,73,G
1675-4-b-f-3,73,G
1675-4-c-b-4,73,G
1675-4-c-c-4,73,G
1675-4-c-e-3,73,G
1675-4-c-f-4,73,G
1675-4-d-b-4,73,G
1675-4-d-d-3,73,G
1675-4-d-e-4,73,G
1675-4-d-f-4,73,G
1675-4-e-c-3,73,G
1675-4-e-d-3,73,G
1675-4-e-e-4,73,G
1675-3-e-17-2,73,G
1675-3-e-18-2,73,G
1675-3-f-15-1,73,G
1675-3-f-16-1,73,G
1675-3-f-17-2,73,G
1675-3-f-19-1,73,G
1675-4-b-15-1,73,G
1675-4-b-16-2,73,G
1675-4-b-18-1,73,G
1675-4-b-19-1,73,G
1675-4-c-15-2,73,G
1675-4-c-16-2,73,G
1675-4-c-18-1,73,G
1675-4-c-19-2,73,G
1675-4-d-15-2,73,G
1675-4-d-17-1,73,G
1675-4-d-18-2,73,G
1675-4-d-19-2,73,G
1675-4-e-16-1,73,G
1675-4-e-17-1,73,G
1675-4-e-18-2,73,G
1675-4-f-15-1,73,G
1675-3-13-3-4,73,G
1675-3-13-4-4,73,G
1675-3-14-1-3,73,G
1675-3-14-2-3,73,G
1675-3-14-3-4,73,G
1675-3-14-5-3,73,G
1675-4-10-1-3,73,G
1675-4-10-2-4,73,G
1675-4-10-4-3,73,G
1675-4-10-5-3,73,G
1675-4-11-1-4,73,G
1675-4-11-2-4,73,G
1675-4-11-4-3,73,G
1675-4-11-5-4,73,G
1675-4-12-1-4,73,G
1675-4-12-3-3,73,G
1675-4-12-4-4,73,G
1675-4-12-5-4,73,G
1675-4-13-2-3,73,G
1675-4-13-3-3,73,G
1675-4-13-4-4,73,G
1675-4-14-1-3,73,G
1675-3-13-9-4,73,G
1675-3-14-6-3,73,G
1675-3-14-7-3,73,G
1675-3-14-8-4,73,G
1675-3-14-a-3,73,G
1675-4-10-6-3,73,G
1675-4-10-7-4,73,G
1675-4-10-9-3,73,G
1675-4-10-a-3,73,G
1675-4-11-6-4,73,G
1675-4-11-7-4,73,G
1675-4-11-9-3,73,G
1675-4-11-a-4,73,G
1675-4-12-6-4,73,G
1675-4-12-8-3,73,G
1675-4-12-9-4,73,G
1675-4-12-a-4,73,G
1675-4-13-7-3,73,G
1675-4-13-8-3,73,G
1675-4-13-9-4,73,G
1675-4-14-6-3,73,G
1675-3-14-10-1,73,G
1675-3-14-11-1,73,G
1675-3-14-12-2,73,G
1675-3-14-14-1,73,G
1675-4-10-10-1,73,G
1675-4-10-11-2,73,G
1675-4-10-13-1,73,G
1675-4-10-14-1,73,G
1675-4-11-10-2,73,G
1675-4-11-11-2,73,G
1675-4-11-13-1,73,G
1675-4-11-14-2,73,G
1675-4-12-10-2,73,G
1675-4-12-12-1,73,G
1675-4-12-13-2,73,G
1675-4-12-14-2,73,G
1675-4-13-11-1,73,G
1675-4-13-12-1,73,G
1675-4-13-13-2,73,G
1675-4-14-10-1,73,G
1675-4-14-11-1,73,G
1675-3-14-15-3,73,G
1675-3-14-16-3,73,G
1675-3-14-17-4,73,G
1675-3-14-19-3,73,G
1675-4-10-15-3,73,G
1675-4-10-16-4,73,G
1675-4-10-18-3,73,G
1675-4-10-19-3,73,G
1675-4-11-15-4,73,G
1675-4-11-16-4,73,G
1675-4-11-18-3,73,G
1675-4-11-19-4,73,G
1675-4-12-15-4,73,G
1675-4-12-17-3,73,G
1675-4-12-18-4,73,G
1675-4-12-19-4,73,G
1675-4-13-16-3,73,G
1675-4-13-17-3,73,G
1675-4-13-18-4,73,G
1675-4-14-15-3,73,G
1675-4-14-16-3,73,G
1675-3-19-1-3,73,G
1675-3-19-2-3,73,G
1675-3-19-3-4,73,G
1675-3-19-5-3,73,G
1675-4-15-1-3,73,G
1675-4-15-2-4,73,G
1675-4-15-4-3,73,G
1675-4-15-5-3,73,G
1675-4-16-1-4,73,G
1675-4-16-2-4,73,G
1675-4-16-4-3,73,G
1675-4-16-5-4,73,G
1675-4-17-1-4,73,G
1675-4-17-3-3,73,G
1675-4-17-4-4,73,G
1675-4-17-5-4,73,G
1675-4-18-2-3,73,G
1675-4-18-3-3,73,G
1675-4-18-4-4,73,G
1675-4-19-1-3,73,G
1675-4-19-2-3,73,G
1675-3-19-b-1,73,G
1675-3-19-c-1,73,G
1675-3-19-d-2,73,G
1675-3-19-f-1,73,G
1675-4-15-b-1,73,G
1675-4-15-c-2,73,G
1675-4-15-e-1,73,G
1675-4-15-f-1,73,G
1675-4-16-b-2,73,G
1675-4-16-c-2,73,G
1675-4-16-e-1,73,G
1675-4-16-f-2,73,G
1675-4-17-b-2,73,G
1675-4-17-d-1,73,G
1675-4-17-e-2,73,G
1675-4-17-f-2,73,G
1675-4-18-c-1,73,G
1675-4-18-d-1,73,G
1675-4-18-e-2,73,G
1675-4-19-b-1,73,G
1675-4-19-c-1,73,G
1675-4-19-d-2,73,G
1675-3-19-11-1,73,G
1675-3-19-12-2,73,G
1675-3-19-14-1,73,G
1675-4-15-10-1,73,G
1675-4-15-11-2,73,G
1675-4-15-13-1,73,G
1675-4-15-14-1,73,G
1675-4-16-10-2,73,G
1675-4-16-11-2,73,G
1675-4-16-13-1,73,G
1675-4-16-14-2,73,G
1675-4-17-10-2,73,G
1675-4-17-12-1,73,G
1675-4-17-13-2,73,G
1675-4-17-14-2,73,G
1675-4-18-11-1,73,G
1675-4-18-12-1,73,G
1675-4-18-13-2,73,G
1675-4-19-10-1,73,G
1675-4-19-11-1,73,G
1675-4-19-12-2,73,G
1675-4-19-14-1,73,G
1675-3-19-16-3,73,G
1675-3-19-17-4,73,G
1675-3-19-19-3,73,G
1675-4-15-15-3,73,G
1675-4-15-16-4,73,G
1675-4-15-18-3,73,G
1675-4-15-19-3,73,G
1675-4-16-15-4,73,G
1675-4-16-16-4,73,G
1675-4-16-18-3,73,G
1675-4-16-19-4,73,G
1675-4-17-15-4,73,G
1675-4-17-17-3,73,G
1675-4-17-18-4,73,G
1675-4-17-19-4,73,G
1675-4-18-16-3,73,G
1675-4-18-17-3,73,G
1675-4-18-18-4,73,G
1675-4-19-15-3,73,G
1675-4-19-16-3,73,G
1675-4-19-17-4,73,G
1675-4-19-19-3,73,G
1676-3-15-15-3,73,G
1741-1-5-8-2,73,G
1741-1-5-a-1,73,G
1741-2-1-6-1,73,G
1741-2-1-7-2,73,G
1741-2-1-9-1,73,G
1741-2-1-a-1,73,G
1741-2-2-6-2,73,G
1741-2-2-7-2,73,G
1741-2-2-9-1,73,G
1741-2-2-a-2,73,G
1741-2-3-6-2,73,G
1741-2-3-8-1,73,G
1741-2-3-9-2,73,G
1741-2-3-a-2,73,G
1741-2-4-7-1,73,G
1741-2-4-8-1,73,G
1741-2-4-9-2,73,G
1741-2-5-6-1,73,G
1741-2-5-7-1,73,G
1741-2-5-8-2,73,G
1741-2-5-a-1,73,G
1742-1-1-6-1,73,G
1742-1-1-7-2,73,G
1741-1-5-d-2,73,G
1741-1-5-f-1,73,G
1741-2-1-b-1,73,G
1741-2-1-c-2,73,G
1741-2-1-e-1,73,G
1741-2-1-f-1,73,G
1741-2-2-b-2,73,G
1741-2-2-c-2,73,G
1741-2-2-e-1,73,G
1741-2-2-f-2,73,G
1741-2-3-b-2,73,G
1741-2-3-d-1,73,G
1741-2-3-e-2,73,G
1741-2-3-f-2,73,G
1741-2-4-c-1,73,G
1741-2-4-d-1,73,G
1741-2-4-e-2,73,G
1741-2-5-b-1,73,G
1741-2-5-c-1,73,G
1741-2-5-d-2,73,G
1741-2-5-f-1,73,G
1742-1-1-b-1,73,G
1742-1-1-c-2,73,G
1742-1-1-d-2,73,G
1741-1-5-12-4,73,G
1741-1-5-14-3,73,G
1741-2-1-10-3,73,G
1741-2-1-11-4,73,G
1741-2-1-13-3,73,G
1741-2-1-14-3,73,G
1741-2-2-10-4,73,G
1741-2-2-11-4,73,G
1741-2-2-13-3,73,G
1741-2-2-14-4,73,G
1741-2-3-10-4,73,G
1741-2-3-12-3,73,G
1741-2-3-13-4,73,G
1741-2-3-14-4,73,G
1741-2-4-11-3,73,G
1741-2-4-12-3,73,G
1741-2-4-13-4,73,G
1741-2-5-10-3,73,G
1741-2-5-11-3,73,G
1741-2-5-12-4,73,G
1741-2-5-14-3,73,G
1742-1-1-10-3,73,G
1742-1-1-11-4,73,G
1742-1-1-12-4,73,G
1742-1-1-14-3,73,G
1741-1-a-3-2,73,G
1741-1-a-5-1,73,G
1741-2-6-1-1,73,G
1741-2-6-2-2,73,G
1741-2-6-4-1,73,G
1741-2-6-5-1,73,G
1741-2-7-1-2,73,G
1741-2-7-2-2,73,G
1741-2-7-4-1,73,G
1741-2-7-5-2,73,G
1741-2-8-1-2,73,G
1741-2-8-3-1,73,G
1741-2-8-4-2,73,G
1741-2-8-5-2,73,G
1741-2-9-2-1,73,G
1741-2-9-3-1,73,G
1741-2-9-4-2,73,G
1741-2-a-1-1,73,G
1741-2-a-2-1,73,G
1741-2-a-3-2,73,G
1741-2-a-5-1,73,G
1742-1-6-1-1,73,G
1742-1-6-2-2,73,G
1742-1-6-3-2,73,G
1742-1-6-5-1,73,G
1741-1-a-8-2,73,G
1741-1-a-a-1,73,G
1741-2-6-6-1,73,G
1741-2-6-7-2,73,G
1741-2-6-9-1,73,G
1741-2-6-a-1,73,G
1741-2-7-6-2,73,G
1741-2-7-7-2,73,G
1741-2-7-9-1,73,G
1741-2-7-a-2,73,G
1741-2-8-6-2,73,G
1741-2-8-8-1,73,G
1741-2-8-9-2,73,G
1741-2-8-a-2,73,G
1741-2-9-7-1,73,G
1741-2-9-8-1,73,G
1741-2-9-9-2,73,G
1741-2-a-6-1,73,G
1741-2-a-7-1,73,G
1741-2-a-8-2,73,G
1741-2-a-a-1,73,G
1742-1-6-6-1,73,G
1742-1-6-7-2,73,G
1742-1-6-8-2,73,G
1742-1-6-a-1,73,G
1741-1-a-d-4,73,G
1741-1-a-f-3,73,G
1741-2-6-b-3,73,G
1741-2-6-c-4,73,G
1741-2-6-e-3,73,G
1741-2-6-f-3,73,G
1741-2-7-b-4,73,G
1741-2-7-c-4,73,G
1741-2-7-e-3,73,G
1741-2-7-f-4,73,G
1741-2-8-b-4,73,G
1741-2-8-d-3,73,G
1741-2-8-e-4,73,G
1741-2-8-f-4,73,G
1741-2-9-c-3,73,G
1741-2-9-d-3,73,G
1741-2-9-e-4,73,G
1741-2-a-b-3,73,G
1741-2-a-c-3,73,G
1741-2-a-d-4,73,G
1741-2-a-f-3,73,G
1742-1-6-b-3,73,G
1742-1-6-c-4,73,G
1742-1-6-d-4,73,G
1741-1-a-12-4,73,G
1741-1-a-14-3,73,G
1741-2-6-10-3,73,G
1741-2-6-11-4,73,G
1741-2-6-13-3,73,G
1741-2-6-14-3,73,G
1741-2-7-10-4,73,G
1741-2-7-11-4,73,G
1741-2-7-13-3,73,G
1741-2-7-14-4,73,G
1741-2-8-10-4,73,G
1741-2-8-12-3,73,G
1741-2-8-13-4,73,G
1741-2-8-14-4,73,G
1741-2-9-11-3,73,G
1741-2-9-12-3,73,G
1741-2-9-13-4,73,G
1741-2-a-10-3,73,G
1741-2-a-11-3,73,G
1741-2-a-12-4,73,G
1741-2-a-14-3,73,G
1742-1-6-10-3,73,G
1741-1-f-3-2,73,G
1741-1-f-5-1,73,G
1741-2-b-1-1,73,G
1741-2-b-2-2,73,G
1741-2-b-4-1,73,G
1741-2-b-5-1,73,G
1741-2-c-1-2,73,G
1741-2-c-2-2,73,G
1741-2-c-4-1,73,G
1741-2-c-5-2,73,G
1741-2-d-1-2,73,G
1741-2-d-3-1,73,G
1741-2-d-4-2,73,G
1741-2-d-5-2,73,G
1741-2-e-2-1,73,G
1741-2-e-3-1,73,G
1741-2-e-4-2,73,G
1741-2-f-1-1,73,G
1741-2-f-2-1,73,G
1741-2-f-3-2,73,G
1741-1-f-8-4,73,G
1741-1-f-a-3,73,G
1741-2-b-6-3,73,G
1741-2-b-7-4,73,G
1741-2-b-9-3,73,G
1741-2-b-a-3,73,G
1741-2-c-6-4,73,G
1741-2-c-7-4,73,G
1741-2-c-9-3,73,G
1741-2-c-a-4,73,G
1741-2-d-6-4,73,G
1741-2-d-8-3,73,G
1741-2-d-9-4,73,G
1741-2-d-a-4,73,G
1741-2-e-7-3,73,G
1741-2-e-8-3,73,G
1741-2-e-9-4,73,G
1741-2-f-6-3,73,G
1741-2-f-7-3,73,G
1741-1-f-d-4,73,G
1741-1-f-f-3,73,G
1741-2-b-b-3,73,G
1741-2-b-c-4,73,G
1741-2-b-e-3,73,G
1741-2-b-f-3,73,G
1741-2-c-b-4,73,G
1741-2-c-c-4,73,G
1741-2-c-e-3,73,G
1741-2-c-f-4,73,G
1741-2-d-b-4,73,G
1741-2-d-d-3,73,G
1741-2-d-e-4,73,G
1741-2-d-f-4,73,G
1741-2-e-c-3,73,G
1741-2-e-d-3,73,G
1741-2-e-e-4,73,G
1741-2-f-b-3,73,G
1741-1-f-17-2,73,G
1741-1-f-19-1,73,G
1741-2-b-15-1,73,G
1741-2-b-16-2,73,G
1741-2-b-18-1,73,G
1741-2-b-19-1,73,G
1741-2-c-15-2,73,G
1741-2-c-16-2,73,G
1741-2-c-18-1,73,G
1741-2-c-19-2,73,G
1741-2-d-15-2,73,G
1741-2-d-17-1,73,G
1741-2-d-18-2,73,G
1741-2-d-19-2,73,G
1741-2-e-16-1,73,G
1741-2-e-17-1,73,G
1741-2-e-18-2,73,G
1741-2-f-15-1,73,G
1741-1-14-3-4,73,G
1741-1-14-5-3,73,G
1741-2-10-1-3,73,G
1741-2-10-2-4,73,G
1741-2-10-4-3,73,G
1741-2-10-5-3,73,G
1741-2-11-1-4,73,G
1741-2-11-2-4,73,G
1741-2-11-4-3,73,G
1741-2-11-5-4,73,G
1741-2-12-1-4,73,G
1741-2-12-3-3,73,G
1741-2-12-4-4,73,G
1741-2-12-5-4,73,G
1741-2-13-2-3,73,G
1741-2-13-3-3,73,G
1741-2-13-4-4,73,G
1741-2-14-1-3,73,G
1741-2-14-2-3,73,G
1741-1-14-8-4,73,G
1741-1-14-a-3,73,G
1741-2-10-6-3,73,G
1741-2-10-7-4,73,G
1741-2-10-9-3,73,G
1741-2-10-a-3,73,G
1741-2-11-6-4,73,G
1741-2-11-7-4,73,G
1741-2-11-9-3,73,G
1741-2-11-a-4,73,G
1741-2-12-6-4,73,G
1741-2-12-8-3,73,G
1741-2-12-9-4,73,G
1741-2-12-a-4,73,G
1741-2-13-7-3,73,G
1741-2-13-8-3,73,G
1741-2-13-9-4,73,G
1741-2-14-6-3,73,G
1741-2-14-7-3,73,G
1741-1-14-12-2,73,G
1741-1-14-14-1,73,G
1741-2-10-10-1,73,G
1741-2-10-11-2,73,G
1741-2-10-13-1,73,G
1741-2-10-14-1,73,G
1741-2-11-10-2,73,G
1741-2-11-11-2,73,G
1741-2-11-13-1,73,G
1741-2-11-14-2,73,G
1741-2-12-10-2,73,G
1741-2-12-12-1,73,G
1741-2-12-13-2,73,G
1741-2-12-14-2,73,G
1741-2-13-11-1,73,G
1741-2-13-12-1,73,G
1741-2-13-13-2,73,G
1741-2-14-10-1,73,G
1741-2-14-11-1,73,G
1741-1-14-17-2,73,G
1741-1-14-19-1,73,G
1741-2-10-15-1,73,G
1741-2-10-16-2,73,G
1741-2-10-18-1,73,G
1741-2-10-19-1,73,G
1741-2-11-15-2,73,G
1741-2-11-16-2,73,G
1741-2-11-18-1,73,G
1741-2-11-19-2,73,G
1741-2-12-15-2,73,G
1741-2-12-17-1,73,G
1741-2-12-18-2,73,G
1741-2-12-19-2,73,G
1741-2-13-16-1,73,G
1741-2-13-17-1,73,G
1741-2-13-18-2,73,G
1741-2-14-15-1,73,G
1741-2-14-16-1,73,G
1741-2-14-17-2,73,G
1741-1-19-3-4,73,G
1741-1-19-5-3,73,G
1741-2-15-1-3,73,G
1741-2-15-2-4,73,G
1741-2-15-4-3,73,G
1741-2-15-5-3,73,G
1741-2-16-1-4,73,G
1741-2-16-2-4,73,G
1741-2-16-4-3,73,G
1741-2-16-5-4,73,G
1741-2-17-1-4,73,G
1741-2-17-3-3,73,G
1741-2-17-4-4,73,G
1741-2-17-5-4,73,G
1741-2-18-2-3,73,G
1741-2-18-3-3,73,G
1741-2-18-4-4,73,G
1741-2-19-1-3,73,G
1741-2-19-2-3,73,G
1741-2-19-3-4,73,G
1741-1-19-f-1,73,G
1741-2-15-c-2,73,G
1741-2-15-e-1,73,G
1741-2-15-f-1,73,G
1741-2-16-b-2,73,G
1741-2-16-c-2,73,G
1741-2-16-e-1,73,G
1741-2-16-f-2,73,G
1741-2-17-b-2,73,G
1741-2-17-d-1,73,G
1741-2-17-e-2,73,G
1741-2-17-f-2,73,G
1741-2-18-c-1,73,G
1741-2-18-d-1,73,G
1741-2-18-e-2,73,G
1741-2-19-b-1,73,G
1741-2-19-c-1,73,G
1741-2-19-d-2,73,G
1741-2-19-f-1,73,G
1741-2-16-10-2,73,G
1741-2-16-11-2,73,G
1741-2-16-13-1,73,G
1741-2-16-14-2,73,G
1741-2-17-10-2,73,G
1741-2-17-12-1,73,G
1741-2-17-13-2,73,G
1741-2-17-14-2,73,G
1741-2-18-11-1,73,G
1741-2-18-12-1,73,G
1741-2-18-13-2,73,G
1741-2-19-10-1,73,G
1741-2-19-11-1,73,G
1741-2-19-12-2,73,G
1741-2-19-14-1,73,G
1741-2-16-18-3,73,G
1741-2-16-19-4,73,G
1741-2-17-15-4,73,G
1741-2-17-17-3,73,G
1741-2-17-18-4,73,G
1741-2-17-19-4,73,G
1741-2-18-16-3,73,G
1741-2-18-17-3,73,G
1741-2-18-18-4,73,G
1741-2-19-15-3,73,G
1741-2-19-16-3,73,G
1741-2-19-17-4,73,G
1741-2-19-19-3,73,G
1741-4-3-6-2,73,G
1741-4-3-8-1,73,G
1741-4-3-9-2,73,G
1741-4-3-a-2,73,G
1741-4-4-7-1,73,G
1741-4-4-8-1,73,G
1741-4-4-9-2,73,G
1741-4-5-6-1,73,G
1741-4-5-7-1,73,G
1741-4-5-8-2,73,G
1741-4-5-a-1,73,G
1741-4-3-e-2,73,G
1741-4-3-f-2,73,G
1741-4-4-c-1,73,G
1741-4-4-d-1,73,G
1741-4-4-e-2,73,G
1741-4-5-b-1,73,G
1741-4-5-c-1,73,G
1741-4-5-d-2,73,G
1741-4-5-f-1,73,G
1741-4-5-11-3,73,G
1741-4-5-12-4,73,G
1741-4-5-17-4,73,G
1806-1-10-13-1,73,G
1806-1-10-14-2,73,G
1806-1-11-10-2,73,G
1806-1-11-12-1,73,G
1806-1-11-13-2,73,G
1806-1-11-14-2,73,G
1806-1-10-16-2,73,G
1806-1-10-18-1,73,G
1806-1-10-19-2,73,G
1806-1-11-15-2,73,G
1806-1-11-17-1,73,G
1806-1-11-18-2,73,G
1806-1-11-19-2,73,G
1806-1-12-16-1,73,G
1805-2-19-5-3,73,G
1806-1-15-1-4,73,G
1806-1-15-2-4,73,G
1806-1-15-4-3,73,G
1806-1-15-5-4,73,G
1806-1-16-1-4,73,G
1806-1-16-3-3,73,G
1806-1-16-4-4,73,G
1806-1-16-5-4,73,G
1806-1-17-2-3,73,G
1806-1-17-3-3,73,G
1805-2-19-9-3,73,G
1805-2-19-a-3,73,G
1806-1-15-6-4,73,G
1806-1-15-7-4,73,G
1806-1-15-9-3,73,G
1806-1-15-a-4,73,G
1806-1-16-6-4,73,G
1806-1-16-8-3,73,G
1806-1-16-9-4,73,G
1806-1-16-a-4,73,G
1806-1-17-7-3,73,G
1806-1-17-8-3,73,G
1805-2-19-11-2,73,G
1805-2-19-13-1,73,G
1805-2-19-14-1,73,G
1806-1-15-10-2,73,G
1806-1-15-11-2,73,G
1806-1-15-13-1,73,G
1806-1-15-14-2,73,G
1806-1-16-10-2,73,G
1806-1-16-12-1,73,G
1806-1-16-13-2,73,G
1806-1-16-14-2,73,G
1806-1-17-11-1,73,G
1806-1-17-12-1,73,G
1805-2-19-15-3,73,G
1805-2-19-16-4,73,G
1805-2-19-18-3,73,G
1805-2-19-19-3,73,G
1806-1-15-15-4,73,G
1806-1-15-16-4,73,G
1806-1-15-18-3,73,G
1806-1-15-19-4,73,G
1806-1-16-15-4,73,G
1806-1-16-17-3,73,G
1806-1-16-18-4,73,G
1806-1-16-19-4,73,G
1806-1-17-16-3,73,G
1806-1-17-17-3,73,G
1805-4-5-1-3,73,G
1805-4-5-2-4,73,G
1805-4-5-4-3,73,G
1805-4-5-5-3,73,G
1806-3-1-1-4,73,G
1806-3-1-2-4,73,G
1806-3-1-4-3,73,G
1806-3-1-5-4,73,G
1806-3-2-1-4,73,G
1806-3-2-3-3,73,G
1806-3-2-4-4,73,G
1806-3-2-5-4,73,G
1806-3-3-2-3,73,G
1806-3-3-3-3,73,G
1805-4-4-f-1,73,G
1805-4-5-b-1,73,G
1805-4-5-c-2,73,G
1805-4-5-e-1,73,G
1805-4-5-f-1,73,G
1806-3-1-b-2,73,G
1806-3-1-c-2,73,G
1806-3-1-e-1,73,G
1806-3-1-f-2,73,G
1806-3-2-b-2,73,G
1806-3-2-d-1,73,G
1806-3-2-e-2,73,G
1806-3-2-f-2,73,G
1806-3-3-c-1,73,G
1806-3-3-d-1,73,G
1805-4-4-12-4,73,G
1805-4-4-14-3,73,G
1805-4-5-10-3,73,G
1805-4-5-11-4,73,G
1805-4-5-13-3,73,G
1805-4-5-14-3,73,G
1806-3-1-10-4,73,G
1806-3-1-11-4,73,G
1806-3-1-13-3,73,G
1806-3-1-14-4,73,G
1806-3-2-10-4,73,G
1806-3-2-12-3,73,G
1806-3-2-13-4,73,G
1806-3-2-14-4,73,G
1806-3-3-11-3,73,G
1806-3-3-12-3,73,G
1805-4-2-15-4,73,G
1805-4-4-15-3,73,G
1805-4-4-16-3,73,G
1805-4-4-17-4,73,G
1805-4-4-19-3,73,G
1805-4-5-15-3,73,G
1805-4-5-16-4,73,G
1805-4-5-18-3,73,G
1805-4-5-19-3,73,G
1806-3-1-15-4,73,G
1806-3-1-16-4,73,G
1806-3-1-18-3,73,G
1806-3-1-19-4,73,G
1806-3-2-15-4,73,G
1806-3-2-17-3,73,G
1806-3-2-18-4,73,G
1806-3-2-19-4,73,G
1806-3-3-16-3,73,G
1806-3-3-17-3,73,G
1806-3-3-18-4,73,G
1805-4-6-a-2,73,G
1805-4-7-6-2,73,G
1805-4-7-8-1,73,G
1805-4-7-9-2,73,G
1805-4-7-a-2,73,G
1805-4-8-7-1,73,G
1805-4-8-8-2,73,G
1805-4-8-9-2,73,G
1805-4-9-6-1,73,G
1805-4-9-7-1,73,G
1805-4-9-8-2,73,G
1805-4-9-a-1,73,G
1805-4-a-6-1,73,G
1805-4-a-7-2,73,G
1805-4-a-9-1,73,G
1805-4-a-a-1,73,G
1806-3-6-6-2,73,G
1806-3-6-7-2,73,G
1806-3-6-9-1,73,G
1806-3-6-a-2,73,G
1806-3-7-6-2,73,G
1806-3-7-8-1,73,G
1806-3-7-9-2,73,G
1806-3-7-a-2,73,G
1806-3-8-7-1,73,G
1806-3-8-8-1,73,G
1806-3-8-9-2,73,G
1805-4-6-e-1,73,G
1805-4-6-f-2,73,G
1805-4-7-b-2,73,G
1805-4-7-d-1,73,G
1805-4-7-e-2,73,G
1805-4-7-f-2,73,G
1805-4-8-c-1,73,G
1805-4-8-d-2,73,G
1805-4-8-e-2,73,G
1805-4-9-b-1,73,G
1805-4-9-c-1,73,G
1805-4-9-d-2,73,G
1805-4-9-f-1,73,G
1805-4-a-b-1,73,G
1805-4-a-c-2,73,G
1805-4-a-e-1,73,G
1805-4-a-f-1,73,G
1806-3-6-b-2,73,G
1806-3-6-c-2,73,G
1806-3-6-e-1,73,G
1806-3-6-f-2,73,G
1806-3-7-b-2,73,G
1806-3-7-d-1,73,G
1806-3-7-e-2,73,G
1806-3-7-f-2,73,G
1806-3-8-c-1,73,G
1806-3-8-d-1,73,G
1806-3-8-e-2,73,G
1805-4-6-12-3,73,G
1805-4-6-13-3,73,G
1805-4-6-14-4,73,G
1805-4-7-10-4,73,G
1805-4-7-12-3,73,G
1805-4-7-13-4,73,G
1805-4-7-14-4,73,G
1805-4-8-11-3,73,G
1805-4-8-12-4,73,G
1805-4-8-13-4,73,G
1805-4-9-10-3,73,G
1805-4-9-11-3,73,G
1805-4-9-12-4,73,G
1805-4-9-14-3,73,G
1805-4-a-10-3,73,G
1805-4-a-11-4,73,G
1805-4-a-13-3,73,G
1805-4-a-14-3,73,G
1806-3-6-10-4,73,G
1806-3-6-11-4,73,G
1806-3-6-13-3,73,G
1806-3-6-14-4,73,G
1806-3-7-10-4,73,G
1806-3-7-12-3,73,G
1806-3-7-13-4,73,G
1806-3-7-14-4,73,G
1806-3-8-11-3,73,G
1806-3-8-12-3,73,G
1806-3-8-13-4,73,G
1805-4-b-1-2,73,G
1805-4-b-3-1,73,G
1805-4-b-4-1,73,G
1805-4-b-5-2,73,G
1805-4-c-1-2,73,G
1805-4-c-3-1,73,G
1805-4-c-4-2,73,G
1805-4-c-5-2,73,G
1805-4-d-2-1,73,G
1805-4-d-3-2,73,G
1805-4-d-4-2,73,G
1805-4-e-1-1,73,G
1805-4-e-2-1,73,G
1805-4-e-3-2,73,G
1805-4-e-5-1,73,G
1805-4-f-1-1,73,G
1805-4-f-2-2,73,G
1805-4-f-4-1,73,G
1805-4-f-5-1,73,G
1806-3-b-1-2,73,G
1806-3-b-2-2,73,G
1806-3-b-4-1,73,G
1806-3-b-5-2,73,G
1806-3-c-1-2,73,G
1806-3-c-3-1,73,G
1806-3-c-4-2,73,G
1806-3-c-5-2,73,G
1806-3-d-2-1,73,G
1806-3-d-3-1,73,G
1806-3-d-4-2,73,G
1805-4-b-6-2,73,G
1805-4-b-8-1,73,G
1805-4-b-9-1,73,G
1805-4-b-a-2,73,G
1805-4-c-6-2,73,G
1805-4-c-8-1,73,G
1805-4-c-9-2,73,G
1805-4-c-a-2,73,G
1805-4-d-7-1,73,G
1805-4-d-8-2,73,G
1805-4-d-9-2,73,G
1805-4-e-6-1,73,G
1805-4-e-7-1,73,G
1805-4-e-8-2,73,G
1805-4-e-a-1,73,G
1805-4-f-6-1,73,G
1805-4-f-7-2,73,G
1805-4-f-9-1,73,G
1805-4-f-a-1,73,G
1806-3-b-6-2,73,G
1806-3-b-7-2,73,G
1806-3-b-9-1,73,G
1806-3-b-a-2,73,G
1806-3-c-6-2,73,G
1806-3-c-8-1,73,G
1806-3-c-9-2,73,G
1806-3-c-a-2,73,G
1806-3-d-7-1,73,G
1806-3-d-8-1,73,G
1806-3-d-9-2,73,G
1805-3-f-e-3,73,G
1805-3-f-f-3,73,G
1805-4-b-b-4,73,G
1805-4-b-d-3,73,G
1805-4-b-e-3,73,G
1805-4-b-f-4,73,G
1805-4-c-b-4,73,G
1805-4-c-d-3,73,G
1805-4-c-e-4,73,G
1805-4-c-f-4,73,G
1805-4-d-c-3,73,G
1805-4-d-d-4,73,G
1805-4-d-e-4,73,G
1805-4-e-b-3,73,G
1805-4-e-c-3,73,G
1805-4-e-d-4,73,G
1805-4-e-f-3,73,G
1805-4-f-b-3,73,G
1805-4-f-c-4,73,G
1805-4-f-e-3,73,G
1805-4-f-f-3,73,G
1806-3-b-b-4,73,G
1806-3-b-c-4,73,G
1806-3-b-e-3,73,G
1806-3-b-f-4,73,G
1806-3-c-b-4,73,G
1806-3-c-d-3,73,G
1806-3-c-e-4,73,G
1806-3-c-f-4,73,G
1806-3-d-c-3,73,G
1806-3-d-d-3,73,G
1805-3-f-16-2,73,G
1805-3-f-18-1,73,G
1805-3-f-19-1,73,G
1805-4-b-15-2,73,G
1805-4-b-17-1,73,G
1805-4-b-18-1,73,G
1805-4-b-19-2,73,G
1805-4-c-15-2,73,G
1805-4-c-17-1,73,G
1805-4-c-18-2,73,G
1805-4-c-19-2,73,G
1805-4-d-16-1,73,G
1805-4-d-17-2,73,G
1805-4-d-18-2,73,G
1805-4-e-15-1,73,G
1805-4-e-16-1,73,G
1805-4-e-17-2,73,G
1805-4-e-19-1,73,G
1805-4-f-15-1,73,G
1805-4-f-16-2,73,G
1805-4-f-18-1,73,G
1805-4-f-19-1,73,G
1806-3-b-15-2,73,G
1806-3-b-16-2,73,G
1806-3-b-18-1,73,G
1806-3-b-19-2,73,G
1806-3-c-15-2,73,G
1806-3-c-17-1,73,G
1806-3-c-18-2,73,G
1806-3-c-19-2,73,G
1806-3-d-16-1,73,G
1806-3-d-17-1,73,G
1805-3-14-1-1,73,G
1805-3-14-2-2,73,G
1805-3-14-4-1,73,G
1805-3-14-5-1,73,G
1805-4-10-1-2,73,G
1805-4-10-3-1,73,G
1805-4-10-4-1,73,G
1805-4-10-5-2,73,G
1805-4-11-1-2,73,G
1805-4-11-3-1,73,G
1805-4-11-4-2,73,G
1805-4-11-5-2,73,G
1805-4-12-2-1,73,G
1805-4-12-3-2,73,G
1805-4-12-4-2,73,G
1805-4-13-1-1,73,G
1805-4-13-2-1,73,G
1805-4-13-3-2,73,G
1805-4-13-5-1,73,G
1805-4-14-1-1,73,G
1805-4-14-2-2,73,G
1805-4-14-4-1,73,G
1805-4-14-5-1,73,G
1806-3-10-1-2,73,G
1806-3-10-2-2,73,G
1806-3-10-4-1,73,G
1806-3-10-5-2,73,G
1806-3-11-1-2,73,G
1806-3-11-3-1,73,G
1806-3-11-4-2,73,G
1806-3-11-5-2,73,G
1806-3-12-2-1,73,G
1806-3-12-3-1,73,G
1805-3-13-a-3,73,G
1805-3-14-6-3,73,G
1805-3-14-7-4,73,G
1805-3-14-9-3,73,G
1805-3-14-a-3,73,G
1805-4-10-6-4,73,G
1805-4-10-8-3,73,G
1805-4-10-9-3,73,G
1805-4-10-a-4,73,G
1805-4-11-6-4,73,G
1805-4-11-8-3,73,G
1805-4-11-9-4,73,G
1805-4-11-a-4,73,G
1805-4-12-7-3,73,G
1805-4-12-8-4,73,G
1805-4-12-9-4,73,G
1805-4-13-6-3,73,G
1805-4-13-7-3,73,G
1805-4-13-8-4,73,G
1805-4-13-a-3,73,G
1805-4-14-6-3,73,G
1805-4-14-7-4,73,G
1805-4-14-9-3,73,G
1805-4-14-a-3,73,G
1806-3-10-6-4,73,G
1806-3-10-7-4,73,G
1806-3-10-9-3,73,G
1806-3-10-a-4,73,G
1806-3-11-6-4,73,G
1806-3-11-8-3,73,G
1806-3-11-9-4,73,G
1806-3-11-a-4,73,G
1806-3-12-7-3,73,G
1806-3-12-8-3,73,G
1805-3-13-f-3,73,G
1805-3-14-b-3,73,G
1805-3-14-c-4,73,G
1805-3-14-e-3,73,G
1805-3-14-f-3,73,G
1805-4-10-b-4,73,G
1805-4-10-d-3,73,G
1805-4-10-e-3,73,G
1805-4-10-f-4,73,G
1805-4-11-b-4,73,G
1805-4-11-d-3,73,G
1805-4-11-e-4,73,G
1805-4-11-f-4,73,G
1805-4-12-c-3,73,G
1805-4-12-d-4,73,G
1805-4-12-e-4,73,G
1805-4-13-b-3,73,G
1805-4-13-c-3,73,G
1805-4-13-d-4,73,G
1805-4-13-f-3,73,G
1805-4-14-b-3,73,G
1805-4-14-c-4,73,G
1805-4-14-e-3,73,G
1805-4-14-f-3,73,G
1806-3-10-b-4,73,G
1806-3-10-c-4,73,G
1806-3-10-e-3,73,G
1806-3-10-f-4,73,G
1806-3-11-b-4,73,G
1806-3-11-d-3,73,G
1806-3-11-e-4,73,G
1806-3-11-f-4,73,G
1806-3-12-c-3,73,G
1806-3-12-d-3,73,G
1805-3-13-19-1,73,G
1805-3-14-15-1,73,G
1805-3-14-16-2,73,G
1805-3-14-18-1,73,G
1805-3-14-19-1,73,G
1805-4-10-15-2,73,G
1805-4-10-17-1,73,G
1805-4-10-18-1,73,G
1805-4-10-19-2,73,G
1805-4-11-15-2,73,G
1805-4-11-17-1,73,G
1805-4-11-18-2,73,G
1805-4-11-19-2,73,G
1805-4-12-16-1,73,G
1805-4-12-17-2,73,G
1805-4-12-18-2,73,G
1805-4-13-15-1,73,G
1805-4-13-16-1,73,G
1805-4-13-17-2,73,G
1805-4-13-19-1,73,G
1805-4-14-15-1,73,G
1805-4-14-16-2,73,G
1805-4-14-18-1,73,G
1805-4-14-19-1,73,G
1806-3-10-15-2,73,G
1806-3-10-16-2,73,G
1806-3-10-18-1,73,G
1806-3-10-19-2,73,G
1806-3-11-15-2,73,G
1806-3-11-17-1,73,G
1806-3-11-18-2,73,G
1806-3-11-19-2,73,G
1806-3-12-16-1,73,G
1805-3-18-5-3,73,G
1805-3-19-1-3,73,G
1805-3-19-2-4,73,G
1805-3-19-4-3,73,G
1805-3-19-5-3,73,G
1805-4-15-1-4,73,G
1805-4-15-3-3,73,G
1805-4-15-4-3,73,G
1805-4-15-5-4,73,G
1805-4-16-1-4,73,G
1805-4-16-3-3,73,G
1805-4-16-4-4,73,G
1805-4-16-5-4,73,G
1805-4-17-2-3,73,G
1805-4-17-3-4,73,G
1805-4-17-4-4,73,G
1805-4-18-1-3,73,G
1805-4-18-2-3,73,G
1805-4-18-3-4,73,G
1805-4-18-5-3,73,G
1805-4-19-1-3,73,G
1805-4-19-2-4,73,G
1805-4-19-4-3,73,G
1805-4-19-5-3,73,G
1806-3-15-1-4,73,G
1806-3-15-2-4,73,G
1806-3-15-4-3,73,G
1806-3-15-5-4,73,G
1806-3-16-1-4,73,G
1806-3-16-3-3,73,G
1806-3-16-4-4,73,G
1806-3-16-5-4,73,G
1805-3-18-a-3,73,G
1805-3-19-6-3,73,G
1805-3-19-7-4,73,G
1805-3-19-9-3,73,G
1805-3-19-a-3,73,G
1805-4-15-6-4,73,G
1805-4-15-8-3,73,G
1805-4-15-9-3,73,G
1805-4-15-a-4,73,G
1805-4-16-6-4,73,G
1805-4-16-8-3,73,G
1805-4-16-9-4,73,G
1805-4-16-a-4,73,G
1805-4-17-7-3,73,G
1805-4-17-8-4,73,G
1805-4-17-9-4,73,G
1805-4-18-6-3,73,G
1805-4-18-7-3,73,G
1805-4-18-8-4,73,G
1805-4-18-a-3,73,G
1805-4-19-6-3,73,G
1805-4-19-7-4,73,G
1805-4-19-9-3,73,G
1805-4-19-a-3,73,G
1806-3-15-6-4,73,G
1806-3-15-7-4,73,G
1806-3-15-9-3,73,G
1806-3-15-a-4,73,G
1806-3-16-6-4,73,G
1806-3-16-8-3,73,G
1806-3-16-9-4,73,G
1806-3-16-a-4,73,G
1805-3-18-14-1,73,G
1805-3-19-10-1,73,G
1805-3-19-11-2,73,G
1805-3-19-13-1,73,G
1805-3-19-14-1,73,G
1805-4-15-10-2,73,G
1805-4-15-12-1,73,G
1805-4-15-13-1,73,G
1805-4-15-14-2,73,G
1805-4-16-10-2,73,G
1805-4-16-12-1,73,G
1805-4-16-13-2,73,G
1805-4-16-14-2,73,G
1805-4-17-11-1,73,G
1805-4-17-12-2,73,G
1805-4-17-13-2,73,G
1805-4-18-10-1,73,G
1805-4-18-11-1,73,G
1805-4-18-12-2,73,G
1805-4-18-14-1,73,G
1805-4-19-10-1,73,G
1805-4-19-11-2,73,G
1805-4-19-13-1,73,G
1805-4-19-14-1,73,G
1806-3-15-10-2,73,G
1806-3-15-11-2,73,G
1806-3-15-13-1,73,G
1806-3-15-14-2,73,G
1806-3-16-10-2,73,G
1806-3-16-12-1,73,G
1806-3-16-13-2,73,G
1806-3-16-14-2,73,G
1805-3-18-19-3,73,G
1805-3-19-15-3,73,G
1805-3-19-16-4,73,G
1805-3-19-18-3,73,G
1805-3-19-19-3,73,G
1805-4-15-15-4,73,G
1805-4-15-17-3,73,G
1805-4-15-18-3,73,G
1805-4-15-19-4,73,G
1805-4-16-15-4,73,G
1805-4-16-17-3,73,G
1805-4-16-18-4,73,G
1805-4-16-19-4,73,G
1805-4-17-16-3,73,G
1805-4-17-17-4,73,G
1805-4-17-18-4,73,G
1805-4-18-15-3,73,G
1805-4-18-16-3,73,G
1805-4-18-17-4,73,G
1805-4-18-19-3,73,G
1805-4-19-15-3,73,G
1805-4-19-16-4,73,G
1805-4-19-18-3,73,G
1805-4-19-19-3,73,G
1806-3-15-15-4,73,G
1806-3-15-16-4,73,G
1806-3-15-18-3,73,G
1806-3-15-19-4,73,G
1806-3-16-15-4,73,G
1806-3-16-17-3,73,G
1871-1-4-5-3,73,G
1871-1-5-1-3,73,G
1871-1-5-2-4,73,G
1871-1-5-4-3,73,G
1871-1-5-5-3,73,G
1871-2-1-1-4,73,G
1871-2-1-3-3,73,G
1871-2-1-4-3,73,G
1871-2-1-5-4,73,G
1871-2-2-1-4,73,G
1871-2-2-3-3,73,G
1871-2-2-4-4,73,G
1871-2-2-5-4,73,G
1871-2-3-2-3,73,G
1871-2-3-3-4,73,G
1871-2-3-4-4,73,G
1871-2-4-1-3,73,G
1871-2-4-2-3,73,G
1871-2-4-3-4,73,G
1871-2-4-5-3,73,G
1871-2-5-1-3,73,G
1871-2-5-2-4,73,G
1871-2-5-4-3,73,G
1871-2-5-5-3,73,G
1872-1-1-1-4,73,G
1872-1-1-2-4,73,G
1872-1-1-4-3,73,G
1872-1-1-5-4,73,G
1872-1-2-1-4,73,G
1871-1-4-f-1,73,G
1871-1-5-b-1,73,G
1871-1-5-c-2,73,G
1871-1-5-e-1,73,G
1871-1-5-f-1,73,G
1871-2-1-b-2,73,G
1871-2-1-d-1,73,G
1871-2-1-e-1,73,G
1871-2-1-f-2,73,G
1871-2-2-b-2,73,G
1871-2-2-d-1,73,G
1871-2-2-e-2,73,G
1871-2-2-f-2,73,G
1871-2-3-c-1,73,G
1871-2-3-d-2,73,G
1871-2-3-e-2,73,G
1871-2-4-b-1,73,G
1871-2-4-c-1,73,G
1871-2-4-d-2,73,G
1871-2-4-f-1,73,G
1871-2-5-b-1,73,G
1871-2-5-c-2,73,G
1871-2-5-e-1,73,G
1871-2-5-f-1,73,G
1871-1-5-10-1,73,G
1871-1-5-11-2,73,G
1871-1-5-13-1,73,G
1871-1-5-14-1,73,G
1871-2-1-10-2,73,G
1871-2-1-12-1,73,G
1871-2-1-13-1,73,G
1871-2-1-14-2,73,G
1871-2-2-10-2,73,G
1871-2-2-12-1,73,G
1871-2-2-13-2,73,G
1871-2-2-14-2,73,G
1871-2-3-11-1,73,G
1871-2-3-12-2,73,G
1871-2-3-13-2,73,G
1871-2-4-10-1,73,G
1871-2-4-11-1,73,G
1871-2-4-12-2,73,G
1871-2-4-14-1,73,G
1871-2-5-10-1,73,G
1871-1-5-16-4,73,G
1871-1-5-18-3,73,G
1871-1-5-19-3,73,G
1871-2-1-15-4,73,G
1871-2-1-17-3,73,G
1871-2-1-18-3,73,G
1871-2-1-19-4,73,G
1871-2-2-15-4,73,G
1871-2-2-17-3,73,G
1871-2-2-18-4,73,G
1871-2-2-19-4,73,G
1871-2-3-16-3,73,G
1544-3-e-7-3,74,G
1544-3-e-8-3,74,G
1544-3-e-9-3,74,G
1544-3-d-c-3,74,G
1544-3-d-d-3,74,G
1544-3-d-e-3,74,G
1544-3-d-f-3,74,G
1544-3-e-b-3,74,G
1544-3-e-c-3,74,G
1544-3-e-d-3,74,G
1544-3-e-e-3,74,G
1544-3-c-14-3,74,G
1544-3-d-10-3,74,G
1544-3-d-11-3,74,G
1544-3-d-12-3,74,G
1544-3-d-13-3,74,G
1544-3-d-14-3,74,G
1544-3-e-10-3,74,G
1544-3-e-11-3,74,G
1544-3-e-12-3,74,G
1544-3-e-13-3,74,G
1544-3-e-14-3,74,G
1544-3-c-18-3,74,G
1544-3-c-19-3,74,G
1544-3-d-15-3,74,G
1544-3-d-16-3,74,G
1544-3-d-17-3,74,G
1544-3-d-18-3,74,G
1544-3-d-19-3,74,G
1544-3-e-15-3,74,G
1544-3-e-16-3,74,G
1544-3-e-17-3,74,G
1544-3-e-18-3,74,G
1544-3-e-19-3,74,G
1544-3-11-3-3,74,G
1544-3-11-4-3,74,G
1544-3-11-5-3,74,G
1544-3-12-1-3,74,G
1544-3-12-2-3,74,G
1544-3-12-3-3,74,G
1544-3-12-4-3,74,G
1544-3-12-5-3,74,G
1544-3-13-1-3,74,G
1544-3-13-2-3,74,G
1544-3-13-3-3,74,G
1544-3-13-4-3,74,G
1544-3-13-5-3,74,G
1544-3-14-1-3,74,G
1544-3-11-8-3,74,G
1544-3-11-9-3,74,G
1544-3-11-a-3,74,G
1544-3-12-6-3,74,G
1544-3-12-7-3,74,G
1544-3-12-8-3,74,G
1544-3-12-9-3,74,G
1544-3-12-a-3,74,G
1544-3-13-6-3,74,G
1544-3-13-7-3,74,G
1544-3-13-8-3,74,G
1544-3-13-9-3,74,G
1544-3-13-a-3,74,G
1544-3-14-6-3,74,G
1544-3-14-7-3,74,G
1544-3-11-c-3,74,G
1544-3-11-d-3,74,G
1544-3-11-e-3,74,G
1544-3-11-f-3,74,G
1544-3-12-b-3,74,G
1544-3-12-c-3,74,G
1544-3-12-d-3,74,G
1544-3-12-e-3,74,G
1544-3-12-f-3,74,G
1544-3-13-b-3,74,G
1544-3-13-c-3,74,G
1544-3-13-d-3,74,G
1544-3-13-e-3,74,G
1544-3-13-f-3,74,G
1544-3-14-b-3,74,G
1544-3-14-c-3,74,G
1544-3-11-10-3,74,G
1544-3-11-11-3,74,G
1544-3-11-12-3,74,G
1544-3-11-13-3,74,G
1544-3-11-14-3,74,G
1544-3-12-10-3,74,G
1544-3-12-11-3,74,G
1544-3-12-12-3,74,G
1544-3-12-13-3,74,G
1544-3-12-14-3,74,G
1544-3-13-10-3,74,G
1544-3-13-12-3,74,G
1544-3-13-13-3,74,G
1544-3-13-14-3,74,G
1544-3-14-10-3,74,G
1544-3-14-11-3,74,G
1544-3-14-12-3,74,G
1544-3-10-19-3,74,G
1544-3-11-15-3,74,G
1544-3-11-16-3,74,G
1544-3-11-17-3,74,G
1544-3-11-18-3,74,G
1544-3-11-19-3,74,G
1544-3-12-15-3,74,G
1544-3-12-16-3,74,G
1544-3-12-17-3,74,G
1544-3-12-18-3,74,G
1544-3-12-19-3,74,G
1544-3-13-15-3,74,G
1544-3-13-18-3,74,G
1544-3-13-19-3,74,G
1544-3-14-15-3,74,G
1544-3-14-16-3,74,G
1544-3-14-17-3,74,G
1544-3-15-4-3,74,G
1544-3-15-5-3,74,G
1544-3-16-1-3,74,G
1544-3-16-2-3,74,G
1544-3-16-3-3,74,G
1544-3-16-4-3,74,G
1544-3-16-5-3,74,G
1544-3-17-1-3,74,G
1544-3-17-2-3,74,G
1544-3-17-3-3,74,G
1544-3-17-4-3,74,G
1544-3-17-5-3,74,G
1544-3-18-1-3,74,G
1544-3-18-4-3,74,G
1544-3-18-5-3,74,G
1544-3-19-1-3,74,G
1544-3-19-2-3,74,G
1544-3-19-3-3,74,G
1544-3-19-4-3,74,G
1544-3-15-8-3,74,G
1544-3-15-9-3,74,G
1544-3-15-a-3,74,G
1544-3-16-6-3,74,G
1544-3-16-7-3,74,G
1544-3-16-8-3,74,G
1544-3-16-9-3,74,G
1544-3-16-a-3,74,G
1544-3-17-6-3,74,G
1544-3-17-7-3,74,G
1544-3-17-8-3,74,G
1544-3-17-9-3,74,G
1544-3-17-a-3,74,G
1544-3-18-a-3,74,G
1544-3-19-6-3,74,G
1544-3-19-7-3,74,G
1544-3-19-8-3,74,G
1544-3-19-9-3,74,G
1544-3-15-d-3,74,G
1544-3-15-e-3,74,G
1544-3-15-f-3,74,G
1544-3-16-b-3,74,G
1544-3-16-c-3,74,G
1544-3-16-d-3,74,G
1544-3-16-e-3,74,G
1544-3-16-f-3,74,G
1544-3-17-b-3,74,G
1544-3-17-c-3,74,G
1544-3-17-d-3,74,G
1544-3-17-e-3,74,G
1544-3-18-f-3,74,G
1544-3-19-b-3,74,G
1544-3-19-c-3,74,G
1544-3-19-d-3,74,G
1544-3-19-e-3,74,G
1544-3-15-11-3,74,G
1544-3-15-12-3,74,G
1544-3-15-13-3,74,G
1544-3-15-14-3,74,G
1544-3-16-10-3,74,G
1544-3-16-11-3,74,G
1544-3-16-12-3,74,G
1544-3-16-13-3,74,G
1544-3-16-14-3,74,G
1544-3-17-10-3,74,G
1544-3-17-11-3,74,G
1544-3-17-12-3,74,G
1544-3-19-10-3,74,G
1544-3-19-11-3,74,G
1544-3-19-12-3,74,G
1544-3-19-13-3,74,G
1544-3-19-14-3,74,G
1544-3-15-16-3,74,G
1544-3-15-17-3,74,G
1544-3-15-18-3,74,G
1544-3-15-19-3,74,G
1544-3-16-15-3,74,G
1544-3-16-16-3,74,G
1544-3-16-17-3,74,G
1544-3-16-18-3,74,G
1544-3-16-19-3,74,G
1544-3-17-15-3,74,G
1544-3-17-16-3,74,G
1544-3-19-16-3,74,G
1544-3-19-17-3,74,G
1544-3-19-18-3,74,G
1544-3-19-19-3,74,G
1610-1-1-1-3,74,G
1610-1-1-2-3,74,G
1610-1-1-3-3,74,G
1610-1-1-4-3,74,G
1610-1-1-5-3,74,G
1610-1-2-1-3,74,G
1610-1-2-2-3,74,G
1610-1-2-3-3,74,G
1610-1-2-4-3,74,G
1610-1-2-5-3,74,G
1610-1-3-1-3,74,G
1610-1-5-2-3,74,G
1610-1-5-3-3,74,G
1610-1-5-4-3,74,G
1610-1-5-5-3,74,G
1610-2-1-1-3,74,G
1609-2-5-a-3,74,G
1610-1-1-6-3,74,G
1610-1-1-7-3,74,G
1610-1-1-8-3,74,G
1610-1-1-9-3,74,G
1610-1-1-a-3,74,G
1610-1-2-6-3,74,G
1610-1-2-7-3,74,G
1610-1-2-8-3,74,G
1610-1-2-9-3,74,G
1610-1-2-a-3,74,G
1610-1-5-8-3,74,G
1610-1-5-9-3,74,G
1610-1-5-a-3,74,G
1610-2-1-6-3,74,G
1609-2-5-f-3,74,G
1610-1-1-b-3,74,G
1610-1-1-c-3,74,G
1610-1-1-d-3,74,G
1610-1-1-e-3,74,G
1610-1-1-f-3,74,G
1610-1-2-b-3,74,G
1610-1-2-c-3,74,G
1610-1-2-d-3,74,G
1610-1-2-e-3,74,G
1610-1-5-d-3,74,G
1610-1-5-e-3,74,G
1610-1-5-f-3,74,G
1610-2-1-b-3,74,G
1609-2-5-13-3,74,G
1609-2-5-14-3,74,G
1610-1-1-10-3,74,G
1610-1-1-11-3,74,G
1610-1-1-12-3,74,G
1610-1-1-13-3,74,G
1610-1-1-14-3,74,G
1610-1-2-10-3,74,G
1610-1-2-11-3,74,G
1610-1-2-12-3,74,G
1610-1-5-13-3,74,G
1610-1-5-14-3,74,G
1610-2-1-10-3,74,G
1610-2-1-11-3,74,G
1609-2-5-18-3,74,G
1609-2-5-19-3,74,G
1610-1-1-15-3,74,G
1610-1-1-16-3,74,G
1610-1-1-17-3,74,G
1610-1-1-18-3,74,G
1610-1-1-19-3,74,G
1610-1-2-15-3,74,G
1610-1-2-16-3,74,G
1610-1-5-18-3,74,G
1610-1-5-19-3,74,G
1610-2-1-15-3,74,G
1610-2-1-16-3,74,G
1609-2-a-3-3,74,G
1609-2-a-4-3,74,G
1609-2-a-5-3,74,G
1610-1-6-1-3,74,G
1610-1-6-2-3,74,G
1610-1-6-3-3,74,G
1610-1-6-4-3,74,G
1610-1-6-5-3,74,G
1610-1-7-1-3,74,G
1610-1-a-5-3,74,G
1610-2-6-1-3,74,G
1610-2-6-2-3,74,G
1609-2-a-8-3,74,G
1609-2-a-9-3,74,G
1609-2-a-a-3,74,G
1610-1-6-6-3,74,G
1610-1-6-7-3,74,G
1610-1-6-8-3,74,G
1610-1-6-9-3,74,G
1610-1-6-a-3,74,G
1610-1-a-a-3,74,G
1610-2-6-6-3,74,G
1610-2-6-7-3,74,G
1610-2-6-8-3,74,G
1609-2-a-d-3,74,G
1609-2-a-e-3,74,G
1609-2-a-f-3,74,G
1610-1-6-b-3,74,G
1610-1-6-c-3,74,G
1610-1-6-d-3,74,G
1610-1-6-e-3,74,G
1610-1-a-f-3,74,G
1610-2-6-b-3,74,G
1610-2-6-c-3,74,G
1610-2-6-d-3,74,G
1609-2-a-11-3,74,G
1609-2-a-12-3,74,G
1609-2-a-13-3,74,G
1609-2-a-14-3,74,G
1610-1-6-10-3,74,G
1610-1-6-11-3,74,G
1610-1-6-12-3,74,G
1610-2-6-10-3,74,G
1610-2-6-11-3,74,G
1610-2-6-12-3,74,G
1610-2-6-13-3,74,G
1609-2-a-16-3,74,G
1609-2-a-17-3,74,G
1609-2-a-18-3,74,G
1609-2-a-19-3,74,G
1610-1-6-15-3,74,G
1610-1-6-16-3,74,G
1610-2-6-15-3,74,G
1610-2-6-16-3,74,G
1610-2-6-17-3,74,G
1610-2-6-18-3,74,G
1609-2-f-2-3,74,G
1609-2-f-3-3,74,G
1609-2-f-4-3,74,G
1609-2-f-5-3,74,G
1610-1-b-1-3,74,G
1610-1-b-2-3,74,G
1610-2-b-2-3,74,G
1610-2-b-3-3,74,G
1610-2-b-4-3,74,G
1609-2-f-7-3,74,G
1609-2-f-8-3,74,G
1609-2-f-9-3,74,G
1609-2-f-a-3,74,G
1610-1-b-6-3,74,G
1610-2-b-7-3,74,G
1610-2-b-8-3,74,G
1610-2-b-9-3,74,G
1610-2-b-a-3,74,G
1609-2-f-b-3,74,G
1609-2-f-c-3,74,G
1609-2-f-d-3,74,G
1609-2-f-e-3,74,G
1609-2-f-f-3,74,G
1610-1-b-b-3,74,G
1610-2-b-c-3,74,G
1610-2-b-d-3,74,G
1610-2-b-e-3,74,G
1610-2-b-f-3,74,G
1609-2-f-10-3,74,G
1609-2-f-11-3,74,G
1609-2-f-12-3,74,G
1609-2-f-13-3,74,G
1609-2-f-14-3,74,G
1610-2-b-12-3,74,G
1610-2-b-13-3,74,G
1610-2-b-14-3,74,G
1609-2-f-15-3,74,G
1609-2-f-16-3,74,G
1609-2-f-17-3,74,G
1609-2-f-18-3,74,G
1609-2-f-19-3,74,G
1610-2-b-17-3,74,G
1610-2-b-18-3,74,G
1610-2-b-19-3,74,G
1610-2-c-15-3,74,G
1609-2-14-1-3,74,G
1609-2-14-2-3,74,G
1609-2-14-3-3,74,G
1609-2-14-4-3,74,G
1609-2-14-5-3,74,G
1610-2-10-4-3,74,G
1610-2-10-5-3,74,G
1610-2-11-1-3,74,G
1609-2-13-a-3,74,G
1609-2-14-6-3,74,G
1609-2-14-7-3,74,G
1609-2-14-8-3,74,G
1609-2-14-9-3,74,G
1610-2-10-9-3,74,G
1610-2-10-a-3,74,G
1610-2-11-6-3,74,G
1609-2-13-f-3,74,G
1609-2-14-b-3,74,G
1609-2-14-c-3,74,G
1609-2-14-d-3,74,G
1609-2-14-e-3,74,G
1610-2-10-e-3,74,G
1610-2-10-f-3,74,G
1610-2-11-b-3,74,G
1609-2-13-14-3,74,G
1609-2-14-10-3,74,G
1609-2-14-11-3,74,G
1609-2-14-12-3,74,G
1609-2-14-13-3,74,G
1610-2-10-14-3,74,G
1610-2-11-10-3,74,G
1610-2-11-11-3,74,G
1609-2-13-18-3,74,G
1609-2-13-19-3,74,G
1609-2-14-15-3,74,G
1609-2-14-16-3,74,G
1609-2-14-17-3,74,G
1609-2-14-18-3,74,G
1610-2-10-19-3,74,G
1610-2-11-15-3,74,G
1610-2-11-16-3,74,G
1609-2-18-4-3,74,G
1609-2-18-5-3,74,G
1609-2-19-1-3,74,G
1609-2-19-2-3,74,G
1609-2-19-3-3,74,G
1610-2-15-5-3,74,G
1610-2-16-1-3,74,G
1610-2-16-2-3,74,G
1609-2-18-8-3,74,G
1609-2-18-9-3,74,G
1609-2-18-a-3,74,G
1609-2-19-6-3,74,G
1609-2-19-7-3,74,G
1609-2-19-8-3,74,G
1610-2-15-a-3,74,G
1610-2-16-6-3,74,G
1610-2-16-7-3,74,G
1609-2-18-c-3,74,G
1609-2-18-d-3,74,G
1609-2-18-e-3,74,G
1609-2-18-f-3,74,G
1609-2-19-b-3,74,G
1609-2-19-c-3,74,G
1609-2-19-d-3,74,G
1610-2-15-f-3,74,G
1610-2-16-b-3,74,G
1610-2-16-c-3,74,G
1609-2-18-10-3,74,G
1609-2-18-11-3,74,G
1609-2-18-12-3,74,G
1609-2-18-13-3,74,G
1609-2-18-14-3,74,G
1609-2-19-10-3,74,G
1609-2-19-11-3,74,G
1609-2-19-12-3,74,G
1610-2-16-10-3,74,G
1610-2-16-11-3,74,G
1609-2-18-15-3,74,G
1609-2-18-16-3,74,G
1609-2-18-17-3,74,G
1609-2-18-18-3,74,G
1609-2-18-19-3,74,G
1609-2-19-15-3,74,G
1609-2-19-16-3,74,G
1609-2-19-17-3,74,G
1610-2-16-15-3,74,G
1610-2-16-16-3,74,G
1609-4-3-5-3,74,G
1609-4-4-1-3,74,G
1609-4-4-2-3,74,G
1609-4-4-3-3,74,G
1609-4-4-4-3,74,G
1609-4-4-5-3,74,G
1609-4-5-1-3,74,G
1609-4-5-2-3,74,G
1609-4-5-3-3,74,G
1610-4-2-1-3,74,G
1610-4-2-2-3,74,G
1609-4-3-a-3,74,G
1609-4-4-6-3,74,G
1609-4-4-7-3,74,G
1609-4-4-8-3,74,G
1609-4-4-9-3,74,G
1609-4-4-a-3,74,G
1609-4-5-6-3,74,G
1609-4-5-7-3,74,G
1609-4-5-8-3,74,G
1610-4-2-6-3,74,G
1610-4-2-7-3,74,G
1610-4-2-8-3,74,G
1609-4-3-f-3,74,G
1609-4-4-b-3,74,G
1609-4-4-c-3,74,G
1609-4-4-d-3,74,G
1609-4-4-e-3,74,G
1609-4-4-f-3,74,G
1609-4-5-b-3,74,G
1609-4-5-c-3,74,G
1610-4-2-b-3,74,G
1610-4-2-c-3,74,G
1610-4-2-d-3,74,G
1609-4-3-13-3,74,G
1609-4-3-14-3,74,G
1609-4-4-10-3,74,G
1609-4-4-11-3,74,G
1609-4-4-12-3,74,G
1609-4-4-13-3,74,G
1609-4-4-14-3,74,G
1609-4-5-10-3,74,G
1609-4-5-11-3,74,G
1610-4-2-10-3,74,G
1610-4-2-11-3,74,G
1610-4-2-12-3,74,G
1609-4-3-18-3,74,G
1609-4-3-19-3,74,G
1609-4-4-15-3,74,G
1609-4-4-16-3,74,G
1609-4-4-17-3,74,G
1609-4-4-18-3,74,G
1609-4-4-19-3,74,G
1609-4-5-15-3,74,G
1610-4-2-15-3,74,G
1610-4-2-16-3,74,G
1610-4-2-17-3,74,G
1609-4-8-3-3,74,G
1609-4-8-4-3,74,G
1609-4-8-5-3,74,G
1609-4-9-1-3,74,G
1609-4-9-2-3,74,G
1609-4-9-3-3,74,G
1609-4-9-4-3,74,G
1609-4-9-5-3,74,G
1609-4-a-1-3,74,G
1610-4-6-5-3,74,G
1610-4-7-1-3,74,G
1610-4-7-2-3,74,G
1610-4-7-3-3,74,G
1609-4-8-8-3,74,G
1609-4-8-9-3,74,G
1609-4-8-a-3,74,G
1609-4-9-6-3,74,G
1609-4-9-7-3,74,G
1609-4-9-8-3,74,G
1609-4-9-9-3,74,G
1609-4-9-a-3,74,G
1610-4-6-a-3,74,G
1610-4-7-6-3,74,G
1610-4-7-7-3,74,G
1609-4-8-c-3,74,G
1609-4-8-d-3,74,G
1609-4-8-e-3,74,G
1609-4-8-f-3,74,G
1609-4-9-b-3,74,G
1609-4-9-c-3,74,G
1609-4-9-d-3,74,G
1609-4-9-e-3,74,G
1609-4-9-f-3,74,G
1610-4-6-f-3,74,G
1610-4-7-b-3,74,G
1610-4-7-c-3,74,G
1609-4-8-11-3,74,G
1609-4-8-12-3,74,G
1609-4-8-13-3,74,G
1609-4-8-14-3,74,G
1609-4-9-10-3,74,G
1609-4-9-11-3,74,G
1609-4-9-12-3,74,G
1609-4-9-13-3,74,G
1610-4-6-14-3,74,G
1610-4-7-10-3,74,G
1610-4-7-11-3,74,G
1609-4-8-15-3,74,G
1609-4-8-16-3,74,G
1609-4-8-17-3,74,G
1609-4-8-18-3,74,G
1609-4-8-19-3,74,G
1609-4-9-15-3,74,G
1609-4-9-16-3,74,G
1609-4-9-17-3,74,G
1609-4-9-18-3,74,G
1610-4-6-19-3,74,G
1610-4-7-15-3,74,G
1610-4-7-16-3,74,G
1609-4-d-1-3,74,G
1609-4-d-2-3,74,G
1609-4-d-3-3,74,G
1609-4-d-4-3,74,G
1609-4-d-5-3,74,G
1609-4-e-1-3,74,G
1609-4-e-2-3,74,G
1609-4-e-3-3,74,G
1610-4-b-4-3,74,G
1610-4-b-5-3,74,G
1610-4-c-1-3,74,G
1610-4-c-2-3,74,G
1609-4-c-a-3,74,G
1609-4-d-6-3,74,G
1609-4-d-7-3,74,G
1609-4-d-8-3,74,G
1609-4-d-9-3,74,G
1609-4-d-a-3,74,G
1609-4-e-6-3,74,G
1609-4-e-7-3,74,G
1609-4-e-8-3,74,G
1610-4-b-9-3,74,G
1610-4-b-a-3,74,G
1610-4-c-6-3,74,G
1610-4-c-7-3,74,G
1609-4-c-f-3,74,G
1609-4-d-b-3,74,G
1609-4-d-c-3,74,G
1609-4-d-d-3,74,G
1609-4-d-e-3,74,G
1609-4-d-f-3,74,G
1609-4-e-b-3,74,G
1609-4-e-c-3,74,G
1610-4-b-d-3,74,G
1610-4-b-e-3,74,G
1610-4-b-f-3,74,G
1610-4-c-b-3,74,G
1609-4-c-13-3,74,G
1609-4-c-14-3,74,G
1609-4-d-10-3,74,G
1609-4-d-11-3,74,G
1609-4-d-12-3,74,G
1609-4-d-13-3,74,G
1609-4-d-14-3,74,G
1609-4-e-10-3,74,G
1609-4-e-11-3,74,G
1610-4-b-12-3,74,G
1610-4-b-13-3,74,G
1610-4-b-14-3,74,G
1610-4-c-10-3,74,G
1609-4-c-18-3,74,G
1609-4-c-19-3,74,G
1609-4-d-15-3,74,G
1609-4-d-16-3,74,G
1609-4-d-17-3,74,G
1609-4-d-18-3,74,G
1609-4-d-19-3,74,G
1609-4-e-15-3,74,G
1610-4-b-17-3,74,G
1610-4-b-18-3,74,G
1610-4-b-19-3,74,G
1609-4-11-3-3,74,G
1609-4-11-4-3,74,G
1609-4-11-5-3,74,G
1609-4-12-1-3,74,G
1609-4-12-2-3,74,G
1609-4-12-3-3,74,G
1609-4-12-4-3,74,G
1609-4-12-5-3,74,G
1609-4-13-1-3,74,G
1610-4-10-2-3,74,G
1610-4-10-3-3,74,G
1610-4-10-4-3,74,G
1610-4-10-5-3,74,G
1609-4-11-7-3,74,G
1609-4-11-8-3,74,G
1609-4-11-9-3,74,G
1609-4-11-a-3,74,G
1609-4-12-6-3,74,G
1609-4-12-7-3,74,G
1609-4-12-8-3,74,G
1609-4-12-9-3,74,G
1609-4-12-a-3,74,G
1610-4-10-7-3,74,G
1610-4-10-8-3,74,G
1610-4-10-9-3,74,G
1609-4-11-c-3,74,G
1609-4-11-d-3,74,G
1609-4-11-e-3,74,G
1609-4-11-f-3,74,G
1609-4-12-b-3,74,G
1609-4-12-c-3,74,G
1609-4-12-d-3,74,G
1609-4-12-e-3,74,G
1610-4-10-b-3,74,G
1610-4-10-c-3,74,G
1610-4-10-d-3,74,G
1610-4-10-e-3,74,G
1609-4-11-10-3,74,G
1609-4-11-11-3,74,G
1609-4-11-12-3,74,G
1609-4-11-13-3,74,G
1609-4-11-14-3,74,G
1609-4-12-10-3,74,G
1609-4-12-11-3,74,G
1610-4-10-10-3,74,G
1610-4-10-11-3,74,G
1610-4-10-12-3,74,G
1609-4-11-15-3,74,G
1609-4-11-16-3,74,G
1609-4-11-17-3,74,G
1609-4-11-18-3,74,G
1609-4-11-19-3,74,G
1609-4-12-15-3,74,G
1610-3-14-19-3,74,G
1610-4-10-15-3,74,G
1610-4-10-16-3,74,G
1610-4-10-17-3,74,G
1609-4-15-a-1,74,G
1609-4-16-6-1,74,G
1609-4-16-7-1,74,G
1609-4-16-8-1,74,G
1609-4-16-9-1,74,G
1609-4-16-a-1,74,G
1610-3-19-9-1,74,G
1610-3-19-a-1,74,G
1610-4-15-6-1,74,G
1610-4-15-7-1,74,G
1609-4-15-e-1,74,G
1609-4-15-f-1,74,G
1609-4-16-b-1,74,G
1609-4-16-c-1,74,G
1609-4-16-d-1,74,G
1609-4-16-e-1,74,G
1609-4-16-f-1,74,G
1610-3-19-e-1,74,G
1610-3-19-f-1,74,G
1610-4-15-b-1,74,G
1609-4-15-12-1,74,G
1609-4-15-13-1,74,G
1609-4-15-14-1,74,G
1609-4-16-10-1,74,G
1609-4-16-11-1,74,G
1609-4-16-12-1,74,G
1609-4-16-13-1,74,G
1609-4-16-14-1,74,G
1610-3-19-12-1,74,G
1610-3-19-13-1,74,G
1610-3-19-14-1,74,G
1610-4-15-10-1,74,G
1609-4-15-17-1,74,G
1609-4-15-18-1,74,G
1609-4-15-19-1,74,G
1609-4-16-15-1,74,G
1609-4-16-16-1,74,G
1609-4-16-17-1,74,G
1609-4-16-18-1,74,G
1610-3-19-16-1,74,G
1610-3-19-17-1,74,G
1610-3-19-18-1,74,G
1610-3-19-19-1,74,G
1675-2-1-2-1,74,G
1675-2-1-3-1,74,G
1675-2-1-4-1,74,G
1675-2-1-5-1,74,G
1675-2-2-1-1,74,G
1675-2-2-2-1,74,G
1675-2-2-3-1,74,G
1675-2-2-4-1,74,G
1676-1-4-5-1,74,G
1676-1-5-1-1,74,G
1676-1-5-2-1,74,G
1676-1-5-3-1,74,G
1676-1-5-4-1,74,G
1676-1-5-5-1,74,G
1675-2-1-6-1,74,G
1675-2-1-7-1,74,G
1675-2-1-8-1,74,G
1675-2-1-9-1,74,G
1675-2-1-a-1,74,G
1675-2-2-6-1,74,G
1675-2-2-7-1,74,G
1675-2-2-8-1,74,G
1676-1-4-9-1,74,G
1676-1-4-a-1,74,G
1676-1-5-6-1,74,G
1676-1-5-7-1,74,G
1676-1-5-8-1,74,G
1676-1-5-9-1,74,G
1675-1-5-f-1,74,G
1675-2-1-b-1,74,G
1675-2-1-c-1,74,G
1675-2-1-d-1,74,G
1675-2-1-e-1,74,G
1675-2-1-f-1,74,G
1675-2-2-b-1,74,G
1675-2-2-c-1,74,G
1675-2-2-d-1,74,G
1676-1-4-b-1,74,G
1676-1-4-c-1,74,G
1676-1-4-d-1,74,G
1676-1-4-e-1,74,G
1676-1-4-f-1,74,G
1676-1-5-b-1,74,G
1676-1-5-c-1,74,G
1676-1-5-d-1,74,G
1675-1-5-13-1,74,G
1675-1-5-14-1,74,G
1675-2-1-10-1,74,G
1675-2-1-11-1,74,G
1675-2-1-12-1,74,G
1675-2-1-13-1,74,G
1675-2-1-14-1,74,G
1675-2-2-10-1,74,G
1675-2-2-11-1,74,G
1676-1-3-12-1,74,G
1676-1-3-13-1,74,G
1676-1-3-14-1,74,G
1676-1-4-10-1,74,G
1676-1-4-11-1,74,G
1676-1-4-12-1,74,G
1676-1-4-13-1,74,G
1676-1-4-14-1,74,G
1676-1-5-10-1,74,G
1676-1-5-11-1,74,G
1675-1-5-17-1,74,G
1675-1-5-18-1,74,G
1675-1-5-19-1,74,G
1675-2-1-15-1,74,G
1675-2-1-16-1,74,G
1675-2-1-17-1,74,G
1675-2-1-18-1,74,G
1675-2-1-19-1,74,G
1675-2-2-15-1,74,G
1675-2-2-16-1,74,G
1676-1-3-15-1,74,G
1676-1-3-16-1,74,G
1676-1-3-17-1,74,G
1676-1-3-18-1,74,G
1676-1-3-19-1,74,G
1676-1-4-15-1,74,G
1676-1-4-16-1,74,G
1676-1-4-17-1,74,G
1676-1-4-18-1,74,G
1676-1-4-19-1,74,G
1676-1-5-15-1,74,G
1675-1-a-2-1,74,G
1675-1-a-3-1,74,G
1675-1-a-4-1,74,G
1675-1-a-5-1,74,G
1675-2-6-1-1,74,G
1675-2-6-2-1,74,G
1675-2-6-3-1,74,G
1675-2-6-4-1,74,G
1675-2-6-5-1,74,G
1675-2-7-1-1,74,G
1675-2-7-2-1,74,G
1676-1-7-3-1,74,G
1676-1-7-4-1,74,G
1676-1-7-5-1,74,G
1676-1-8-1-1,74,G
1676-1-8-2-1,74,G
1676-1-8-3-1,74,G
1676-1-8-4-1,74,G
1676-1-8-5-1,74,G
1676-1-9-1-1,74,G
1676-1-9-2-1,74,G
1676-1-9-3-1,74,G
1676-1-9-4-1,74,G
1676-1-9-5-1,74,G
1675-1-a-7-1,74,G
1675-1-a-8-1,74,G
1675-1-a-9-1,74,G
1675-1-a-a-1,74,G
1675-2-6-6-1,74,G
1675-2-6-7-1,74,G
1675-2-6-8-1,74,G
1675-2-6-9-1,74,G
1675-2-6-a-1,74,G
1675-2-7-6-1,74,G
1675-2-7-7-1,74,G
1676-1-6-9-1,74,G
1676-1-6-a-1,74,G
1676-1-7-6-1,74,G
1676-1-7-7-1,74,G
1676-1-7-8-1,74,G
1676-1-7-9-1,74,G
1676-1-7-a-1,74,G
1676-1-8-6-1,74,G
1676-1-8-7-1,74,G
1676-1-8-8-1,74,G
1676-1-8-9-1,74,G
1676-1-8-a-1,74,G
1676-1-9-6-1,74,G
1676-1-9-7-1,74,G
1676-1-9-8-1,74,G
1676-1-9-9-1,74,G
1675-1-a-b-1,74,G
1675-1-a-c-1,74,G
1675-1-a-d-1,74,G
1675-1-a-e-1,74,G
1675-1-a-f-1,74,G
1675-2-6-b-1,74,G
1675-2-6-c-1,74,G
1675-2-6-d-1,74,G
1675-2-6-e-1,74,G
1675-2-6-f-1,74,G
1675-2-7-b-1,74,G
1675-2-7-c-1,74,G
1675-2-a-f-1,74,G
1676-1-6-b-1,74,G
1676-1-6-c-1,74,G
1676-1-6-d-1,74,G
1676-1-6-e-1,74,G
1676-1-6-f-1,74,G
1676-1-7-b-1,74,G
1676-1-7-c-1,74,G
1676-1-7-d-1,74,G
1676-1-7-e-1,74,G
1676-1-7-f-1,74,G
1676-1-8-b-1,74,G
1676-1-8-c-1,74,G
1676-1-8-d-1,74,G
1676-1-8-e-1,74,G
1676-1-8-f-1,74,G
1675-1-a-10-1,74,G
1675-1-a-11-1,74,G
1675-1-a-12-1,74,G
1675-1-a-13-1,74,G
1675-1-a-14-1,74,G
1675-2-6-10-1,74,G
1675-2-6-11-1,74,G
1675-2-6-12-1,74,G
1675-2-6-13-1,74,G
1675-2-6-14-1,74,G
1675-2-7-10-1,74,G
1675-2-7-11-1,74,G
1675-2-a-10-1,74,G
1675-2-a-11-1,74,G
1675-2-a-12-1,74,G
1675-2-a-13-1,74,G
1675-2-a-14-1,74,G
1676-1-6-10-1,74,G
1676-1-6-11-1,74,G
1676-1-6-12-1,74,G
1676-1-6-13-1,74,G
1676-1-6-14-1,74,G
1676-1-7-10-1,74,G
1676-1-7-11-1,74,G
1676-1-7-12-1,74,G
1676-1-7-13-1,74,G
1676-1-7-14-1,74,G
1676-1-8-10-1,74,G
1676-1-8-11-1,74,G
1676-1-8-12-1,74,G
1676-1-8-13-1,74,G
1675-1-a-15-1,74,G
1675-1-a-16-1,74,G
1675-1-a-17-1,74,G
1675-1-a-18-1,74,G
1675-1-a-19-1,74,G
1675-2-6-15-1,74,G
1675-2-6-16-1,74,G
1675-2-6-17-1,74,G
1675-2-6-18-1,74,G
1675-2-6-19-1,74,G
1675-2-7-15-1,74,G
1675-2-7-16-1,74,G
1675-2-9-19-1,74,G
1675-2-a-15-1,74,G
1675-2-a-16-1,74,G
1675-2-a-17-1,74,G
1675-2-a-18-1,74,G
1675-2-a-19-1,74,G
1676-1-6-15-1,74,G
1676-1-6-16-1,74,G
1676-1-6-17-1,74,G
1676-1-6-18-1,74,G
1676-1-6-19-1,74,G
1676-1-7-15-1,74,G
1676-1-7-16-1,74,G
1676-1-7-17-1,74,G
1676-1-7-18-1,74,G
1676-1-7-19-1,74,G
1676-1-8-15-1,74,G
1676-1-8-16-1,74,G
1676-1-8-17-1,74,G
1676-1-8-18-1,74,G
1675-1-f-1-1,74,G
1675-1-f-2-1,74,G
1675-1-f-3-1,74,G
1675-1-f-4-1,74,G
1675-1-f-5-1,74,G
1675-2-b-1-1,74,G
1675-2-b-2-1,74,G
1675-2-b-3-1,74,G
1675-2-b-4-1,74,G
1675-2-b-5-1,74,G
1675-2-c-1-1,74,G
1675-2-c-2-1,74,G
1675-2-e-4-1,74,G
1675-2-e-5-1,74,G
1675-2-f-1-1,74,G
1675-2-f-2-1,74,G
1675-2-f-3-1,74,G
1675-2-f-4-1,74,G
1675-2-f-5-1,74,G
1676-1-b-1-1,74,G
1676-1-b-2-1,74,G
1676-1-b-3-1,74,G
1676-1-b-4-1,74,G
1676-1-b-5-1,74,G
1676-1-c-1-1,74,G
1676-1-c-2-1,74,G
1676-1-c-3-1,74,G
1676-1-c-4-1,74,G
1676-1-c-5-1,74,G
1676-1-d-1-1,74,G
1676-1-d-2-1,74,G
1676-1-d-3-1,74,G
1675-1-f-6-1,74,G
1675-1-f-7-1,74,G
1675-1-f-8-1,74,G
1675-1-f-9-1,74,G
1675-1-f-a-1,74,G
1675-2-b-6-1,74,G
1675-2-b-7-1,74,G
1675-2-b-8-1,74,G
1675-2-b-9-1,74,G
1675-2-b-a-1,74,G
1675-2-c-6-1,74,G
1675-2-c-7-1,74,G
1675-2-e-9-1,74,G
1675-2-e-a-1,74,G
1675-2-f-6-1,74,G
1675-2-f-7-1,74,G
1675-2-f-8-1,74,G
1675-2-f-9-1,74,G
1675-2-f-a-1,74,G
1676-1-b-6-1,74,G
1676-1-b-7-1,74,G
1676-1-b-8-1,74,G
1676-1-b-9-1,74,G
1676-1-b-a-1,74,G
1676-1-c-6-1,74,G
1676-1-c-7-1,74,G
1676-1-c-8-1,74,G
1676-1-c-9-1,74,G
1676-1-c-a-1,74,G
1676-1-d-6-1,74,G
1676-1-d-7-1,74,G
1675-1-f-b-1,74,G
1675-1-f-c-1,74,G
1675-1-f-d-1,74,G
1675-1-f-e-1,74,G
1675-1-f-f-1,74,G
1675-2-b-b-1,74,G
1675-2-b-c-1,74,G
1675-2-b-d-1,74,G
1675-2-b-e-1,74,G
1675-2-b-f-1,74,G
1675-2-c-b-1,74,G
1675-2-c-c-1,74,G
1675-2-c-d-1,74,G
1675-2-e-e-1,74,G
1675-2-e-f-1,74,G
1675-2-f-b-1,74,G
1675-2-f-c-1,74,G
1675-2-f-d-1,74,G
1675-2-f-e-1,74,G
1675-2-f-f-1,74,G
1676-1-b-b-1,74,G
1676-1-b-c-1,74,G
1676-1-b-d-1,74,G
1676-1-b-e-1,74,G
1676-1-b-f-1,74,G
1676-1-c-b-1,74,G
1676-1-c-c-1,74,G
1676-1-c-d-1,74,G
1676-1-c-e-1,74,G
1676-1-c-f-1,74,G
1676-1-d-b-1,74,G
1676-1-d-c-1,74,G
1675-1-f-11-1,74,G
1675-1-f-12-1,74,G
1675-1-f-13-1,74,G
1675-1-f-14-1,74,G
1675-2-b-10-1,74,G
1675-2-b-11-1,74,G
1675-2-b-12-1,74,G
1675-2-b-13-1,74,G
1675-2-b-14-1,74,G
1675-2-c-10-1,74,G
1675-2-c-11-1,74,G
1675-2-c-12-1,74,G
1675-2-e-13-1,74,G
1675-2-e-14-1,74,G
1675-2-f-10-1,74,G
1675-2-f-11-1,74,G
1675-2-f-12-1,74,G
1675-2-f-13-1,74,G
1675-2-f-14-1,74,G
1676-1-b-10-1,74,G
1676-1-b-11-1,74,G
1676-1-b-12-1,74,G
1676-1-b-13-1,74,G
1676-1-b-14-1,74,G
1676-1-c-10-1,74,G
1676-1-c-11-1,74,G
1676-1-c-12-1,74,G
1676-1-c-13-1,74,G
1676-1-c-14-1,74,G
1676-1-d-10-1,74,G
1675-1-f-16-1,74,G
1675-1-f-17-1,74,G
1675-1-f-18-1,74,G
1675-1-f-19-1,74,G
1675-2-b-15-1,74,G
1675-2-b-16-1,74,G
1675-2-b-17-1,74,G
1675-2-b-18-1,74,G
1675-2-b-19-1,74,G
1675-2-c-15-1,74,G
1675-2-c-16-1,74,G
1675-2-c-17-1,74,G
1675-2-c-18-1,74,G
1675-2-e-18-1,74,G
1675-2-e-19-1,74,G
1675-2-f-15-1,74,G
1675-2-f-16-1,74,G
1675-2-f-17-1,74,G
1675-2-f-18-1,74,G
1675-2-f-19-1,74,G
1676-1-b-15-1,74,G
1676-1-b-16-1,74,G
1676-1-b-17-1,74,G
1676-1-b-18-1,74,G
1676-1-b-19-1,74,G
1676-1-c-15-1,74,G
1676-1-c-16-1,74,G
1676-1-c-17-1,74,G
1676-1-c-18-1,74,G
1675-1-14-2-1,74,G
1675-1-14-3-1,74,G
1675-1-14-4-1,74,G
1675-1-14-5-1,74,G
1675-2-10-1-1,74,G
1675-2-10-2-1,74,G
1675-2-10-3-1,74,G
1675-2-10-4-1,74,G
1675-2-10-5-1,74,G
1675-2-11-1-1,74,G
1675-2-11-2-1,74,G
1675-2-11-3-1,74,G
1675-2-11-4-1,74,G
1675-2-11-5-1,74,G
1675-2-13-4-1,74,G
1675-2-13-5-1,74,G
1675-2-14-1-1,74,G
1675-2-14-2-1,74,G
1675-2-14-3-1,74,G
1675-2-14-4-1,74,G
1675-2-14-5-1,74,G
1676-1-10-1-1,74,G
1676-1-10-2-1,74,G
1676-1-10-3-1,74,G
1676-1-10-4-1,74,G
1675-1-14-7-1,74,G
1675-1-14-8-1,74,G
1675-1-14-9-1,74,G
1675-1-14-a-1,74,G
1675-2-10-6-1,74,G
1675-2-10-7-1,74,G
1675-2-10-8-1,74,G
1675-2-10-9-1,74,G
1675-2-10-a-1,74,G
1675-2-11-6-1,74,G
1675-2-11-7-1,74,G
1675-2-11-8-1,74,G
1675-2-11-9-1,74,G
1675-2-11-a-1,74,G
1675-2-12-6-1,74,G
1675-2-13-9-1,74,G
1675-2-13-a-1,74,G
1675-2-14-6-1,74,G
1675-2-14-7-1,74,G
1675-2-14-8-1,74,G
1675-2-14-9-1,74,G
1675-2-14-a-1,74,G
1676-1-10-6-1,74,G
1676-1-10-7-1,74,G
1675-1-14-c-1,74,G
1675-1-14-d-1,74,G
1675-1-14-e-1,74,G
1675-1-14-f-1,74,G
1675-2-10-b-1,74,G
1675-2-10-c-1,74,G
1675-2-10-d-1,74,G
1675-2-10-e-1,74,G
1675-2-10-f-1,74,G
1675-2-11-b-1,74,G
1675-2-11-c-1,74,G
1675-2-11-d-1,74,G
1675-2-11-e-1,74,G
1675-2-11-f-1,74,G
1675-2-12-b-1,74,G
1675-2-12-c-1,74,G
1675-2-13-d-1,74,G
1675-2-13-e-1,74,G
1675-2-13-f-1,74,G
1675-2-14-b-1,74,G
1675-2-14-c-1,74,G
1675-2-14-d-1,74,G
1675-2-14-e-1,74,G
1675-2-14-f-1,74,G
1675-1-14-12-1,74,G
1675-1-14-13-1,74,G
1675-1-14-14-1,74,G
1675-2-10-10-1,74,G
1675-2-10-11-1,74,G
1675-2-10-12-1,74,G
1675-2-10-13-1,74,G
1675-2-10-14-1,74,G
1675-2-11-10-1,74,G
1675-2-11-11-1,74,G
1675-2-11-12-1,74,G
1675-2-11-13-1,74,G
1675-2-11-14-1,74,G
1675-2-12-10-1,74,G
1675-2-12-11-1,74,G
1675-2-13-12-1,74,G
1675-2-13-13-1,74,G
1675-2-13-14-1,74,G
1675-2-14-10-1,74,G
1675-2-14-11-1,74,G
1675-2-14-12-1,74,G
1675-2-14-13-1,74,G
1675-1-14-17-1,74,G
1675-1-14-18-1,74,G
1675-1-14-19-1,74,G
1675-2-10-15-1,74,G
1675-2-10-16-1,74,G
1675-2-10-17-1,74,G
1675-2-10-18-1,74,G
1675-2-10-19-1,74,G
1675-2-11-15-1,74,G
1675-2-11-16-1,74,G
1675-2-11-17-1,74,G
1675-2-11-18-1,74,G
1675-2-11-19-1,74,G
1675-2-12-15-1,74,G
1675-2-12-16-1,74,G
1675-2-12-17-1,74,G
1675-2-13-16-1,74,G
1675-2-13-17-1,74,G
1675-2-13-18-1,74,G
1675-2-13-19-1,74,G
1675-2-14-15-1,74,G
1675-2-14-16-1,74,G
1675-2-14-17-1,74,G
1675-1-19-4-1,74,G
1675-1-19-5-1,74,G
1675-2-15-1-1,74,G
1675-2-15-2-1,74,G
1675-2-15-3-1,74,G
1675-2-15-4-1,74,G
1675-2-15-5-1,74,G
1675-2-16-1-1,74,G
1675-2-16-2-1,74,G
1675-2-16-3-1,74,G
1675-2-16-4-1,74,G
1675-2-16-5-1,74,G
1675-2-17-1-1,74,G
1675-2-17-2-1,74,G
1675-2-17-3-1,74,G
1675-2-17-4-1,74,G
1675-2-18-2-1,74,G
1675-2-18-3-1,74,G
1675-2-18-4-1,74,G
1675-2-18-5-1,74,G
1675-2-19-1-1,74,G
1675-2-19-2-1,74,G
1675-2-19-3-1,74,G
1675-1-19-9-1,74,G
1675-1-19-a-1,74,G
1675-2-15-6-1,74,G
1675-2-15-7-1,74,G
1675-2-15-8-1,74,G
1675-2-15-9-1,74,G
1675-2-15-a-1,74,G
1675-2-16-6-1,74,G
1675-2-16-7-1,74,G
1675-2-16-8-1,74,G
1675-2-16-9-1,74,G
1675-2-16-a-1,74,G
1675-2-17-6-1,74,G
1675-2-17-7-1,74,G
1675-2-17-8-1,74,G
1675-2-17-9-1,74,G
1675-2-18-6-1,74,G
1675-2-18-7-1,74,G
1675-2-18-8-1,74,G
1675-2-18-9-1,74,G
1675-2-18-a-1,74,G
1675-2-19-6-1,74,G
1675-2-19-7-1,74,G
1675-1-19-f-1,74,G
1675-2-15-b-1,74,G
1675-2-15-c-1,74,G
1675-2-15-d-1,74,G
1675-2-15-e-1,74,G
1675-2-15-f-1,74,G
1675-2-16-b-1,74,G
1675-2-16-c-1,74,G
1675-2-16-d-1,74,G
1675-2-16-e-1,74,G
1675-2-16-f-1,74,G
1675-2-17-b-1,74,G
1675-2-17-c-1,74,G
1675-2-17-d-1,74,G
1675-2-17-e-1,74,G
1675-2-17-f-1,74,G
1675-2-18-b-1,74,G
1675-2-18-c-1,74,G
1675-2-18-d-1,74,G
1675-2-18-e-1,74,G
1675-2-18-f-1,74,G
1675-2-19-b-1,74,G
1675-1-19-14-1,74,G
1675-2-15-10-1,74,G
1675-2-15-11-1,74,G
1675-2-15-12-1,74,G
1675-2-15-13-1,74,G
1675-2-15-14-1,74,G
1675-2-16-10-1,74,G
1675-2-16-11-1,74,G
1675-2-16-12-1,74,G
1675-2-16-13-1,74,G
1675-2-16-14-1,74,G
1675-2-17-10-1,74,G
1675-2-17-11-1,74,G
1675-2-17-12-1,74,G
1675-2-17-13-1,74,G
1675-2-17-14-1,74,G
1675-2-18-10-1,74,G
1675-2-18-11-1,74,G
1675-2-18-12-1,74,G
1675-2-18-13-1,74,G
1675-2-18-14-1,74,G
1675-2-19-10-1,74,G
1675-2-15-15-1,74,G
1675-2-15-16-1,74,G
1675-2-15-17-1,74,G
1675-2-15-18-1,74,G
1675-2-15-19-1,74,G
1675-2-16-15-1,74,G
1675-2-16-16-1,74,G
1675-2-16-17-1,74,G
1675-2-16-18-1,74,G
1675-2-16-19-1,74,G
1675-2-17-15-1,74,G
1675-2-17-16-1,74,G
1675-2-17-17-1,74,G
1675-2-17-18-1,74,G
1675-2-17-19-1,74,G
1675-2-18-15-1,74,G
1675-2-18-16-1,74,G
1675-2-18-17-1,74,G
1675-2-18-18-1,74,G
1675-2-18-19-1,74,G
1675-4-1-1-1,74,G
1675-4-1-2-1,74,G
1675-4-1-3-1,74,G
1675-4-1-4-1,74,G
1675-4-1-5-1,74,G
1675-4-2-1-1,74,G
1675-4-2-2-1,74,G
1675-4-2-3-1,74,G
1675-4-2-4-1,74,G
1675-4-2-5-1,74,G
1675-4-3-1-1,74,G
1675-4-3-2-1,74,G
1675-4-3-3-1,74,G
1675-4-3-4-1,74,G
1675-4-3-5-1,74,G
1675-4-4-1-1,74,G
1675-4-4-2-1,74,G
1675-4-4-3-1,74,G
1675-4-4-4-1,74,G
1675-4-1-7-1,74,G
1675-4-1-8-1,74,G
1675-4-1-9-1,74,G
1675-4-1-a-1,74,G
1675-4-2-6-1,74,G
1675-4-2-7-1,74,G
1675-4-2-8-1,74,G
1675-4-2-9-1,74,G
1675-4-2-a-1,74,G
1675-4-3-6-1,74,G
1675-4-3-7-1,74,G
1675-4-3-8-1,74,G
1675-4-3-9-1,74,G
1675-4-3-a-1,74,G
1675-4-4-6-1,74,G
1675-4-4-7-1,74,G
1675-4-4-8-1,74,G
1675-4-1-e-1,74,G
1675-4-1-f-1,74,G
1675-4-2-b-1,74,G
1675-4-2-c-1,74,G
1675-4-2-d-1,74,G
1675-4-2-e-1,74,G
1675-4-2-f-1,74,G
1675-4-3-b-1,74,G
1675-4-3-c-1,74,G
1675-4-3-d-1,74,G
1675-4-3-e-1,74,G
1675-4-3-f-1,74,G
1675-4-4-b-1,74,G
1675-4-4-c-1,74,G
1675-4-2-10-1,74,G
1675-4-2-11-1,74,G
1675-4-2-12-1,74,G
1675-4-2-13-1,74,G
1675-4-2-14-1,74,G
1675-4-3-10-1,74,G
1675-4-3-11-1,74,G
1675-4-3-12-1,74,G
1675-4-3-13-1,74,G
1675-4-3-14-1,74,G
1675-4-4-10-1,74,G
1675-4-2-16-1,74,G
1675-4-2-17-1,74,G
1675-4-2-18-1,74,G
1675-4-2-19-1,74,G
1675-4-3-15-1,74,G
1675-4-3-16-1,74,G
1675-4-3-17-1,74,G
1675-4-3-18-1,74,G
1675-4-3-19-1,74,G
1675-4-7-4-1,74,G
1675-4-7-5-1,74,G
1675-4-8-1-1,74,G
1675-4-8-2-1,74,G
1544-3-13-c-1,75,G
1544-3-13-11-3,75,G
1544-3-13-12-3,75,G
1544-3-13-16-3,75,G
1544-3-13-17-3,75,G
1544-3-13-18-3,75,G
1544-3-17-a-2,75,G
1544-3-18-7-1,75,G
1544-3-18-8-1,75,G
1544-3-18-9-1,75,G
1544-3-17-e-2,75,G
1544-3-17-f-2,75,G
1544-3-18-c-1,75,G
1544-3-18-d-1,75,G
1544-3-18-e-1,75,G
1544-3-17-12-2,75,G
1544-3-17-13-2,75,G
1544-3-17-14-2,75,G
1544-3-18-11-1,75,G
1544-3-18-12-1,75,G
1544-3-18-13-1,75,G
1544-3-18-14-2,75,G
1544-3-17-16-3,75,G
1544-3-17-17-4,75,G
1544-3-17-18-4,75,G
1544-3-17-19-4,75,G
1544-3-18-16-3,75,G
1544-3-18-17-3,75,G
1544-3-18-18-3,75,G
1544-3-18-19-4,75,G
1544-3-19-15-4,75,G
1610-1-3-1-3,75,G
1610-1-3-2-3,75,G
1610-1-3-3-4,75,G
1610-1-3-4-4,75,G
1610-1-3-5-4,75,G
1610-1-4-2-3,75,G
1610-1-4-3-3,75,G
1610-1-4-4-3,75,G
1610-1-4-5-4,75,G
1610-1-5-1-4,75,G
1610-1-2-a-3,75,G
1610-1-3-6-3,75,G
1610-1-3-7-3,75,G
1610-1-3-8-4,75,G
1610-1-3-9-4,75,G
1610-1-3-a-4,75,G
1610-1-4-7-3,75,G
1610-1-4-8-3,75,G
1610-1-4-9-3,75,G
1610-1-4-a-4,75,G
1610-1-5-6-4,75,G
1610-1-2-12-2,75,G
1610-1-2-14-1,75,G
1610-1-3-10-1,75,G
1610-1-3-11-1,75,G
1610-1-3-12-2,75,G
1610-1-3-13-2,75,G
1610-1-3-14-2,75,G
1610-1-4-11-1,75,G
1610-1-4-12-1,75,G
1610-1-4-13-1,75,G
1610-1-4-14-2,75,G
1610-1-5-10-2,75,G
1610-1-5-12-1,75,G
1610-1-2-16-2,75,G
1610-1-2-17-2,75,G
1610-1-2-19-1,75,G
1610-1-3-15-1,75,G
1610-1-3-16-1,75,G
1610-1-3-17-2,75,G
1610-1-3-18-2,75,G
1610-1-3-19-2,75,G
1610-1-4-16-1,75,G
1610-1-4-17-1,75,G
1610-1-4-18-1,75,G
1610-1-4-19-2,75,G
1610-1-5-15-2,75,G
1610-1-5-17-1,75,G
1610-1-5-18-1,75,G
1610-1-7-1-1,75,G
1610-1-7-2-2,75,G
1610-1-7-3-2,75,G
1610-1-7-5-1,75,G
1610-1-8-1-1,75,G
1610-1-8-2-1,75,G
1610-1-8-3-2,75,G
1610-1-8-4-2,75,G
1610-1-8-5-2,75,G
1610-1-9-2-1,75,G
1610-1-9-3-1,75,G
1610-1-9-4-1,75,G
1610-1-9-5-2,75,G
1610-1-a-1-2,75,G
1610-1-a-3-1,75,G
1610-1-a-4-1,75,G
1610-1-6-a-3,75,G
1610-1-7-6-3,75,G
1610-1-7-7-4,75,G
1610-1-7-8-4,75,G
1610-1-7-a-3,75,G
1610-1-8-6-3,75,G
1610-1-8-7-3,75,G
1610-1-8-8-4,75,G
1610-1-8-9-4,75,G
1610-1-8-a-4,75,G
1610-1-9-7-3,75,G
1610-1-9-8-3,75,G
1610-1-9-9-3,75,G
1610-1-9-a-4,75,G
1610-1-a-6-4,75,G
1610-1-a-8-3,75,G
1610-1-a-9-3,75,G
1610-1-a-a-3,75,G
1610-1-6-e-3,75,G
1610-1-6-f-3,75,G
1610-1-7-b-3,75,G
1610-1-7-c-4,75,G
1610-1-7-d-4,75,G
1610-1-7-f-3,75,G
1610-1-8-b-3,75,G
1610-1-8-c-3,75,G
1610-1-8-d-4,75,G
1610-1-8-e-4,75,G
1610-1-8-f-4,75,G
1610-1-9-c-3,75,G
1610-1-9-d-3,75,G
1610-1-9-e-3,75,G
1610-1-9-f-4,75,G
1610-1-a-b-4,75,G
1610-1-a-d-3,75,G
1610-1-a-e-3,75,G
1610-1-a-f-3,75,G
1610-1-6-16-2,75,G
1610-1-6-18-1,75,G
1610-1-6-19-1,75,G
1610-1-7-15-1,75,G
1610-1-7-16-2,75,G
1610-1-7-17-2,75,G
1610-1-7-19-1,75,G
1610-1-8-15-1,75,G
1610-1-8-16-1,75,G
1610-1-8-17-2,75,G
1610-1-8-18-2,75,G
1610-1-8-19-2,75,G
1610-1-9-16-1,75,G
1610-1-9-17-1,75,G
1610-1-9-18-1,75,G
1610-1-9-19-2,75,G
1610-1-a-15-2,75,G
1610-1-a-17-1,75,G
1610-1-a-18-1,75,G
1610-1-a-19-1,75,G
1610-1-b-2-2,75,G
1610-1-b-4-1,75,G
1610-1-b-5-1,75,G
1610-1-c-1-1,75,G
1610-1-c-2-2,75,G
1610-1-c-3-2,75,G
1610-1-c-5-1,75,G
1610-1-d-1-1,75,G
1610-1-d-2-1,75,G
1610-1-d-3-2,75,G
1610-1-d-4-2,75,G
1610-1-d-5-2,75,G
1610-1-e-2-1,75,G
1610-1-e-3-1,75,G
1610-1-e-4-1,75,G
1610-1-e-5-2,75,G
1610-1-f-1-2,75,G
1610-1-f-3-1,75,G
1610-1-f-4-1,75,G
1610-1-f-5-1,75,G
1610-2-b-1-2,75,G
1610-1-b-6-2,75,G
1610-1-b-7-2,75,G
1610-1-b-9-1,75,G
1610-1-b-a-1,75,G
1610-1-c-6-1,75,G
1610-1-c-7-2,75,G
1610-1-c-8-2,75,G
1610-1-c-a-1,75,G
1610-1-d-6-1,75,G
1610-1-d-7-1,75,G
1610-1-d-8-2,75,G
1610-1-d-9-2,75,G
1610-1-d-a-2,75,G
1610-1-e-7-1,75,G
1610-1-e-8-1,75,G
1610-1-e-9-1,75,G
1610-1-e-a-2,75,G
1610-1-f-6-2,75,G
1610-1-f-8-1,75,G
1610-1-f-9-1,75,G
1610-1-f-a-1,75,G
1610-2-b-6-2,75,G
1610-1-b-b-4,75,G
1610-1-b-c-4,75,G
1610-1-b-e-3,75,G
1610-1-b-f-3,75,G
1610-1-c-b-3,75,G
1610-1-c-c-4,75,G
1610-1-c-d-4,75,G
1610-1-c-f-3,75,G
1610-1-d-b-3,75,G
1610-1-d-c-3,75,G
1610-1-d-d-4,75,G
1610-1-d-e-4,75,G
1610-1-d-f-4,75,G
1610-1-e-c-3,75,G
1610-1-e-d-3,75,G
1610-1-e-e-3,75,G
1610-1-e-f-4,75,G
1610-1-f-b-4,75,G
1610-1-f-d-3,75,G
1610-1-f-e-3,75,G
1610-1-f-f-3,75,G
1610-2-b-b-4,75,G
1610-2-b-c-4,75,G
1609-2-f-14-4,75,G
1610-1-b-10-4,75,G
1610-1-b-11-4,75,G
1610-1-b-13-3,75,G
1610-1-b-14-3,75,G
1610-1-c-10-3,75,G
1610-1-c-11-4,75,G
1610-1-c-12-4,75,G
1610-1-c-14-3,75,G
1610-1-d-10-3,75,G
1610-1-d-11-3,75,G
1610-1-d-12-4,75,G
1610-1-d-13-4,75,G
1610-1-d-14-4,75,G
1610-1-e-11-3,75,G
1610-1-e-12-3,75,G
1610-1-e-13-3,75,G
1610-1-e-14-4,75,G
1610-1-f-10-4,75,G
1610-1-f-12-3,75,G
1610-1-f-13-3,75,G
1610-1-f-14-3,75,G
1610-2-b-10-4,75,G
1610-2-b-11-4,75,G
1609-2-f-19-4,75,G
1610-1-b-15-4,75,G
1610-1-b-16-4,75,G
1610-1-b-18-3,75,G
1610-1-b-19-3,75,G
1610-1-c-15-3,75,G
1610-1-c-16-4,75,G
1610-1-c-17-4,75,G
1610-1-c-19-3,75,G
1610-1-d-15-3,75,G
1610-1-d-16-3,75,G
1610-1-d-17-4,75,G
1610-1-d-18-4,75,G
1610-1-d-19-4,75,G
1610-1-e-16-3,75,G
1610-1-e-17-3,75,G
1610-1-e-18-3,75,G
1610-1-e-19-4,75,G
1610-1-f-15-4,75,G
1610-1-f-17-3,75,G
1610-1-f-18-3,75,G
1610-1-f-19-3,75,G
1610-2-b-15-4,75,G
1610-2-b-16-4,75,G
1609-2-14-a-2,75,G
1610-1-10-6-2,75,G
1610-1-10-7-2,75,G
1610-1-10-9-1,75,G
1610-1-10-a-1,75,G
1610-1-11-6-1,75,G
1610-1-11-7-2,75,G
1610-1-11-8-2,75,G
1610-1-11-a-1,75,G
1610-1-12-6-1,75,G
1610-1-12-7-1,75,G
1610-1-12-8-2,75,G
1610-1-12-9-2,75,G
1610-1-12-a-2,75,G
1610-1-13-7-1,75,G
1610-1-13-8-1,75,G
1610-1-13-9-1,75,G
1610-1-13-a-2,75,G
1610-1-14-6-2,75,G
1610-1-14-8-1,75,G
1610-1-14-9-1,75,G
1610-1-14-a-1,75,G
1610-2-10-6-2,75,G
1610-2-10-7-2,75,G
1610-2-10-8-2,75,G
1609-2-14-e-1,75,G
1609-2-14-f-2,75,G
1610-1-10-b-2,75,G
1610-1-10-c-2,75,G
1610-1-10-e-1,75,G
1610-1-10-f-1,75,G
1610-1-11-b-1,75,G
1610-1-11-c-2,75,G
1610-1-11-d-2,75,G
1610-1-11-f-1,75,G
1610-1-12-b-1,75,G
1610-1-12-c-1,75,G
1610-1-12-d-2,75,G
1610-1-12-e-2,75,G
1610-1-12-f-2,75,G
1610-1-13-c-1,75,G
1610-1-13-d-1,75,G
1610-1-13-e-1,75,G
1610-1-13-f-2,75,G
1610-1-14-b-2,75,G
1610-1-14-d-1,75,G
1610-1-14-e-1,75,G
1610-1-14-f-1,75,G
1610-2-10-b-2,75,G
1610-2-10-c-2,75,G
1610-2-10-d-2,75,G
1609-2-14-13-1,75,G
1609-2-14-14-2,75,G
1610-1-10-10-2,75,G
1610-1-10-11-2,75,G
1610-1-10-13-1,75,G
1610-1-10-14-1,75,G
1610-1-11-10-1,75,G
1610-1-11-11-2,75,G
1610-1-11-12-2,75,G
1610-1-11-14-1,75,G
1610-1-12-10-1,75,G
1610-1-12-11-1,75,G
1610-1-12-12-2,75,G
1610-1-12-13-2,75,G
1610-1-12-14-2,75,G
1610-1-13-11-1,75,G
1610-1-13-12-1,75,G
1610-1-13-13-1,75,G
1610-1-13-14-2,75,G
1610-1-14-10-2,75,G
1610-1-14-12-1,75,G
1610-1-14-13-1,75,G
1610-1-14-14-1,75,G
1610-2-10-10-2,75,G
1610-2-10-11-2,75,G
1610-2-10-12-2,75,G
1609-2-14-18-3,75,G
1609-2-14-19-4,75,G
1610-1-10-15-4,75,G
1610-1-10-16-4,75,G
1610-1-10-18-3,75,G
1610-1-10-19-3,75,G
1610-1-11-15-3,75,G
1610-1-11-16-4,75,G
1610-1-11-17-4,75,G
1610-1-11-19-3,75,G
1610-1-12-15-3,75,G
1610-1-12-16-3,75,G
1610-1-12-17-4,75,G
1610-1-12-18-4,75,G
1610-1-12-19-4,75,G
1610-1-13-16-3,75,G
1610-1-13-17-3,75,G
1610-1-13-18-3,75,G
1610-1-13-19-4,75,G
1610-1-14-15-4,75,G
1610-1-14-17-3,75,G
1610-1-14-18-3,75,G
1610-1-14-19-3,75,G
1610-2-10-15-4,75,G
1610-2-10-16-4,75,G
1610-2-10-17-4,75,G
1610-2-10-19-3,75,G
1609-2-19-4-3,75,G
1609-2-19-5-4,75,G
1610-1-15-1-4,75,G
1610-1-15-2-4,75,G
1610-1-15-4-3,75,G
1610-1-15-5-3,75,G
1610-1-16-1-3,75,G
1610-1-16-2-4,75,G
1610-1-16-3-4,75,G
1610-1-16-5-3,75,G
1610-1-17-1-3,75,G
1610-1-17-2-3,75,G
1610-1-17-3-4,75,G
1610-1-17-4-4,75,G
1610-1-17-5-4,75,G
1610-1-18-2-3,75,G
1610-1-18-3-3,75,G
1610-1-18-4-3,75,G
1610-1-18-5-4,75,G
1610-1-19-1-4,75,G
1610-1-19-3-3,75,G
1610-1-19-4-3,75,G
1610-1-19-5-3,75,G
1610-2-15-1-4,75,G
1610-2-15-2-4,75,G
1610-2-15-3-4,75,G
1610-2-15-5-3,75,G
1609-2-19-e-1,75,G
1609-2-19-f-2,75,G
1610-1-15-b-2,75,G
1610-1-15-c-2,75,G
1610-1-15-e-1,75,G
1610-1-15-f-1,75,G
1610-1-16-b-1,75,G
1610-1-16-c-2,75,G
1610-1-16-d-2,75,G
1610-1-16-f-1,75,G
1610-1-17-b-1,75,G
1610-1-17-c-1,75,G
1610-1-17-d-2,75,G
1610-1-17-e-2,75,G
1610-1-17-f-2,75,G
1610-1-18-c-1,75,G
1610-1-18-d-1,75,G
1610-1-18-e-1,75,G
1610-1-18-f-2,75,G
1610-1-19-b-2,75,G
1610-1-19-d-1,75,G
1610-1-19-e-1,75,G
1610-1-19-f-1,75,G
1610-2-15-b-2,75,G
1610-2-15-c-2,75,G
1610-2-15-d-2,75,G
1610-2-15-f-1,75,G
1609-2-19-13-1,75,G
1609-2-19-14-2,75,G
1610-1-15-10-2,75,G
1610-1-15-11-2,75,G
1610-1-15-13-1,75,G
1610-1-15-14-1,75,G
1610-1-16-10-1,75,G
1610-1-16-11-2,75,G
1610-1-16-12-2,75,G
1610-1-16-14-1,75,G
1610-1-17-10-1,75,G
1610-1-17-11-1,75,G
1610-1-17-12-2,75,G
1610-1-17-13-2,75,G
1610-1-17-14-2,75,G
1610-1-18-11-1,75,G
1610-1-18-12-1,75,G
1610-1-18-13-1,75,G
1610-1-18-14-2,75,G
1610-1-19-10-2,75,G
1610-1-19-12-1,75,G
1610-1-19-13-1,75,G
1610-1-19-14-1,75,G
1610-2-15-10-2,75,G
1610-2-15-11-2,75,G
1610-2-15-12-2,75,G
1610-2-15-14-1,75,G
1609-2-19-17-1,75,G
1609-2-19-18-1,75,G
1609-2-19-19-2,75,G
1610-1-15-15-2,75,G
1610-1-15-16-2,75,G
1610-1-15-18-1,75,G
1610-1-15-19-1,75,G
1610-1-16-15-1,75,G
1610-1-16-16-2,75,G
1610-1-16-17-2,75,G
1610-1-16-19-1,75,G
1610-1-17-15-1,75,G
1610-1-17-16-1,75,G
1610-1-17-17-2,75,G
1610-1-17-18-2,75,G
1610-1-17-19-2,75,G
1610-1-18-16-1,75,G
1610-1-18-17-1,75,G
1610-1-18-18-1,75,G
1610-1-18-19-2,75,G
1610-1-19-15-2,75,G
1610-1-19-17-1,75,G
1610-1-19-18-1,75,G
1610-1-19-19-1,75,G
1610-2-15-15-2,75,G
1610-2-15-16-2,75,G
1610-2-15-17-2,75,G
1610-2-15-19-1,75,G
1609-4-5-3-3,75,G
1609-4-5-4-3,75,G
1609-4-5-5-4,75,G
1610-3-1-1-4,75,G
1610-3-1-2-4,75,G
1610-3-1-4-3,75,G
1610-3-1-5-3,75,G
1610-3-2-1-3,75,G
1610-3-2-2-4,75,G
1610-3-2-3-4,75,G
1610-3-2-5-3,75,G
1610-3-3-1-3,75,G
1610-3-3-2-3,75,G
1610-3-3-3-4,75,G
1610-3-3-4-4,75,G
1610-3-3-5-4,75,G
1610-3-4-2-3,75,G
1610-3-4-3-3,75,G
1610-3-4-4-3,75,G
1610-3-4-5-4,75,G
1610-3-5-1-4,75,G
1610-3-5-3-3,75,G
1610-3-5-4-3,75,G
1610-3-5-5-3,75,G
1610-4-1-1-4,75,G
1610-4-1-2-4,75,G
1610-4-1-3-4,75,G
1610-4-1-5-3,75,G
1609-4-5-8-3,75,G
1609-4-5-9-3,75,G
1609-4-5-a-4,75,G
1610-3-1-6-4,75,G
1610-3-1-7-4,75,G
1610-3-1-9-3,75,G
1610-3-1-a-3,75,G
1610-3-2-6-3,75,G
1610-3-2-7-4,75,G
1610-3-2-8-4,75,G
1610-3-2-a-3,75,G
1610-3-3-6-3,75,G
1610-3-3-7-3,75,G
1610-3-3-8-4,75,G
1610-3-3-9-4,75,G
1610-3-3-a-4,75,G
1610-3-4-7-3,75,G
1610-3-4-8-3,75,G
1610-3-4-9-3,75,G
1610-3-4-a-4,75,G
1610-3-5-6-4,75,G
1610-3-5-8-3,75,G
1610-3-5-9-3,75,G
1610-3-5-a-3,75,G
1610-4-1-6-4,75,G
1610-4-1-7-4,75,G
1610-4-1-8-4,75,G
1610-4-1-a-3,75,G
1609-4-5-d-3,75,G
1609-4-5-e-3,75,G
1609-4-5-f-4,75,G
1610-3-1-b-4,75,G
1610-3-1-c-4,75,G
1610-3-1-e-3,75,G
1610-3-1-f-3,75,G
1610-3-2-b-3,75,G
1610-3-2-c-4,75,G
1610-3-2-d-4,75,G
1610-3-2-f-3,75,G
1610-3-3-b-3,75,G
1610-3-3-c-3,75,G
1610-3-3-d-4,75,G
1610-3-3-e-4,75,G
1610-3-3-f-4,75,G
1610-3-4-c-3,75,G
1610-3-4-d-3,75,G
1610-3-4-e-3,75,G
1610-3-4-f-4,75,G
1610-3-5-b-4,75,G
1610-3-5-d-3,75,G
1610-3-5-e-3,75,G
1610-3-5-f-3,75,G
1610-4-1-b-4,75,G
1610-4-1-c-4,75,G
1610-4-1-d-4,75,G
1610-4-1-f-3,75,G
1609-4-5-16-1,75,G
1609-4-5-17-1,75,G
1609-4-5-18-1,75,G
1609-4-5-19-2,75,G
1610-3-1-15-2,75,G
1610-3-1-16-2,75,G
1610-3-1-18-1,75,G
1610-3-1-19-1,75,G
1610-3-2-15-1,75,G
1610-3-2-16-2,75,G
1610-3-2-17-2,75,G
1610-3-2-19-1,75,G
1610-3-3-15-1,75,G
1610-3-3-16-1,75,G
1610-3-3-17-2,75,G
1610-3-3-18-2,75,G
1610-3-3-19-2,75,G
1610-3-4-16-1,75,G
1610-3-4-17-1,75,G
1610-3-4-18-1,75,G
1610-3-4-19-2,75,G
1610-3-5-15-2,75,G
1610-3-5-17-1,75,G
1610-3-5-18-1,75,G
1610-3-5-19-1,75,G
1610-4-1-15-2,75,G
1610-4-1-16-2,75,G
1610-4-1-17-2,75,G
1610-4-1-19-1,75,G
1609-4-a-2-1,75,G
1609-4-a-3-1,75,G
1609-4-a-4-1,75,G
1609-4-a-5-2,75,G
1610-3-6-1-2,75,G
1610-3-6-2-2,75,G
1610-3-6-4-1,75,G
1610-3-6-5-1,75,G
1610-3-7-1-1,75,G
1610-3-7-2-2,75,G
1610-3-7-3-2,75,G
1610-3-7-5-1,75,G
1610-3-8-1-1,75,G
1610-3-8-2-1,75,G
1610-3-8-3-2,75,G
1610-3-8-4-2,75,G
1610-3-8-5-2,75,G
1610-3-9-2-1,75,G
1610-3-9-3-1,75,G
1610-3-9-4-1,75,G
1610-3-9-5-2,75,G
1610-3-a-1-2,75,G
1610-3-a-3-1,75,G
1610-3-a-4-1,75,G
1610-3-a-5-1,75,G
1610-4-6-1-2,75,G
1610-4-6-2-2,75,G
1610-4-6-3-2,75,G
1610-4-6-5-1,75,G
1609-4-9-a-2,75,G
1609-4-a-7-1,75,G
1609-4-a-8-1,75,G
1609-4-a-9-1,75,G
1609-4-a-a-2,75,G
1610-3-6-6-2,75,G
1610-3-6-7-2,75,G
1610-3-6-9-1,75,G
1610-3-6-a-1,75,G
1610-3-7-6-1,75,G
1610-3-7-7-2,75,G
1610-3-7-8-2,75,G
1610-3-7-a-1,75,G
1610-3-8-6-1,75,G
1610-3-8-7-1,75,G
1610-3-8-8-2,75,G
1610-3-8-9-2,75,G
1610-3-8-a-2,75,G
1610-3-9-7-1,75,G
1610-3-9-8-1,75,G
1610-3-9-9-1,75,G
1610-3-9-a-2,75,G
1610-3-a-6-2,75,G
1610-3-a-8-1,75,G
1610-3-a-9-1,75,G
1610-3-a-a-1,75,G
1610-4-6-6-2,75,G
1610-4-6-7-2,75,G
1610-4-6-8-2,75,G
1610-4-6-a-1,75,G
1609-4-9-f-4,75,G
1609-4-a-c-3,75,G
1609-4-a-d-3,75,G
1609-4-a-e-3,75,G
1609-4-a-f-4,75,G
1610-3-6-b-4,75,G
1610-3-6-c-4,75,G
1610-3-6-e-3,75,G
1610-3-6-f-3,75,G
1610-3-7-b-3,75,G
1610-3-7-c-4,75,G
1610-3-7-d-4,75,G
1610-3-7-f-3,75,G
1610-3-8-b-3,75,G
1610-3-8-c-3,75,G
1610-3-8-d-4,75,G
1610-3-8-e-4,75,G
1610-3-8-f-4,75,G
1610-3-9-c-3,75,G
1610-3-9-d-3,75,G
1610-3-9-e-3,75,G
1610-3-9-f-4,75,G
1610-3-a-b-4,75,G
1610-3-a-d-3,75,G
1610-3-a-e-3,75,G
1610-3-a-f-3,75,G
1610-4-6-b-4,75,G
1610-4-6-c-4,75,G
1610-4-6-d-4,75,G
1610-4-6-f-3,75,G
1609-4-9-13-4,75,G
1609-4-9-14-4,75,G
1609-4-a-11-3,75,G
1609-4-a-12-3,75,G
1609-4-a-13-3,75,G
1609-4-a-14-4,75,G
1610-3-6-10-4,75,G
1610-3-6-11-4,75,G
1610-3-6-13-3,75,G
1610-3-6-14-3,75,G
1610-3-7-10-3,75,G
1610-3-7-11-4,75,G
1610-3-7-12-4,75,G
1610-3-7-14-3,75,G
1610-3-8-10-3,75,G
1610-3-8-11-3,75,G
1610-3-8-12-4,75,G
1610-3-8-13-4,75,G
1610-3-8-14-4,75,G
1610-3-9-11-3,75,G
1610-3-9-12-3,75,G
1610-3-9-13-3,75,G
1610-3-9-14-4,75,G
1610-3-a-10-4,75,G
1610-3-a-12-3,75,G
1610-3-a-13-3,75,G
1610-3-a-14-3,75,G
1610-4-6-10-4,75,G
1610-4-6-11-4,75,G
1610-4-6-12-4,75,G
1609-4-e-4-2,75,G
1609-4-e-5-2,75,G
1609-4-f-2-1,75,G
1609-4-f-3-1,75,G
1609-4-f-4-1,75,G
1609-4-f-5-2,75,G
1610-3-b-1-2,75,G
1610-3-b-2-2,75,G
1610-3-b-4-1,75,G
1610-3-b-5-1,75,G
1610-3-c-1-1,75,G
1610-3-c-2-2,75,G
1610-3-c-3-2,75,G
1610-3-c-5-1,75,G
1610-3-d-1-1,75,G
1610-3-d-2-1,75,G
1610-3-d-3-2,75,G
1610-3-d-4-2,75,G
1610-3-d-5-2,75,G
1610-3-e-2-1,75,G
1610-3-e-3-1,75,G
1610-3-e-4-1,75,G
1610-3-e-5-2,75,G
1610-3-f-1-2,75,G
1610-3-f-3-1,75,G
1610-3-f-4-1,75,G
1610-3-f-5-1,75,G
1610-4-b-1-2,75,G
1610-4-b-2-2,75,G
1610-4-b-3-2,75,G
1609-4-e-8-1,75,G
1609-4-e-9-2,75,G
1609-4-e-a-2,75,G
1609-4-f-7-1,75,G
1609-4-f-8-1,75,G
1609-4-f-9-1,75,G
1609-4-f-a-2,75,G
1610-3-b-6-2,75,G
1610-3-b-7-2,75,G
1610-3-b-9-1,75,G
1610-3-b-a-1,75,G
1610-3-c-6-1,75,G
1610-3-c-7-2,75,G
1610-3-c-8-2,75,G
1610-3-c-a-1,75,G
1610-3-d-6-1,75,G
1610-3-d-7-1,75,G
1610-3-d-8-2,75,G
1610-3-d-9-2,75,G
1610-3-d-a-2,75,G
1610-3-e-7-1,75,G
1610-3-e-8-1,75,G
1610-3-e-9-1,75,G
1610-3-e-a-2,75,G
1610-3-f-6-2,75,G
1610-3-f-8-1,75,G
1610-3-f-9-1,75,G
1610-3-f-a-1,75,G
1610-4-b-6-2,75,G
1610-4-b-7-2,75,G
1610-4-b-8-2,75,G
1609-4-e-d-1,75,G
1609-4-e-e-2,75,G
1609-4-e-f-2,75,G
1609-4-f-c-1,75,G
1609-4-f-d-1,75,G
1609-4-f-e-1,75,G
1609-4-f-f-2,75,G
1610-3-b-b-2,75,G
1610-3-b-c-2,75,G
1610-3-b-e-1,75,G
1610-3-b-f-1,75,G
1610-3-c-b-1,75,G
1610-3-c-c-2,75,G
1610-3-c-d-2,75,G
1610-3-c-f-1,75,G
1610-3-d-b-1,75,G
1610-3-d-c-1,75,G
1610-3-d-d-2,75,G
1610-3-d-e-2,75,G
1610-3-d-f-2,75,G
1610-3-e-c-1,75,G
1610-3-e-d-1,75,G
1610-3-e-e-1,75,G
1610-3-e-f-2,75,G
1610-3-f-b-2,75,G
1610-3-f-d-1,75,G
1610-3-f-e-1,75,G
1610-3-f-f-1,75,G
1610-4-b-b-2,75,G
1610-4-b-c-2,75,G
1610-4-b-d-2,75,G
1609-4-e-11-3,75,G
1609-4-e-12-3,75,G
1609-4-e-13-4,75,G
1609-4-e-14-4,75,G
1609-4-f-11-3,75,G
1609-4-f-12-3,75,G
1609-4-f-13-3,75,G
1609-4-f-14-4,75,G
1610-3-b-10-4,75,G
1610-3-b-11-4,75,G
1610-3-b-13-3,75,G
1610-3-b-14-3,75,G
1610-3-c-10-3,75,G
1610-3-c-11-4,75,G
1610-3-c-12-4,75,G
1610-3-c-14-3,75,G
1610-3-d-10-3,75,G
1610-3-d-11-3,75,G
1610-3-d-12-4,75,G
1610-3-d-13-4,75,G
1610-3-d-14-4,75,G
1610-3-e-11-3,75,G
1610-3-e-12-3,75,G
1610-3-e-13-3,75,G
1610-3-e-14-4,75,G
1610-3-f-10-4,75,G
1610-3-f-12-3,75,G
1610-3-f-13-3,75,G
1610-3-f-14-3,75,G
1610-4-b-10-4,75,G
1610-4-b-11-4,75,G
1609-4-e-15-3,75,G
1609-4-e-16-3,75,G
1609-4-e-17-3,75,G
1609-4-e-18-4,75,G
1609-4-e-19-4,75,G
1609-4-f-16-3,75,G
1609-4-f-17-3,75,G
1609-4-f-18-3,75,G
1609-4-f-19-4,75,G
1610-3-b-15-4,75,G
1610-3-b-16-4,75,G
1610-3-b-18-3,75,G
1610-3-b-19-3,75,G
1610-3-c-15-3,75,G
1610-3-c-16-4,75,G
1610-3-c-17-4,75,G
1610-3-c-19-3,75,G
1610-3-d-15-3,75,G
1610-3-d-16-3,75,G
1610-3-d-17-4,75,G
1610-3-d-18-4,75,G
1610-3-d-19-4,75,G
1610-3-e-16-3,75,G
1610-3-e-17-3,75,G
1610-3-e-18-3,75,G
1610-3-e-19-4,75,G
1610-3-f-15-4,75,G
1610-3-f-17-3,75,G
1610-3-f-18-3,75,G
1610-3-f-19-3,75,G
1610-4-b-15-4,75,G
1610-4-b-16-4,75,G
1609-4-13-1-3,75,G
1609-4-13-2-3,75,G
1609-4-13-3-3,75,G
1609-4-13-4-4,75,G
1609-4-13-5-4,75,G
1609-4-14-2-3,75,G
1609-4-14-3-3,75,G
1609-4-14-4-3,75,G
1609-4-14-5-4,75,G
1610-3-10-1-4,75,G
1610-3-10-2-4,75,G
1610-3-10-4-3,75,G
1610-3-10-5-3,75,G
1610-3-11-1-3,75,G
1610-3-11-2-4,75,G
1610-3-11-3-4,75,G
1610-3-11-5-3,75,G
1610-3-12-1-3,75,G
1610-3-12-2-3,75,G
1610-3-12-3-4,75,G
1610-3-12-4-4,75,G
1610-3-12-5-4,75,G
1610-3-13-2-3,75,G
1610-3-13-3-3,75,G
1610-3-13-4-3,75,G
1610-3-13-5-4,75,G
1610-3-14-1-4,75,G
1610-3-14-3-3,75,G
1610-3-14-4-3,75,G
1610-3-14-5-3,75,G
1610-4-10-1-4,75,G
1609-4-12-e-2,75,G
1609-4-13-b-1,75,G
1609-4-13-c-1,75,G
1609-4-13-d-1,75,G
1609-4-13-e-2,75,G
1609-4-13-f-2,75,G
1609-4-14-c-1,75,G
1609-4-14-d-1,75,G
1609-4-14-e-1,75,G
1609-4-14-f-2,75,G
1610-3-10-b-2,75,G
1610-3-10-c-2,75,G
1610-3-10-e-1,75,G
1610-3-10-f-1,75,G
1610-3-11-b-1,75,G
1610-3-11-c-2,75,G
1610-3-11-d-2,75,G
1610-3-11-f-1,75,G
1610-3-12-b-1,75,G
1610-3-12-c-1,75,G
1610-3-12-d-2,75,G
1610-3-12-e-2,75,G
1610-3-12-f-2,75,G
1610-3-13-c-1,75,G
1610-3-13-d-1,75,G
1610-3-13-e-1,75,G
1610-3-13-f-2,75,G
1610-3-14-b-2,75,G
1610-3-14-d-1,75,G
1610-3-14-e-1,75,G
1610-3-14-f-1,75,G
1610-4-10-b-2,75,G
1609-4-12-11-2,75,G
1609-4-12-12-2,75,G
1609-4-12-13-2,75,G
1609-4-13-10-1,75,G
1609-4-13-11-1,75,G
1609-4-13-12-1,75,G
1609-4-13-13-2,75,G
1609-4-13-14-2,75,G
1609-4-14-11-1,75,G
1609-4-14-12-1,75,G
1609-4-14-13-1,75,G
1609-4-14-14-2,75,G
1610-3-10-10-2,75,G
1610-3-10-11-2,75,G
1610-3-10-13-1,75,G
1610-3-10-14-1,75,G
1610-3-11-10-1,75,G
1610-3-11-11-2,75,G
1610-3-11-12-2,75,G
1610-3-11-14-1,75,G
1610-3-12-10-1,75,G
1610-3-12-11-1,75,G
1610-3-12-12-2,75,G
1610-3-12-13-2,75,G
1610-3-12-14-2,75,G
1610-3-13-11-1,75,G
1610-3-13-12-1,75,G
1610-3-13-13-1,75,G
1610-3-13-14-2,75,G
1610-3-14-10-2,75,G
1610-3-14-12-1,75,G
1610-3-14-13-1,75,G
1610-3-14-14-1,75,G
1609-4-12-15-1,75,G
1609-4-12-16-2,75,G
1609-4-12-17-2,75,G
1609-4-12-18-2,75,G
1609-4-13-15-1,75,G
1609-4-13-16-1,75,G
1609-4-13-17-1,75,G
1609-4-13-18-2,75,G
1609-4-13-19-2,75,G
1609-4-14-16-1,75,G
1609-4-14-17-1,75,G
1609-4-14-18-1,75,G
1609-4-14-19-2,75,G
1610-3-10-15-2,75,G
1610-3-10-16-2,75,G
1610-3-10-18-1,75,G
1610-3-10-19-1,75,G
1610-3-11-15-1,75,G
1610-3-11-16-2,75,G
1610-3-11-17-2,75,G
1610-3-11-19-1,75,G
1610-3-12-15-1,75,G
1610-3-12-16-1,75,G
1610-3-12-17-2,75,G
1610-3-12-18-2,75,G
1610-3-12-19-2,75,G
1610-3-13-16-1,75,G
1610-3-13-17-1,75,G
1610-3-13-18-1,75,G
1610-3-13-19-2,75,G
1610-3-14-15-2,75,G
1610-3-14-17-1,75,G
1610-3-14-18-1,75,G
1610-3-14-19-1,75,G
1609-4-17-1-3,75,G
1609-4-17-2-4,75,G
1609-4-17-3-4,75,G
1609-4-17-4-4,75,G
1609-4-18-1-3,75,G
1609-4-18-2-3,75,G
1609-4-18-3-3,75,G
1609-4-18-4-4,75,G
1609-4-18-5-4,75,G
1609-4-19-2-3,75,G
1609-4-19-3-3,75,G
1609-4-19-4-3,75,G
1609-4-19-5-4,75,G
1610-3-15-1-4,75,G
1610-3-15-2-4,75,G
1610-3-15-4-3,75,G
1610-3-15-5-3,75,G
1610-3-16-1-3,75,G
1610-3-16-2-4,75,G
1610-3-16-3-4,75,G
1610-3-16-5-3,75,G
1610-3-17-1-3,75,G
1610-3-17-2-3,75,G
1610-3-17-3-4,75,G
1610-3-17-4-4,75,G
1610-3-17-5-4,75,G
1610-3-18-2-3,75,G
1610-3-18-3-3,75,G
1610-3-18-4-3,75,G
1610-3-18-5-4,75,G
1610-3-19-1-4,75,G
1610-3-19-3-3,75,G
1610-3-19-4-3,75,G
1610-3-19-5-3,75,G
1609-4-16-a-3,75,G
1609-4-17-6-3,75,G
1609-4-17-7-4,75,G
1609-4-17-8-4,75,G
1609-4-17-9-4,75,G
1609-4-18-6-3,75,G
1609-4-18-7-3,75,G
1609-4-18-8-3,75,G
1609-4-18-9-4,75,G
1609-4-18-a-4,75,G
1609-4-19-7-3,75,G
1609-4-19-8-3,75,G
1609-4-19-9-3,75,G
1609-4-19-a-4,75,G
1610-3-15-6-4,75,G
1610-3-15-7-4,75,G
1610-3-15-9-3,75,G
1610-3-15-a-3,75,G
1610-3-16-6-3,75,G
1610-3-16-7-4,75,G
1610-3-16-8-4,75,G
1610-3-16-a-3,75,G
1610-3-17-6-3,75,G
1610-3-17-7-3,75,G
1610-3-17-8-4,75,G
1610-3-17-9-4,75,G
1610-3-17-a-4,75,G
1610-3-18-7-3,75,G
1610-3-18-8-3,75,G
1610-3-18-9-3,75,G
1610-3-18-a-4,75,G
1610-3-19-6-4,75,G
1610-3-19-8-3,75,G
1610-3-19-9-3,75,G
1609-4-16-14-1,75,G
1609-4-17-10-1,75,G
1609-4-17-11-2,75,G
1609-4-17-12-2,75,G
1609-4-17-13-2,75,G
1609-4-18-10-1,75,G
1609-4-18-11-1,75,G
1609-4-18-12-1,75,G
1609-4-18-13-2,75,G
1609-4-18-14-2,75,G
1609-4-19-11-1,75,G
1609-4-19-12-1,75,G
1609-4-19-13-1,75,G
1609-4-19-14-2,75,G
1610-3-15-10-2,75,G
1610-3-15-11-2,75,G
1610-3-15-13-1,75,G
1610-3-15-14-1,75,G
1610-3-16-10-1,75,G
1610-3-16-11-2,75,G
1610-3-16-12-2,75,G
1610-3-16-14-1,75,G
1610-3-17-10-1,75,G
1610-3-17-11-1,75,G
1610-3-17-12-2,75,G
1610-3-17-13-2,75,G
1610-3-17-14-2,75,G
1610-3-18-11-1,75,G
1610-3-18-12-1,75,G
1610-3-18-13-1,75,G
1610-3-18-14-2,75,G
1610-3-19-10-2,75,G
1610-3-19-12-1,75,G
1609-4-16-18-1,75,G
1609-4-16-19-1,75,G
1609-4-17-15-1,75,G
1609-4-17-16-2,75,G
1609-4-17-17-2,75,G
1609-4-17-18-2,75,G
1609-4-18-15-1,75,G
1609-4-18-16-1,75,G
1609-4-18-17-1,75,G
1609-4-18-18-2,75,G
1609-4-18-19-2,75,G
1609-4-19-16-1,75,G
1609-4-19-17-1,75,G
1609-4-19-18-1,75,G
1609-4-19-19-2,75,G
1610-3-15-15-2,75,G
1610-3-15-16-2,75,G
1610-3-15-18-1,75,G
1610-3-15-19-1,75,G
1610-3-16-15-1,75,G
1610-3-16-16-2,75,G
1610-3-16-17-2,75,G
1610-3-16-19-1,75,G
1610-3-17-15-1,75,G
1610-3-17-16-1,75,G
1610-3-17-17-2,75,G
1610-3-17-18-2,75,G
1610-3-17-19-2,75,G
1610-3-18-16-1,75,G
1610-3-18-17-1,75,G
1610-3-18-18-1,75,G
1610-3-18-19-2,75,G
1610-3-19-15-2,75,G
1675-2-2-4-1,75,G
1675-2-2-5-1,75,G
1675-2-3-1-1,75,G
1675-2-3-2-2,75,G
1675-2-3-3-2,75,G
1675-2-3-4-2,75,G
1675-2-4-1-1,75,G
1675-2-4-2-1,75,G
1675-2-4-3-1,75,G
1675-2-4-4-2,75,G
1675-2-4-5-2,75,G
1675-2-5-2-1,75,G
1675-2-5-3-1,75,G
1675-2-5-4-1,75,G
1675-2-5-5-2,75,G
1676-1-1-1-2,75,G
1676-1-1-2-2,75,G
1676-1-1-4-1,75,G
1676-1-1-5-1,75,G
1676-1-2-1-1,75,G
1676-1-2-2-2,75,G
1676-1-2-3-2,75,G
1676-1-2-5-1,75,G
1676-1-3-1-1,75,G
1676-1-3-2-1,75,G
1676-1-3-3-2,75,G
1676-1-3-4-2,75,G
1676-1-3-5-2,75,G
1676-1-4-2-1,75,G
1676-1-4-3-1,75,G
1676-1-4-4-1,75,G
1676-1-4-5-2,75,G
1675-2-2-9-3,75,G
1675-2-2-a-3,75,G
1675-2-3-6-3,75,G
1675-2-3-7-4,75,G
1675-2-3-8-4,75,G
1675-2-3-9-4,75,G
1675-2-4-6-3,75,G
1675-2-4-7-3,75,G
1675-2-4-8-3,75,G
1675-2-4-9-4,75,G
1675-2-4-a-4,75,G
1675-2-5-7-3,75,G
1675-2-5-8-3,75,G
1675-2-5-9-3,75,G
1675-2-5-a-4,75,G
1676-1-1-6-4,75,G
1676-1-1-7-4,75,G
1676-1-1-9-3,75,G
1676-1-1-a-3,75,G
1676-1-2-6-3,75,G
1676-1-2-7-4,75,G
1676-1-2-8-4,75,G
1676-1-2-a-3,75,G
1676-1-3-6-3,75,G
1676-1-3-7-3,75,G
1676-1-3-8-4,75,G
1676-1-3-9-4,75,G
1676-1-3-a-4,75,G
1676-1-4-7-3,75,G
1676-1-4-8-3,75,G
1675-2-2-c-4,75,G
1675-2-2-e-3,75,G
1675-2-2-f-3,75,G
1675-2-3-b-3,75,G
1675-2-3-c-4,75,G
1675-2-3-d-4,75,G
1675-2-3-e-4,75,G
1675-2-4-b-3,75,G
1675-2-4-c-3,75,G
1675-2-4-d-3,75,G
1675-2-4-e-4,75,G
1675-2-4-f-4,75,G
1675-2-5-c-3,75,G
1675-2-5-d-3,75,G
1675-2-5-e-3,75,G
1675-2-5-f-4,75,G
1676-1-1-b-4,75,G
1676-1-1-c-4,75,G
1676-1-1-e-3,75,G
1676-1-1-f-3,75,G
1676-1-2-b-3,75,G
1676-1-2-c-4,75,G
1676-1-2-d-4,75,G
1676-1-2-f-3,75,G
1676-1-3-b-3,75,G
1676-1-3-c-3,75,G
1676-1-3-d-4,75,G
1676-1-3-e-4,75,G
1676-1-3-f-4,75,G
1675-2-2-11-4,75,G
1675-2-2-13-3,75,G
1675-2-2-14-3,75,G
1675-2-3-10-3,75,G
1675-2-3-11-4,75,G
1675-2-3-12-4,75,G
1675-2-3-13-4,75,G
1675-2-4-10-3,75,G
1675-2-4-11-3,75,G
1675-2-4-12-3,75,G
1675-2-4-13-4,75,G
1675-2-4-14-4,75,G
1675-2-5-11-3,75,G
1675-2-5-12-3,75,G
1675-2-5-13-3,75,G
1675-2-5-14-4,75,G
1676-1-1-10-4,75,G
1676-1-1-11-4,75,G
1676-1-1-13-3,75,G
1676-1-1-14-3,75,G
1676-1-2-10-3,75,G
1676-1-2-11-4,75,G
1676-1-2-12-4,75,G
1676-1-2-14-3,75,G
1676-1-3-10-3,75,G
1676-1-3-11-3,75,G
1675-2-7-2-2,75,G
1675-2-7-4-1,75,G
1675-2-7-5-1,75,G
1675-2-8-1-1,75,G
1675-2-8-2-2,75,G
1675-2-8-3-2,75,G
1675-2-8-4-2,75,G
1675-2-9-1-1,75,G
1675-2-9-2-1,75,G
1675-2-9-3-1,75,G
1675-2-9-4-2,75,G
1675-2-9-5-2,75,G
1675-2-a-2-1,75,G
1675-2-a-3-1,75,G
1675-2-a-4-1,75,G
1675-2-a-5-2,75,G
1676-1-6-1-2,75,G
1676-1-6-2-2,75,G
1676-1-6-4-1,75,G
1676-1-6-5-1,75,G
1676-1-7-1-1,75,G
1676-1-7-2-2,75,G
1676-1-7-3-2,75,G
1675-2-7-7-2,75,G
1675-2-7-9-1,75,G
1675-2-7-a-1,75,G
1675-2-8-6-1,75,G
1675-2-8-7-2,75,G
1675-2-8-8-2,75,G
1675-2-8-9-2,75,G
1675-2-9-6-1,75,G
1675-2-9-7-1,75,G
1675-2-9-8-1,75,G
1675-2-9-9-2,75,G
1675-2-9-a-2,75,G
1675-2-a-7-1,75,G
1675-2-a-8-1,75,G
1675-2-a-9-1,75,G
1675-2-a-a-2,75,G
1676-1-6-6-2,75,G
1676-1-6-7-2,75,G
1676-1-6-9-1,75,G
1676-1-6-a-1,75,G
1676-1-7-6-1,75,G
1675-2-7-c-2,75,G
1675-2-7-e-1,75,G
1675-2-7-f-1,75,G
1675-2-8-b-1,75,G
1675-2-8-c-2,75,G
1675-2-8-d-2,75,G
1675-2-8-e-2,75,G
1675-2-9-b-1,75,G
1675-2-9-c-1,75,G
1675-2-9-d-1,75,G
1675-2-9-e-2,75,G
1675-2-9-f-2,75,G
1675-2-a-c-1,75,G
1675-2-a-d-1,75,G
1675-2-a-e-1,75,G
1675-2-a-f-2,75,G
1676-1-6-b-2,75,G
1675-2-7-11-4,75,G
1675-2-7-13-3,75,G
1675-2-7-14-3,75,G
1675-2-8-10-3,75,G
1675-2-8-11-4,75,G
1675-2-8-12-4,75,G
1675-2-8-13-4,75,G
1675-2-9-10-3,75,G
1675-2-9-11-3,75,G
1675-2-9-12-3,75,G
1675-2-9-13-4,75,G
1675-2-9-14-4,75,G
1675-2-7-16-4,75,G
1675-2-7-18-3,75,G
1675-2-7-19-3,75,G
1675-2-8-15-3,75,G
1675-2-8-16-4,75,G
1675-2-8-17-4,75,G
1675-2-8-18-4,75,G
1675-2-9-15-3,75,G
1675-2-9-16-3,75,G
1675-2-9-17-3,75,G
1675-2-9-18-4,75,G
1675-2-c-7-2,75,G
1675-2-c-9-1,75,G
1675-2-c-a-1,75,G
1675-2-d-6-1,75,G
1675-2-d-7-2,75,G
1675-2-d-8-2,75,G
1675-2-d-9-2,75,G
1675-2-e-6-1,75,G
1675-2-e-7-1,75,G
1675-2-e-8-1,75,G
1675-2-c-c-2,75,G
1675-2-c-e-1,75,G
1675-2-c-f-1,75,G
1675-2-d-b-1,75,G
1675-2-d-c-2,75,G
1675-2-d-d-2,75,G
1675-2-d-e-2,75,G
1675-2-e-b-1,75,G
1675-2-e-c-1,75,G
1675-2-e-d-1,75,G
1675-2-c-13-1,75,G
1675-2-c-14-1,75,G
1675-2-d-10-1,75,G
1675-2-d-11-2,75,G
1675-2-d-12-2,75,G
1675-2-d-13-2,75,G
1675-2-e-10-1,75,G
1675-2-e-11-1,75,G
1675-2-e-12-1,75,G
1675-2-c-19-3,75,G
1675-2-d-15-3,75,G
1675-2-d-16-4,75,G
1675-2-d-17-4,75,G
1675-2-d-18-4,75,G
1675-2-e-15-3,75,G
1675-2-e-16-3,75,G
1675-2-e-17-3,75,G
1675-2-12-1-3,75,G
1675-2-12-2-4,75,G
1675-2-12-3-4,75,G
1675-2-12-4-4,75,G
1675-2-13-1-3,75,G
1675-2-13-2-3,75,G
1675-2-13-3-3,75,G
1675-2-12-7-4,75,G
1675-2-12-8-4,75,G
1675-2-12-9-4,75,G
1675-2-13-6-3,75,G
1675-2-13-7-3,75,G
1675-2-13-8-3,75,G
1675-2-12-11-2,75,G
1675-2-12-12-2,75,G
1675-2-12-13-2,75,G
1675-2-13-10-1,75,G
1675-2-13-11-1,75,G
1675-2-13-12-1,75,G
1675-2-12-17-2,75,G
1675-2-12-18-2,75,G
1675-2-13-15-1,75,G
1675-2-13-16-1,75,G
1675-2-17-3-2,75,G
1675-2-17-4-2,75,G
1675-2-18-1-1,75,G
1675-2-18-2-1,75,G
1675-2-17-9-4,75,G
1675-2-18-6-3,75,G
1546-3-14-17-2,76,G
1546-3-14-19-2,76,G
1546-4-10-16-2,76,G
1546-4-10-19-1,76,G
1546-3-19-6-3,76,G
1546-3-19-8-4,76,G
1546-3-19-a-4,76,G
1546-4-15-7-4,76,G
1546-4-15-a-3,76,G
1546-3-19-10-3,76,G
1546-3-19-12-4,76,G
1546-3-19-14-4,76,G
1546-4-15-11-4,76,G
1546-4-15-14-3,76,G
1612-1-4-9-1,76,G
1612-1-5-6-1,76,G
1612-1-5-8-2,76,G
1612-1-5-a-2,76,G
1612-2-1-7-2,76,G
1612-2-1-a-1,76,G
1612-2-2-7-1,76,G
1612-1-4-13-1,76,G
1612-1-5-10-1,76,G
1612-1-5-12-2,76,G
1612-1-5-14-2,76,G
1612-2-1-11-2,76,G
1612-2-1-14-1,76,G
1612-2-2-11-1,76,G
1612-1-6-1-2,76,G
1612-1-8-2-2,76,G
1612-1-9-4-1,76,G
1612-1-a-1-1,76,G
1612-1-a-3-2,76,G
1612-1-a-5-2,76,G
1612-2-6-2-2,76,G
1612-2-6-5-1,76,G
1612-2-7-2-1,76,G
1612-2-7-4-2,76,G
1612-2-8-1-2,76,G
1613-1-6-4-1,76,G
1613-1-7-3-2,76,G
1613-1-7-5-2,76,G
1613-1-8-3-1,76,G
1613-1-8-5-1,76,G
1613-1-9-2-1,76,G
1611-2-a-e-3,76,G
1612-1-6-b-4,76,G
1612-1-6-d-4,76,G
1612-1-7-b-3,76,G
1612-1-7-d-3,76,G
1612-1-7-f-3,76,G
1612-1-8-c-4,76,G
1612-1-9-b-4,76,G
1612-1-9-e-3,76,G
1612-1-a-b-3,76,G
1612-1-a-d-4,76,G
1612-1-a-f-4,76,G
1612-2-6-c-4,76,G
1612-2-6-f-3,76,G
1612-2-7-c-3,76,G
1612-2-7-e-4,76,G
1612-2-8-b-4,76,G
1612-2-8-d-4,76,G
1612-2-9-b-3,76,G
1612-2-9-d-3,76,G
1612-2-9-f-4,76,G
1612-2-a-c-4,76,G
1612-2-a-e-4,76,G
1613-1-6-c-3,76,G
1613-1-6-e-3,76,G
1613-1-7-b-4,76,G
1613-1-7-d-4,76,G
1613-1-7-f-4,76,G
1613-1-8-d-3,76,G
1613-1-8-f-3,76,G
1613-1-9-c-3,76,G
1613-1-9-e-4,76,G
1611-2-a-18-3,76,G
1612-1-6-15-4,76,G
1612-1-6-17-4,76,G
1612-1-7-15-3,76,G
1612-1-7-17-3,76,G
1612-1-7-19-3,76,G
1612-1-8-16-4,76,G
1612-1-8-18-4,76,G
1612-1-9-15-4,76,G
1612-1-9-18-3,76,G
1612-1-a-15-3,76,G
1612-1-a-17-4,76,G
1612-1-a-19-4,76,G
1612-2-6-16-4,76,G
1612-2-6-19-3,76,G
1612-2-7-16-3,76,G
1612-2-7-18-4,76,G
1612-2-8-15-4,76,G
1612-2-8-17-4,76,G
1612-2-9-15-3,76,G
1612-2-9-17-3,76,G
1612-2-9-19-4,76,G
1612-2-a-16-4,76,G
1612-2-a-18-4,76,G
1613-1-6-16-3,76,G
1613-1-6-18-3,76,G
1613-1-7-15-4,76,G
1613-1-7-17-4,76,G
1613-1-7-19-4,76,G
1613-1-8-17-3,76,G
1613-1-8-19-3,76,G
1613-1-9-16-3,76,G
1613-1-9-18-4,76,G
1613-1-a-15-4,76,G
1611-2-f-e-1,76,G
1612-1-b-b-2,76,G
1612-1-b-d-2,76,G
1612-1-c-b-1,76,G
1612-1-c-d-1,76,G
1612-1-c-f-1,76,G
1612-1-d-c-2,76,G
1612-1-d-e-2,76,G
1612-1-e-b-2,76,G
1612-1-e-e-1,76,G
1612-1-f-b-1,76,G
1612-1-f-d-2,76,G
1612-1-f-f-2,76,G
1612-2-b-c-2,76,G
1612-2-b-f-1,76,G
1612-2-c-c-1,76,G
1612-2-c-e-2,76,G
1612-2-d-b-2,76,G
1612-2-d-d-2,76,G
1612-2-e-b-1,76,G
1612-2-e-d-1,76,G
1612-2-e-f-2,76,G
1612-2-f-c-2,76,G
1612-2-f-e-2,76,G
1613-1-b-c-1,76,G
1613-1-b-e-1,76,G
1613-1-c-b-2,76,G
1613-1-c-d-2,76,G
1613-1-c-f-2,76,G
1613-1-d-d-1,76,G
1613-1-d-f-1,76,G
1613-1-e-c-1,76,G
1613-1-e-e-2,76,G
1613-1-f-b-2,76,G
1611-2-f-18-1,76,G
1612-1-b-15-2,76,G
1612-1-b-17-2,76,G
1612-1-c-15-1,76,G
1612-1-c-17-1,76,G
1612-1-c-19-1,76,G
1612-1-d-16-2,76,G
1612-1-d-18-2,76,G
1612-1-e-15-2,76,G
1612-1-e-18-1,76,G
1612-1-f-15-1,76,G
1612-1-f-17-2,76,G
1612-1-f-19-2,76,G
1612-2-b-16-2,76,G
1612-2-b-19-1,76,G
1612-2-c-16-1,76,G
1612-2-c-18-2,76,G
1612-2-d-15-2,76,G
1612-2-d-17-2,76,G
1612-2-e-15-1,76,G
1612-2-e-17-1,76,G
1612-2-e-19-2,76,G
1612-2-f-16-2,76,G
1612-2-f-18-2,76,G
1613-1-b-16-1,76,G
1613-1-b-18-1,76,G
1613-1-c-15-2,76,G
1613-1-c-17-2,76,G
1613-1-c-19-2,76,G
1613-1-d-17-1,76,G
1613-1-d-19-1,76,G
1613-1-e-16-1,76,G
1613-1-e-18-2,76,G
1613-1-f-15-2,76,G
1611-2-11-9-1,76,G
1611-2-12-6-1,76,G
1611-2-12-8-1,76,G
1611-2-14-9-1,76,G
1612-1-10-6-2,76,G
1612-1-10-8-2,76,G
1612-1-11-6-1,76,G
1612-1-11-8-1,76,G
1612-1-11-a-1,76,G
1612-1-12-7-2,76,G
1612-1-12-9-2,76,G
1612-1-13-6-2,76,G
1612-1-13-9-1,76,G
1612-1-14-6-1,76,G
1612-1-14-8-2,76,G
1612-1-14-a-2,76,G
1612-2-10-7-2,76,G
1612-2-10-a-1,76,G
1612-2-11-7-1,76,G
1612-2-11-9-2,76,G
1612-2-12-6-2,76,G
1612-2-12-8-2,76,G
1612-2-13-6-1,76,G
1612-2-13-8-1,76,G
1612-2-13-a-2,76,G
1612-2-14-7-2,76,G
1612-2-14-9-2,76,G
1613-1-10-7-1,76,G
1613-1-10-9-1,76,G
1613-1-11-6-2,76,G
1613-1-11-8-2,76,G
1613-1-11-a-2,76,G
1613-1-12-8-1,76,G
1613-1-12-a-1,76,G
1613-1-13-7-1,76,G
1613-1-13-9-2,76,G
1613-1-14-6-2,76,G
1611-2-11-10-4,76,G
1611-2-11-13-3,76,G
1611-2-12-10-3,76,G
1611-2-12-12-3,76,G
1611-2-12-14-4,76,G
1611-2-13-11-4,76,G
1611-2-13-14-3,76,G
1611-2-14-11-3,76,G
1611-2-14-13-3,76,G
1612-1-10-10-4,76,G
1612-1-10-12-4,76,G
1612-1-11-10-3,76,G
1612-1-11-12-3,76,G
1612-1-11-14-3,76,G
1612-1-12-11-4,76,G
1612-1-12-13-4,76,G
1612-1-13-10-4,76,G
1612-1-13-13-3,76,G
1612-1-14-10-3,76,G
1612-1-14-12-4,76,G
1612-1-14-14-4,76,G
1612-2-10-11-4,76,G
1612-2-10-14-3,76,G
1612-2-11-11-3,76,G
1612-2-11-13-4,76,G
1612-2-12-10-4,76,G
1612-2-12-12-4,76,G
1612-2-13-10-3,76,G
1612-2-13-12-3,76,G
1612-2-13-14-4,76,G
1612-2-14-11-4,76,G
1612-2-14-13-4,76,G
1613-1-10-11-3,76,G
1613-1-10-13-3,76,G
1613-1-11-10-4,76,G
1613-1-11-12-4,76,G
1613-1-11-14-4,76,G
1613-1-12-12-3,76,G
1613-1-12-14-3,76,G
1613-1-13-11-3,76,G
1613-1-13-13-4,76,G
1613-1-14-10-4,76,G
1611-1-18-1-3,76,G
1611-1-18-3-4,76,G
1611-1-18-5-4,76,G
1611-2-15-2-3,76,G
1611-2-15-4-4,76,G
1611-2-16-1-4,76,G
1611-2-16-4-3,76,G
1611-2-17-1-3,76,G
1611-2-17-3-3,76,G
1611-2-17-5-4,76,G
1611-2-18-2-4,76,G
1611-2-18-5-3,76,G
1611-2-19-2-3,76,G
1611-2-19-4-3,76,G
1612-1-15-1-4,76,G
1612-1-15-3-4,76,G
1612-1-16-1-3,76,G
1612-1-16-3-3,76,G
1612-1-16-5-3,76,G
1612-1-17-2-4,76,G
1612-1-17-4-4,76,G
1612-1-18-1-4,76,G
1612-1-18-4-3,76,G
1612-1-19-1-3,76,G
1612-1-19-3-4,76,G
1612-1-19-5-4,76,G
1612-2-15-2-4,76,G
1612-2-15-5-3,76,G
1612-2-16-2-3,76,G
1612-2-16-4-4,76,G
1612-2-17-1-4,76,G
1612-2-17-3-4,76,G
1612-2-18-1-3,76,G
1612-2-18-3-3,76,G
1612-2-18-5-4,76,G
1612-2-19-2-4,76,G
1612-2-19-4-4,76,G
1613-1-15-2-3,76,G
1613-1-15-4-3,76,G
1613-1-16-1-4,76,G
1613-1-16-3-4,76,G
1613-1-16-5-4,76,G
1613-1-17-3-3,76,G
1613-1-17-5-3,76,G
1613-1-18-2-3,76,G
1613-1-18-4-4,76,G
1613-1-19-1-4,76,G
1611-1-18-10-1,76,G
1611-1-18-12-2,76,G
1611-1-18-14-2,76,G
1611-1-19-12-1,76,G
1611-1-19-14-1,76,G
1611-2-15-11-1,76,G
1611-2-15-13-2,76,G
1611-2-16-10-2,76,G
1611-2-16-13-1,76,G
1611-2-17-10-1,76,G
1611-2-17-12-1,76,G
1611-2-17-14-2,76,G
1611-2-18-11-2,76,G
1611-2-18-14-1,76,G
1611-2-19-11-1,76,G
1611-2-19-13-1,76,G
1612-1-15-10-2,76,G
1612-1-15-12-2,76,G
1612-1-16-10-1,76,G
1612-1-16-12-1,76,G
1612-1-16-14-1,76,G
1612-1-17-11-2,76,G
1612-1-17-13-2,76,G
1612-1-18-10-2,76,G
1612-1-18-13-1,76,G
1612-1-19-10-1,76,G
1612-1-19-12-2,76,G
1612-1-19-14-2,76,G
1612-2-15-11-2,76,G
1612-2-15-14-1,76,G
1612-2-16-11-1,76,G
1612-2-16-13-2,76,G
1612-2-17-10-2,76,G
1612-2-17-12-2,76,G
1612-2-18-10-1,76,G
1612-2-18-12-1,76,G
1612-2-18-14-2,76,G
1612-2-19-11-2,76,G
1612-2-19-13-2,76,G
1613-1-15-11-1,76,G
1613-1-15-13-1,76,G
1613-1-16-10-2,76,G
1613-1-16-12-2,76,G
1613-1-16-14-2,76,G
1613-1-17-12-1,76,G
1613-1-17-14-1,76,G
1613-1-18-11-1,76,G
1613-1-18-13-2,76,G
1613-1-19-10-2,76,G
1613-1-19-13-1,76,G
1611-3-4-5-2,76,G
1611-3-5-3-1,76,G
1611-3-5-5-1,76,G
1611-4-1-2-1,76,G
1611-4-1-4-2,76,G
1611-4-2-1-2,76,G
1611-4-2-4-1,76,G
1611-4-3-1-1,76,G
1611-4-3-3-1,76,G
1611-4-3-5-2,76,G
1611-4-4-2-2,76,G
1611-4-4-5-1,76,G
1611-4-5-2-1,76,G
1611-4-5-4-1,76,G
1612-3-1-1-2,76,G
1612-3-1-3-2,76,G
1612-3-2-1-1,76,G
1612-3-2-3-1,76,G
1612-3-2-5-1,76,G
1612-3-3-2-2,76,G
1612-3-3-4-2,76,G
1612-3-4-1-2,76,G
1612-3-4-4-1,76,G
1612-3-5-1-1,76,G
1612-3-5-3-2,76,G
1612-3-5-5-2,76,G
1612-4-1-2-2,76,G
1612-4-1-5-1,76,G
1612-4-2-2-1,76,G
1612-4-2-4-2,76,G
1612-4-3-1-2,76,G
1612-4-3-3-2,76,G
1612-4-4-1-1,76,G
1612-4-4-3-1,76,G
1612-4-4-5-2,76,G
1612-4-5-2-2,76,G
1612-4-5-4-2,76,G
1613-3-1-2-1,76,G
1613-3-1-4-1,76,G
1613-3-2-1-2,76,G
1613-3-2-3-2,76,G
1613-3-2-5-2,76,G
1613-3-3-3-1,76,G
1613-3-3-5-1,76,G
1613-3-4-2-1,76,G
1613-3-4-4-2,76,G
1613-3-5-1-2,76,G
1613-3-5-4-1,76,G
1611-3-4-f-2,76,G
1611-3-5-d-1,76,G
1611-3-5-f-1,76,G
1611-4-1-c-1,76,G
1611-4-1-e-2,76,G
1611-4-2-b-2,76,G
1611-4-2-e-1,76,G
1611-4-3-b-1,76,G
1611-4-3-d-1,76,G
1611-4-3-f-2,76,G
1611-4-4-c-2,76,G
1611-4-4-f-1,76,G
1611-4-5-c-1,76,G
1611-4-5-e-1,76,G
1612-3-1-b-2,76,G
1612-3-1-d-2,76,G
1612-3-2-b-1,76,G
1612-3-2-d-1,76,G
1612-3-2-f-1,76,G
1612-3-3-c-2,76,G
1612-3-3-e-2,76,G
1612-3-4-b-2,76,G
1612-3-4-e-1,76,G
1612-3-5-b-1,76,G
1612-3-5-d-2,76,G
1612-3-5-f-2,76,G
1612-4-1-c-2,76,G
1612-4-1-f-1,76,G
1612-4-2-c-1,76,G
1612-4-2-e-2,76,G
1612-4-3-b-2,76,G
1612-4-3-d-2,76,G
1612-4-4-b-1,76,G
1612-4-4-d-1,76,G
1612-4-4-f-2,76,G
1612-4-5-c-2,76,G
1612-4-5-e-2,76,G
1613-3-1-c-1,76,G
1613-3-1-e-1,76,G
1613-3-2-b-2,76,G
1613-3-2-d-2,76,G
1613-3-2-f-2,76,G
1613-3-3-d-1,76,G
1613-3-3-f-1,76,G
1613-3-4-c-1,76,G
1613-3-4-e-2,76,G
1611-3-4-19-4,76,G
1611-3-5-17-3,76,G
1611-3-5-19-3,76,G
1611-4-1-16-3,76,G
1611-4-1-18-4,76,G
1611-4-2-15-4,76,G
1611-4-2-18-3,76,G
1611-4-3-15-3,76,G
1611-4-3-17-3,76,G
1611-4-3-19-4,76,G
1611-4-4-16-4,76,G
1611-4-4-19-3,76,G
1611-4-5-16-3,76,G
1611-4-5-18-3,76,G
1612-3-1-15-4,76,G
1612-3-1-17-4,76,G
1612-3-2-15-3,76,G
1612-3-2-17-3,76,G
1612-3-2-19-3,76,G
1612-3-3-16-4,76,G
1612-3-3-18-4,76,G
1612-3-4-15-4,76,G
1612-3-4-18-3,76,G
1612-3-5-15-3,76,G
1612-3-5-17-4,76,G
1612-3-5-19-4,76,G
1612-4-1-16-4,76,G
1612-4-1-19-3,76,G
1612-4-2-16-3,76,G
1612-4-2-18-4,76,G
1612-4-3-15-4,76,G
1612-4-3-17-4,76,G
1612-4-4-15-3,76,G
1612-4-4-17-3,76,G
1612-4-4-19-4,76,G
1612-4-5-16-4,76,G
1612-4-5-18-4,76,G
1613-3-1-16-3,76,G
1613-3-1-18-3,76,G
1613-3-2-15-4,76,G
1613-3-2-17-4,76,G
1613-3-2-19-4,76,G
1613-3-3-17-3,76,G
1613-3-3-19-3,76,G
1613-3-4-16-3,76,G
1611-3-9-a-4,76,G
1611-3-a-8-3,76,G
1611-3-a-a-3,76,G
1611-4-6-7-3,76,G
1611-4-6-9-4,76,G
1611-4-7-6-4,76,G
1611-4-7-9-3,76,G
1611-4-8-6-3,76,G
1611-4-8-8-3,76,G
1611-4-8-a-4,76,G
1611-4-9-7-4,76,G
1611-4-9-a-3,76,G
1611-4-a-7-3,76,G
1611-4-a-9-3,76,G
1612-3-6-6-4,76,G
1612-3-6-8-4,76,G
1612-3-7-6-3,76,G
1612-3-7-8-3,76,G
1612-3-7-a-3,76,G
1612-3-8-7-4,76,G
1612-3-8-9-4,76,G
1612-3-9-6-4,76,G
1612-3-9-9-3,76,G
1612-3-a-6-3,76,G
1612-3-a-8-4,76,G
1612-3-a-a-4,76,G
1612-4-6-7-4,76,G
1612-4-6-a-3,76,G
1612-4-7-7-3,76,G
1612-4-7-9-4,76,G
1612-4-8-6-4,76,G
1612-4-8-8-4,76,G
1612-4-9-6-3,76,G
1612-4-9-8-3,76,G
1612-4-9-a-4,76,G
1612-4-a-7-4,76,G
1612-4-a-9-4,76,G
1613-3-6-7-3,76,G
1613-3-6-9-3,76,G
1613-3-7-6-4,76,G
1613-3-7-8-4,76,G
1613-3-7-a-4,76,G
1613-3-8-8-3,76,G
1613-3-8-a-3,76,G
1613-3-9-7-3,76,G
1611-3-a-12-3,76,G
1611-3-a-14-3,76,G
1611-4-6-11-3,76,G
1611-4-6-13-4,76,G
1611-4-7-10-4,76,G
1611-4-7-13-3,76,G
1611-4-8-10-3,76,G
1611-4-8-12-3,76,G
1611-4-8-14-4,76,G
1611-4-9-11-4,76,G
1611-4-9-14-3,76,G
1611-4-a-11-3,76,G
1611-4-a-13-3,76,G
1612-3-6-10-4,76,G
1612-3-6-12-4,76,G
1612-3-7-10-3,76,G
1612-3-7-12-3,76,G
1612-3-7-14-3,76,G
1612-3-8-11-4,76,G
1612-3-8-13-4,76,G
1612-3-9-10-4,76,G
1612-3-9-13-3,76,G
1612-3-a-10-3,76,G
1612-3-a-12-4,76,G
1612-3-a-14-4,76,G
1612-4-6-11-4,76,G
1612-4-6-14-3,76,G
1612-4-7-11-3,76,G
1612-4-7-13-4,76,G
1612-4-8-10-4,76,G
1612-4-8-12-4,76,G
1612-4-9-10-3,76,G
1612-4-9-12-3,76,G
1612-4-9-14-4,76,G
1612-4-a-11-4,76,G
1612-4-a-13-4,76,G
1613-3-6-11-3,76,G
1613-3-6-13-3,76,G
1613-3-7-10-4,76,G
1613-3-7-12-4,76,G
1613-3-7-14-4,76,G
1613-3-8-12-3,76,G
1613-3-8-14-3,76,G
1611-3-f-8-1,76,G
1611-3-f-a-1,76,G
1611-4-b-7-1,76,G
1611-4-b-9-2,76,G
1611-4-c-6-2,76,G
1611-4-c-9-1,76,G
1611-4-d-6-1,76,G
1611-4-d-8-1,76,G
1611-4-d-a-2,76,G
1611-4-e-7-2,76,G
1611-4-e-a-1,76,G
1611-4-f-7-1,76,G
1611-4-f-9-1,76,G
1612-3-b-6-2,76,G
1612-3-b-8-2,76,G
1612-3-c-6-1,76,G
1612-3-c-8-1,76,G
1612-3-c-a-1,76,G
1612-3-d-7-2,76,G
1612-3-d-9-2,76,G
1612-3-e-6-2,76,G
1612-3-e-9-1,76,G
1612-3-f-6-1,76,G
1612-3-f-8-2,76,G
1612-3-f-a-2,76,G
1612-4-b-7-2,76,G
1612-4-b-a-1,76,G
1612-4-c-7-1,76,G
1612-4-c-9-2,76,G
1612-4-d-6-2,76,G
1612-4-d-8-2,76,G
1612-4-e-6-1,76,G
1612-4-e-8-1,76,G
1612-4-e-a-2,76,G
1612-4-f-7-2,76,G
1612-4-f-9-2,76,G
1613-3-b-7-1,76,G
1613-3-b-9-1,76,G
1613-3-c-6-2,76,G
1613-3-c-8-2,76,G
1613-3-c-a-2,76,G
1613-3-d-8-1,76,G
1613-3-d-a-1,76,G
1611-3-f-12-1,76,G
1611-3-f-14-1,76,G
1611-4-b-11-1,76,G
1611-4-b-13-2,76,G
1611-4-c-10-2,76,G
1611-4-c-13-1,76,G
1611-4-d-10-1,76,G
1611-4-d-12-1,76,G
1611-4-d-14-2,76,G
1611-4-e-11-2,76,G
1611-4-e-14-1,76,G
1611-4-f-11-1,76,G
1611-4-f-13-1,76,G
1612-3-b-10-2,76,G
1612-3-b-12-2,76,G
1612-3-c-10-1,76,G
1612-3-c-12-1,76,G
1612-3-c-14-1,76,G
1612-3-d-11-2,76,G
1612-3-d-13-2,76,G
1612-3-e-10-2,76,G
1612-3-e-13-1,76,G
1612-3-f-10-1,76,G
1612-3-f-12-2,76,G
1612-3-f-14-2,76,G
1612-4-b-11-2,76,G
1612-4-b-14-1,76,G
1612-4-c-11-1,76,G
1612-4-c-13-2,76,G
1612-4-d-10-2,76,G
1612-4-d-12-2,76,G
1612-4-e-10-1,76,G
1612-4-e-12-1,76,G
1612-4-e-14-2,76,G
1612-4-f-11-2,76,G
1612-4-f-13-2,76,G
1613-3-b-11-1,76,G
1613-3-b-13-1,76,G
1613-3-c-10-2,76,G
1613-3-c-12-2,76,G
1613-3-c-14-2,76,G
1613-3-d-12-1,76,G
1611-3-14-3-3,76,G
1611-3-14-5-3,76,G
1611-4-10-2-3,76,G
1611-4-11-1-4,76,G
1611-4-11-4-3,76,G
1611-4-12-1-3,76,G
1611-4-12-3-3,76,G
1611-4-12-5-4,76,G
1611-4-13-2-4,76,G
1611-4-13-5-3,76,G
1611-4-14-2-3,76,G
1611-4-14-4-3,76,G
1612-3-10-1-4,76,G
1612-3-10-3-4,76,G
1612-3-11-1-3,76,G
1612-3-11-3-3,76,G
1612-3-11-5-3,76,G
1612-3-12-2-4,76,G
1612-3-12-4-4,76,G
1612-3-13-1-4,76,G
1612-3-13-4-3,76,G
1612-3-14-1-3,76,G
1612-3-14-3-4,76,G
1612-3-14-5-4,76,G
1612-4-10-2-4,76,G
1612-4-10-5-3,76,G
1612-4-11-2-3,76,G
1612-4-11-4-4,76,G
1612-4-12-1-4,76,G
1612-4-12-3-4,76,G
1612-4-13-1-3,76,G
1612-4-13-3-3,76,G
1612-4-13-5-4,76,G
1612-4-14-2-4,76,G
1612-4-14-4-4,76,G
1611-3-14-d-3,76,G
1611-3-14-f-3,76,G
1611-4-11-b-4,76,G
1611-4-11-e-3,76,G
1611-4-12-b-3,76,G
1611-4-12-d-3,76,G
1611-4-12-f-4,76,G
1611-4-13-c-4,76,G
1611-4-13-f-3,76,G
1611-4-14-c-3,76,G
1611-4-14-e-3,76,G
1612-3-10-b-4,76,G
1612-3-10-d-4,76,G
1612-3-11-b-3,76,G
1612-3-11-d-3,76,G
1612-3-11-f-3,76,G
1612-3-12-c-4,76,G
1612-3-12-e-4,76,G
1612-3-13-b-4,76,G
1612-3-13-e-3,76,G
1612-3-14-b-3,76,G
1612-3-14-d-4,76,G
1612-3-14-f-4,76,G
1612-4-10-c-4,76,G
1612-4-10-f-3,76,G
1612-4-11-c-3,76,G
1612-4-11-e-4,76,G
1612-4-12-b-4,76,G
1612-4-12-d-4,76,G
1612-4-13-b-3,76,G
1612-4-13-d-3,76,G
1612-4-13-f-4,76,G
1612-4-14-c-4,76,G
1611-4-11-15-4,76,G
1611-4-11-18-3,76,G
1611-4-12-15-3,76,G
1611-4-12-17-3,76,G
1611-4-12-19-4,76,G
1611-4-13-16-4,76,G
1611-4-13-19-3,76,G
1611-4-14-16-3,76,G
1611-4-14-18-3,76,G
1612-3-10-15-4,76,G
1612-3-10-17-4,76,G
1612-3-11-15-3,76,G
1612-3-11-17-3,76,G
1612-3-11-19-3,76,G
1612-3-12-16-4,76,G
1612-3-12-18-4,76,G
1612-3-13-15-4,76,G
1612-3-13-18-3,76,G
1612-3-14-15-3,76,G
1612-3-14-17-4,76,G
1612-3-14-19-4,76,G
1612-4-10-16-4,76,G
1612-4-10-19-3,76,G
1612-4-11-16-3,76,G
1612-4-11-18-4,76,G
1612-4-12-15-4,76,G
1612-4-12-17-4,76,G
1612-4-13-15-3,76,G
1612-4-13-17-3,76,G
1612-4-13-19-4,76,G
1611-4-16-e-1,76,G
1611-4-17-b-1,76,G
1611-4-17-d-1,76,G
1611-4-17-f-2,76,G
1611-4-18-c-2,76,G
1611-4-18-f-1,76,G
1611-4-19-c-1,76,G
1611-4-19-e-1,76,G
1612-3-15-b-2,76,G
1612-3-15-d-2,76,G
1612-3-16-b-1,76,G
1612-3-16-d-1,76,G
1612-3-16-f-1,76,G
1612-3-17-c-2,76,G
1612-3-17-e-2,76,G
1612-3-18-b-2,76,G
1612-3-18-e-1,76,G
1612-3-19-b-1,76,G
1612-3-19-d-2,76,G
1612-3-19-f-2,76,G
1612-4-15-c-2,76,G
1612-4-15-f-1,76,G
1612-4-16-c-1,76,G
1612-4-16-e-2,76,G
1612-4-17-b-2,76,G
1612-4-17-d-2,76,G
1612-4-18-b-1,76,G
1612-4-18-d-1,76,G
1611-4-16-18-1,76,G
1611-4-17-15-1,76,G
1611-4-17-17-1,76,G
1611-4-17-19-2,76,G
1611-4-18-16-2,76,G
1611-4-18-19-1,76,G
1611-4-19-16-1,76,G
1611-4-19-18-1,76,G
1612-3-15-15-2,76,G
1612-3-15-17-2,76,G
1612-3-16-15-1,76,G
1612-3-16-17-1,76,G
1612-3-16-19-1,76,G
1612-3-17-16-2,76,G
1612-3-17-18-2,76,G
1612-3-18-15-2,76,G
1612-3-18-18-1,76,G
1612-3-19-15-1,76,G
1612-3-19-17-2,76,G
1612-3-19-19-2,76,G
1612-4-15-16-2,76,G
1612-4-15-19-1,76,G
1612-4-16-16-1,76,G
1612-4-16-18-2,76,G
1612-4-17-15-2,76,G
1612-4-17-17-2,76,G
1612-4-18-15-1,76,G
1612-4-18-17-1,76,G
1677-2-2-9-3,76,G
1677-2-3-6-3,76,G
1677-2-3-8-3,76,G
1677-2-3-a-4,76,G
1677-2-4-7-4,76,G
1677-2-4-a-3,76,G
1677-2-5-7-3,76,G
1677-2-5-9-3,76,G
1678-1-1-6-4,76,G
1678-1-1-8-4,76,G
1678-1-2-6-3,76,G
1678-1-2-8-3,76,G
1678-1-2-a-3,76,G
1678-1-3-7-4,76,G
1678-1-3-9-4,76,G
1678-1-4-6-4,76,G
1678-1-4-9-3,76,G
1678-1-5-6-3,76,G
1678-1-5-8-4,76,G
1678-1-5-a-4,76,G
1678-2-1-7-4,76,G
1678-2-1-a-3,76,G
1678-2-2-7-3,76,G
1678-2-2-9-4,76,G
1678-2-3-6-4,76,G
1678-2-3-8-4,76,G
1678-2-4-6-3,76,G
1678-2-4-8-3,76,G
1677-2-2-13-3,76,G
1677-2-3-10-3,76,G
1677-2-3-12-3,76,G
1677-2-3-14-4,76,G
1677-2-4-11-4,76,G
1677-2-4-14-3,76,G
1677-2-5-11-3,76,G
1677-2-5-13-3,76,G
1678-1-1-10-4,76,G
1678-1-1-12-4,76,G
1678-1-2-10-3,76,G
1678-1-2-12-3,76,G
1678-1-2-14-3,76,G
1678-1-3-11-4,76,G
1678-1-3-13-4,76,G
1678-1-4-10-4,76,G
1678-1-4-13-3,76,G
1678-1-5-10-3,76,G
1678-1-5-12-4,76,G
1678-1-5-14-4,76,G
1678-2-1-11-4,76,G
1678-2-1-14-3,76,G
1678-2-2-11-3,76,G
1678-2-2-13-4,76,G
1678-2-3-10-4,76,G
1678-2-3-12-4,76,G
1678-2-4-10-3,76,G
1678-2-4-12-3,76,G
1677-2-7-4-3,76,G
1677-2-8-1-3,76,G
1677-2-8-3-3,76,G
1677-2-8-5-4,76,G
1677-2-9-2-4,76,G
1677-2-9-5-3,76,G
1677-2-a-2-3,76,G
1677-2-a-4-3,76,G
1678-1-6-1-4,76,G
1678-1-6-3-4,76,G
1678-1-7-1-3,76,G
1678-1-7-3-3,76,G
1678-1-7-5-3,76,G
1678-1-8-2-4,76,G
1678-1-8-4-4,76,G
1678-1-9-1-4,76,G
1678-1-9-4-3,76,G
1678-1-a-1-3,76,G
1678-1-a-3-4,76,G
1678-1-a-5-4,76,G
1678-2-6-2-4,76,G
1678-2-6-5-3,76,G
1678-2-7-2-3,76,G
1678-2-7-4-4,76,G
1678-2-8-1-4,76,G
1678-2-8-3-4,76,G
1677-2-7-10-2,76,G
1677-2-7-13-1,76,G
1677-2-8-10-1,76,G
1677-2-8-12-1,76,G
1677-2-8-14-2,76,G
1677-2-9-11-2,76,G
1677-2-9-14-1,76,G
1677-2-a-11-1,76,G
1677-2-a-13-1,76,G
1678-1-6-10-2,76,G
1678-1-6-12-2,76,G
1678-1-7-10-1,76,G
1678-1-7-12-1,76,G
1678-1-7-14-1,76,G
1678-1-8-11-2,76,G
1678-1-8-13-2,76,G
1678-1-9-10-2,76,G
1678-1-9-13-1,76,G
1678-1-a-10-1,76,G
1678-1-a-12-2,76,G
1678-1-a-14-2,76,G
1678-2-6-11-2,76,G
1678-2-6-14-1,76,G
1678-2-7-11-1,76,G
1678-2-7-13-2,76,G
1678-2-8-10-2,76,G
1678-2-8-12-2,76,G
1677-2-c-1-2,76,G
1677-2-c-4-1,76,G
1677-2-d-1-1,76,G
1677-2-d-3-1,76,G
1677-2-d-5-2,76,G
1677-2-e-2-2,76,G
1677-2-e-5-1,76,G
1677-2-f-2-1,76,G
1677-2-f-4-1,76,G
1678-1-b-1-2,76,G
1678-1-b-3-2,76,G
1678-1-c-1-1,76,G
1678-1-c-3-1,76,G
1678-1-c-5-1,76,G
1678-1-d-2-2,76,G
1678-1-d-4-2,76,G
1678-1-e-1-2,76,G
1678-1-e-4-1,76,G
1678-1-f-1-1,76,G
1678-1-f-3-2,76,G
1678-1-f-5-2,76,G
1678-2-b-2-2,76,G
1678-2-b-5-1,76,G
1678-2-c-2-1,76,G
1678-2-c-4-2,76,G
1678-2-d-1-2,76,G
1678-2-d-3-2,76,G
1678-2-e-1-1,76,G
1678-2-e-3-1,76,G
1677-2-b-e-4,76,G
1677-2-c-b-4,76,G
1677-2-c-e-3,76,G
1677-2-d-b-3,76,G
1677-2-d-d-3,76,G
1677-2-d-f-4,76,G
1677-2-e-c-4,76,G
1677-2-e-f-3,76,G
1677-2-f-c-3,76,G
1677-2-f-e-3,76,G
1678-1-b-b-4,76,G
1678-1-b-d-4,76,G
1678-1-c-b-3,76,G
1678-1-c-d-3,76,G
1678-1-c-f-3,76,G
1678-1-d-c-4,76,G
1678-1-d-e-4,76,G
1678-1-e-b-4,76,G
1678-1-e-e-3,76,G
1678-1-f-b-3,76,G
1678-1-f-d-4,76,G
1678-1-f-f-4,76,G
1678-2-b-c-4,76,G
1678-2-b-f-3,76,G
1678-2-c-c-3,76,G
1678-2-c-e-4,76,G
1678-2-d-b-4,76,G
1678-2-d-d-4,76,G
1678-2-e-b-3,76,G
1678-2-e-d-3,76,G
1677-2-b-18-4,76,G
1677-2-c-15-4,76,G
1677-2-c-18-3,76,G
1677-2-d-15-3,76,G
1677-2-d-17-3,76,G
1677-2-d-19-4,76,G
1677-2-e-16-4,76,G
1677-2-e-19-3,76,G
1677-2-f-16-3,76,G
1677-2-f-18-3,76,G
1678-1-b-15-4,76,G
1678-1-b-17-4,76,G
1678-1-c-15-3,76,G
1678-1-c-17-3,76,G
1678-1-c-19-3,76,G
1678-1-d-16-4,76,G
1678-1-d-18-4,76,G
1678-1-e-15-4,76,G
1678-1-e-18-3,76,G
1678-1-f-15-3,76,G
1678-1-f-17-4,76,G
1678-1-f-19-4,76,G
1678-2-b-16-4,76,G
1678-2-b-19-3,76,G
1678-2-c-16-3,76,G
1678-2-c-18-4,76,G
1678-2-d-15-4,76,G
1678-2-d-17-4,76,G
1678-2-e-15-3,76,G
1678-2-e-17-3,76,G
1678-2-e-19-4,76,G
1677-2-11-6-4,76,G
1677-2-11-9-3,76,G
1677-2-12-6-3,76,G
1677-2-12-8-3,76,G
1677-2-12-a-4,76,G
1677-2-13-7-4,76,G
1677-2-13-a-3,76,G
1677-2-14-7-3,76,G
1677-2-14-9-3,76,G
1678-1-10-6-4,76,G
1678-1-10-8-4,76,G
1678-1-11-6-3,76,G
1678-1-11-8-3,76,G
1678-1-11-a-3,76,G
1678-1-12-7-4,76,G
1678-1-12-9-4,76,G
1678-1-13-6-4,76,G
1678-1-13-9-3,76,G
1678-1-14-6-3,76,G
1678-1-14-8-4,76,G
1678-1-14-a-4,76,G
1678-2-10-7-4,76,G
1678-2-10-a-3,76,G
1678-2-11-7-3,76,G
1678-2-11-9-4,76,G
1678-2-12-6-4,76,G
1678-2-12-8-4,76,G
1678-2-13-6-3,76,G
1678-2-13-8-3,76,G
1678-2-13-a-4,76,G
1678-2-14-7-4,76,G
1677-2-12-17-1,76,G
1677-2-12-19-2,76,G
1677-2-13-16-2,76,G
1677-2-13-19-1,76,G
1677-2-14-16-1,76,G
1678-1-10-17-2,76,G
1678-1-11-15-1,76,G
1678-1-11-17-1,76,G
1678-1-11-19-1,76,G
1678-1-12-16-2,76,G
1678-1-12-18-2,76,G
1678-1-13-15-2,76,G
1678-1-13-18-1,76,G
1678-1-14-15-1,76,G
1678-1-14-17-2,76,G
1678-1-14-19-2,76,G
1678-2-10-16-2,76,G
1678-2-10-19-1,76,G
1678-2-11-16-1,76,G
1678-2-11-18-2,76,G
1678-2-12-15-2,76,G
1678-2-12-17-2,76,G
1678-2-13-15-1,76,G
1678-2-13-17-1,76,G
1678-2-13-19-2,76,G
1678-2-14-16-2,76,G
1678-1-16-8-1,76,G
1678-1-16-a-1,76,G
1678-1-17-7-2,76,G
1678-1-17-9-2,76,G
1678-1-18-6-2,76,G
1678-1-18-9-1,76,G
1678-1-19-6-1,76,G
1678-1-19-8-2,76,G
1678-1-19-a-2,76,G
1678-2-15-7-2,76,G
1678-2-15-a-1,76,G
1678-2-16-7-1,76,G
1678-2-16-9-2,76,G
1678-2-17-6-2,76,G
1678-2-17-8-2,76,G
1678-2-18-6-1,76,G
1678-2-18-8-1,76,G
1678-2-18-a-2,76,G
1678-2-19-7-2,76,G
1678-1-17-13-4,76,G
1678-1-18-10-4,76,G
1678-1-18-13-3,76,G
1678-1-19-10-3,76,G
1678-1-19-12-4,76,G
1678-1-19-14-4,76,G
1678-2-15-11-4,76,G
1678-2-15-14-3,76,G
1678-2-16-11-3,76,G
1678-2-16-13-4,76,G
1678-2-17-10-4,76,G
1678-2-17-12-4,76,G
1678-2-18-10-3,76,G
1678-2-18-12-3,76,G
1678-2-18-14-4,76,G
1678-2-19-11-4,76,G
1678-2-19-13-4,76,G
1678-3-5-1-3,76,G
1678-3-5-3-4,76,G
1678-3-5-5-4,76,G
1678-4-1-2-4,76,G
1678-4-1-5-3,76,G
1678-4-2-2-3,76,G
1678-4-2-4-4,76,G
1678-4-3-1-4,76,G
1678-4-3-3-4,76,G
1678-4-4-1-3,76,G
1678-4-4-3-3,76,G
1678-4-4-5-4,76,G
1678-4-5-2-4,76,G
1678-4-5-4-4,76,G
1679-3-1-2-3,76,G
1678-4-1-c-4,76,G
1678-4-1-f-3,76,G
1678-4-2-c-3,76,G
1678-4-2-e-4,76,G
1678-4-3-b-4,76,G
1678-4-3-d-4,76,G
1678-4-4-b-3,76,G
1678-4-4-d-3,76,G
1678-4-4-f-4,76,G
1678-4-5-c-4,76,G
1678-4-5-e-4,76,G
1679-3-1-c-3,76,G
1679-3-1-e-3,76,G
1679-3-2-b-4,76,G
1678-4-7-4-2,76,G
1678-4-8-1-2,76,G
1678-4-8-3-2,76,G
1678-4-9-1-1,76,G
1678-4-9-3-1,76,G
1678-4-9-5-2,76,G
1678-4-a-2-2,76,G
1678-4-a-4-2,76,G
1679-3-6-2-1,76,G
1679-3-6-4-1,76,G
1679-3-7-1-2,76,G
1679-3-7-3-2,76,G
1678-4-7-e-2,76,G
1678-4-8-b-2,76,G
1678-4-8-d-2,76,G
1678-4-9-b-1,76,G
1678-4-9-d-1,76,G
1678-4-9-f-2,76,G
1678-4-a-c-2,76,G
1678-4-a-e-2,76,G
1679-3-6-c-1,76,G
1679-3-6-e-1,76,G
1679-3-7-b-2,76,G
1679-3-7-d-2,76,G
1679-3-7-f-2,76,G
1678-3-8-18-4,76,G
1678-3-9-15-4,76,G
1678-3-9-18-3,76,G
1678-3-a-15-3,76,G
1678-3-a-17-4,76,G
1678-3-a-19-4,76,G
1678-4-6-16-4,76,G
1678-4-6-19-3,76,G
1678-4-7-16-3,76,G
1678-4-7-18-4,76,G
1678-4-8-15-4,76,G
1678-4-8-17-4,76,G
1678-4-9-15-3,76,G
1678-4-9-17-3,76,G
1678-4-9-19-4,76,G
1678-4-a-16-4,76,G
1678-4-a-18-4,76,G
1679-3-6-16-3,76,G
1679-3-6-18-3,76,G
1679-3-7-15-4,76,G
1679-3-7-17-4,76,G
1679-3-7-19-4,76,G
1678-3-c-a-3,76,G
1678-3-d-7-4,76,G
1678-3-d-9-4,76,G
1678-3-e-6-4,76,G
1678-3-e-9-3,76,G
1678-3-f-6-3,76,G
1678-3-f-8-4,76,G
1678-3-f-a-4,76,G
1678-4-b-7-4,76,G
1678-4-b-a-3,76,G
1678-4-c-7-3,76,G
1678-4-c-9-4,76,G
1678-4-d-6-4,76,G
1678-4-d-8-4,76,G
1678-4-e-6-3,76,G
1678-4-e-8-3,76,G
1678-4-e-a-4,76,G
1678-4-f-7-4,76,G
1678-4-f-9-4,76,G
1679-3-b-7-3,76,G
1679-3-b-9-3,76,G
1679-3-c-6-4,76,G
1679-3-c-8-4,76,G
1679-3-c-a-4,76,G
1678-3-c-14-3,76,G
1678-3-d-11-4,76,G
1678-3-d-13-4,76,G
1678-3-e-10-4,76,G
1678-3-e-13-3,76,G
1678-3-f-10-3,76,G
1678-3-f-12-4,76,G
1678-3-f-14-4,76,G
1678-4-b-11-4,76,G
1678-4-b-14-3,76,G
1678-4-c-11-3,76,G
1678-4-c-13-4,76,G
1678-4-d-10-4,76,G
1678-4-d-12-4,76,G
1678-4-e-10-3,76,G
1678-4-e-12-3,76,G
1678-4-e-14-4,76,G
1678-4-f-11-4,76,G
1678-4-f-13-4,76,G
1679-3-b-11-3,76,G
1679-3-b-13-3,76,G
1679-3-c-10-4,76,G
1679-3-c-12-4,76,G
1679-3-c-14-4,76,G
1678-3-14-6-1,76,G
1678-3-14-8-2,76,G
1678-3-14-a-2,76,G
1678-4-10-7-2,76,G
1678-4-10-a-1,76,G
1678-4-11-7-1,76,G
1678-4-11-9-2,76,G
1678-4-12-6-2,76,G
1678-4-12-8-2,76,G
1678-4-13-6-1,76,G
1678-4-13-8-1,76,G
1678-4-13-a-2,76,G
1678-4-14-7-2,76,G
1678-4-14-9-2,76,G
1679-3-10-7-1,76,G
1679-3-10-9-1,76,G
1679-3-11-6-2,76,G
1679-3-11-8-2,76,G
1679-3-11-a-2,76,G
1679-3-12-8-1,76,G
1679-3-12-a-1,76,G
1678-3-14-12-2,76,G
1678-3-14-14-2,76,G
1678-4-10-11-2,76,G
1678-4-10-14-1,76,G
1678-4-11-11-1,76,G
1678-4-11-13-2,76,G
1678-4-12-10-2,76,G
1678-4-12-12-2,76,G
1678-4-13-10-1,76,G
1678-4-13-12-1,76,G
1678-4-13-14-2,76,G
1678-4-14-11-2,76,G
1678-4-14-13-2,76,G
1679-3-10-11-1,76,G
1679-3-10-13-1,76,G
1679-3-11-10-2,76,G
1679-3-11-12-2,76,G
1679-3-11-14-2,76,G
1679-3-12-12-1,76,G
1679-3-12-14-1,76,G
1679-3-13-11-1,76,G
1678-4-15-2-2,76,G
1678-4-15-5-1,76,G
1678-4-16-2-1,76,G
1678-4-16-4-2,76,G
1678-4-17-1-2,76,G
1678-4-17-3-2,76,G
1678-4-18-1-1,76,G
1678-4-18-3-1,76,G
1678-4-18-5-2,76,G
1678-4-19-2-2,76,G
1678-4-19-4-2,76,G
1679-3-15-2-1,76,G
1679-3-15-4-1,76,G
1678-4-16-c-3,76,G
1678-4-16-e-4,76,G
1678-4-17-b-4,76,G
1678-4-17-d-4,76,G
1678-4-18-b-3,76,G
1678-4-18-d-3,76,G
1678-4-18-f-4,76,G
1678-4-19-c-4,76,G
1678-4-19-e-4,76,G
1679-3-15-c-3,76,G
1679-3-15-e-3,76,G
1678-4-16-18-4,76,G
1678-4-17-15-4,76,G
1678-4-17-17-4,76,G
1678-4-18-15-3,76,G
1678-4-18-17-3,76,G
1678-4-18-19-4,76,G
1678-4-19-16-4,76,G
1678-4-19-18-4,76,G
1679-3-15-16-3,76,G
1679-3-15-18-3,76,G
1744-2-3-d-2,76,G
1744-2-4-b-1,76,G
1744-2-4-d-1,76,G
1744-2-4-f-2,76,G
1744-2-5-c-2,76,G
1744-2-5-e-2,76,G
1745-1-1-c-1,76,G
1745-1-1-e-1,76,G
1744-2-3-17-2,76,G
1744-2-4-15-1,76,G
1744-2-4-17-1,76,G
1744-2-4-19-2,76,G
1744-2-5-16-2,76,G
1744-2-5-18-2,76,G
1745-1-1-16-1,76,G
1745-1-1-18-1,76,G
1745-1-2-15-2,76,G
1744-2-8-8-2,76,G
1744-2-9-6-1,76,G
1744-2-9-8-1,76,G
1744-2-9-a-2,76,G
1744-2-a-7-2,76,G
1744-2-a-9-2,76,G
1744-2-8-10-4,76,G
1744-2-8-12-4,76,G
1744-2-9-10-3,76,G
1744-2-9-12-3,76,G
1744-2-9-14-4,76,G
1744-2-a-11-4,76,G
1744-2-a-13-4,76,G
1744-2-b-5-3,76,G
1744-2-c-2-3,76,G
1744-2-c-4-4,76,G
1744-2-d-1-4,76,G
1744-2-d-3-4,76,G
1744-2-e-1-3,76,G
1744-2-e-3-3,76,G
1744-2-e-5-4,76,G
1744-2-f-2-4,76,G
1744-2-f-4-4,76,G
1745-1-b-2-3,76,G
1744-2-b-11-2,76,G
1744-2-b-14-1,76,G
1744-2-c-11-1,76,G
1744-2-c-13-2,76,G
1744-2-d-10-2,76,G
1744-2-d-12-2,76,G
1744-2-e-10-1,76,G
1744-2-e-12-1,76,G
1744-2-e-14-2,76,G
1744-2-f-11-2,76,G
1744-2-f-13-2,76,G
1745-1-b-11-1,76,G
1745-1-b-13-1,76,G
1744-2-11-4-2,76,G
1744-2-13-3-1,76,G
1744-2-13-5-2,76,G
1744-2-14-2-2,76,G
1744-2-14-4-2,76,G
1745-1-10-2-1,76,G
1745-1-10-4-1,76,G
1745-1-11-1-2,76,G
1744-2-13-d-1,76,G
1744-2-13-f-2,76,G
1744-2-14-c-2,76,G
1744-2-14-e-2,76,G
1745-1-10-c-1,76,G
1745-1-10-e-1,76,G
1744-2-14-18-4,76,G
1745-1-10-16-3,76,G
1745-1-10-18-3,76,G
1744-2-19-9-4,76,G
1745-1-15-7-3,76,G
1745-1-15-9-3,76,G
1744-2-19-16-2,76,G
1744-2-19-18-2,76,G
1745-1-15-16-1,76,G
1745-1-15-18-1,76,G
1744-4-4-a-2,76,G
1744-4-5-7-2,76,G
1744-4-5-9-2,76,G
1745-3-1-7-1,76,G
1745-3-1-9-1,76,G
1744-4-4-14-2,76,G
1744-4-5-11-2,76,G
1744-4-9-3-3,76,G
1744-4-9-5-4,76,G
1482-4-7-e-4,77,G
1482-4-8-c-3,77,G
1482-4-7-18-2,77,G
1482-4-8-15-1,77,G
1482-4-8-16-1,77,G
1482-4-8-17-2,77,G
1482-4-c-4-4,77,G
1482-4-d-1-3,77,G
1482-4-d-2-3,77,G
1482-4-d-3-4,77,G
1482-4-c-e-2,77,G
1482-4-d-b-1,77,G
1482-4-d-c-1,77,G
1482-4-d-d-2,77,G
1482-4-c-13-4,77,G
1482-4-d-10-3,77,G
1482-4-d-11-3,77,G
1482-4-d-12-4,77,G
1482-4-d-14-3,77,G
1482-4-12-2-1,77,G
1482-4-12-3-2,77,G
1482-4-12-5-1,77,G
1482-4-13-4-2,77,G
1482-4-14-1-1,77,G
1482-4-11-8-3,77,G
1482-4-11-9-4,77,G
1482-4-12-6-3,77,G
1482-4-12-7-3,77,G
1482-4-12-8-4,77,G
1482-4-12-a-3,77,G
1482-4-13-8-3,77,G
1482-4-13-9-4,77,G
1482-4-14-6-3,77,G
1482-4-11-b-4,77,G
1482-4-11-d-3,77,G
1482-4-11-e-4,77,G
1482-4-12-b-3,77,G
1482-4-12-c-3,77,G
1482-4-12-d-4,77,G
1482-4-12-f-3,77,G
1482-4-13-b-4,77,G
1482-4-13-d-3,77,G
1482-4-13-e-4,77,G
1482-4-14-b-3,77,G
1482-4-14-c-4,77,G
1482-3-12-15-1,77,G
1482-3-13-17-1,77,G
1482-4-10-19-1,77,G
1482-4-11-15-2,77,G
1482-4-11-17-1,77,G
1482-4-11-18-2,77,G
1482-4-12-15-1,77,G
1482-4-12-16-1,77,G
1482-4-12-17-2,77,G
1482-4-12-19-1,77,G
1482-4-13-15-2,77,G
1482-4-13-17-1,77,G
1482-4-13-18-2,77,G
1482-4-14-15-1,77,G
1482-4-14-16-2,77,G
1482-3-17-1-3,77,G
1482-3-17-2-3,77,G
1482-3-17-3-4,77,G
1482-3-17-5-3,77,G
1482-3-18-3-3,77,G
1482-3-18-4-4,77,G
1482-3-19-1-3,77,G
1482-4-15-3-4,77,G
1482-4-15-5-3,77,G
1482-4-16-1-4,77,G
1482-4-16-3-3,77,G
1482-4-16-4-4,77,G
1482-4-17-1-3,77,G
1482-4-17-2-3,77,G
1482-4-17-3-4,77,G
1482-4-17-5-3,77,G
1482-4-18-1-4,77,G
1482-4-18-3-3,77,G
1482-4-18-4-4,77,G
1482-3-17-d-2,77,G
1482-3-17-f-1,77,G
1482-3-18-b-2,77,G
1482-3-18-d-1,77,G
1482-3-18-e-2,77,G
1482-3-19-b-1,77,G
1482-3-19-c-2,77,G
1482-3-19-e-1,77,G
1482-3-19-f-2,77,G
1482-4-15-c-1,77,G
1482-4-15-d-2,77,G
1482-4-15-f-1,77,G
1482-4-16-b-2,77,G
1482-4-16-d-1,77,G
1482-4-16-e-2,77,G
1482-4-17-b-1,77,G
1482-4-17-c-1,77,G
1482-4-17-d-2,77,G
1482-4-17-f-1,77,G
1482-4-18-b-2,77,G
1482-4-18-d-1,77,G
1481-4-15-14-3,77,G
1481-4-16-10-4,77,G
1482-3-16-12-3,77,G
1482-3-16-13-4,77,G
1482-3-17-12-4,77,G
1482-3-17-14-3,77,G
1482-3-18-10-4,77,G
1482-3-18-12-3,77,G
1482-3-18-13-4,77,G
1482-3-19-10-3,77,G
1482-3-19-11-4,77,G
1482-3-19-13-3,77,G
1482-3-19-14-4,77,G
1482-4-15-11-3,77,G
1482-4-15-12-4,77,G
1482-4-15-14-3,77,G
1482-4-16-10-4,77,G
1482-4-16-12-3,77,G
1482-4-16-13-4,77,G
1482-4-17-10-3,77,G
1482-4-17-11-3,77,G
1482-4-17-12-4,77,G
1482-4-17-14-3,77,G
1547-2-2-1-2,77,G
1547-2-2-3-1,77,G
1547-2-2-4-2,77,G
1547-2-3-1-1,77,G
1547-2-3-2-1,77,G
1547-2-3-3-2,77,G
1547-2-3-5-1,77,G
1548-1-1-5-1,77,G
1548-1-2-1-2,77,G
1548-1-2-3-1,77,G
1548-1-2-4-2,77,G
1548-1-3-1-1,77,G
1548-1-3-2-1,77,G
1548-1-3-3-2,77,G
1548-1-3-5-1,77,G
1548-1-4-1-2,77,G
1548-1-4-3-1,77,G
1548-1-4-4-2,77,G
1548-1-5-1-1,77,G
1548-1-5-2-2,77,G
1548-1-5-4-1,77,G
1548-1-5-5-2,77,G
1548-2-1-2-1,77,G
1548-2-1-3-2,77,G
1548-2-1-5-1,77,G
1548-2-2-1-2,77,G
1548-2-2-3-1,77,G
1548-2-2-4-2,77,G
1548-2-3-1-1,77,G
1548-2-3-2-1,77,G
1547-2-3-6-3,77,G
1547-2-3-7-3,77,G
1547-2-3-8-4,77,G
1547-2-3-a-3,77,G
1547-2-4-6-4,77,G
1547-2-4-8-3,77,G
1547-2-4-9-4,77,G
1548-1-1-8-4,77,G
1548-1-1-a-3,77,G
1548-1-2-6-4,77,G
1548-1-2-8-3,77,G
1548-1-2-9-4,77,G
1548-1-3-6-3,77,G
1548-1-3-7-3,77,G
1548-1-3-8-4,77,G
1548-1-3-a-3,77,G
1548-1-4-6-4,77,G
1548-1-4-8-3,77,G
1548-1-4-9-4,77,G
1548-1-5-6-3,77,G
1548-1-5-7-4,77,G
1548-1-5-9-3,77,G
1548-1-5-a-4,77,G
1548-2-1-7-3,77,G
1548-2-1-8-4,77,G
1548-2-1-a-3,77,G
1548-2-2-6-4,77,G
1548-2-2-8-3,77,G
1548-2-2-9-4,77,G
1548-2-3-6-3,77,G
1547-2-4-10-2,77,G
1547-2-4-12-1,77,G
1547-2-4-13-2,77,G
1547-2-5-10-1,77,G
1547-2-5-11-2,77,G
1548-1-1-11-1,77,G
1548-1-1-12-2,77,G
1548-1-1-14-1,77,G
1548-1-2-10-2,77,G
1548-1-2-12-1,77,G
1548-1-2-13-2,77,G
1548-1-3-10-1,77,G
1548-1-3-11-1,77,G
1548-1-3-12-2,77,G
1548-1-3-14-1,77,G
1548-1-4-10-2,77,G
1548-1-4-12-1,77,G
1548-1-4-13-2,77,G
1548-1-5-10-1,77,G
1548-1-5-11-2,77,G
1548-1-5-13-1,77,G
1548-1-5-14-2,77,G
1548-2-1-11-1,77,G
1548-2-1-12-2,77,G
1548-2-1-14-1,77,G
1548-2-2-10-2,77,G
1548-2-2-12-1,77,G
1548-2-2-13-2,77,G
1547-2-4-18-4,77,G
1547-2-5-15-3,77,G
1547-2-5-16-4,77,G
1547-2-5-18-3,77,G
1547-2-5-19-4,77,G
1548-1-1-16-3,77,G
1548-1-1-17-4,77,G
1548-1-1-19-3,77,G
1548-1-3-15-3,77,G
1548-1-3-16-3,77,G
1548-1-3-17-4,77,G
1548-1-3-19-3,77,G
1548-1-4-17-3,77,G
1548-1-4-18-4,77,G
1548-1-5-15-3,77,G
1548-1-5-16-4,77,G
1548-1-5-18-3,77,G
1548-1-5-19-4,77,G
1548-2-1-16-3,77,G
1548-2-1-17-4,77,G
1548-2-1-19-3,77,G
1548-2-2-15-4,77,G
1548-2-2-17-3,77,G
1547-2-9-8-1,77,G
1547-2-9-9-2,77,G
1547-2-a-6-1,77,G
1547-2-a-7-2,77,G
1547-2-a-9-1,77,G
1547-2-a-a-2,77,G
1548-1-7-9-2,77,G
1548-1-8-6-1,77,G
1548-1-8-7-1,77,G
1548-1-8-8-2,77,G
1548-1-9-8-1,77,G
1548-1-9-9-2,77,G
1548-1-a-6-1,77,G
1548-1-a-7-2,77,G
1548-1-a-9-1,77,G
1548-1-a-a-2,77,G
1548-2-6-7-1,77,G
1548-2-6-8-2,77,G
1547-2-8-c-3,77,G
1547-2-8-d-4,77,G
1547-2-8-f-3,77,G
1547-2-9-b-4,77,G
1547-2-9-d-3,77,G
1547-2-9-e-4,77,G
1547-2-a-b-3,77,G
1547-2-a-c-4,77,G
1548-1-9-d-3,77,G
1548-1-9-e-4,77,G
1548-1-a-b-3,77,G
1548-1-a-c-4,77,G
1548-1-a-e-3,77,G
1548-1-a-f-4,77,G
1547-2-7-17-1,77,G
1547-2-7-18-2,77,G
1547-2-8-15-1,77,G
1547-2-8-16-1,77,G
1547-2-8-17-2,77,G
1548-1-9-17-1,77,G
1548-1-9-18-2,77,G
1548-1-a-15-1,77,G
1548-1-a-16-2,77,G
1548-1-a-18-1,77,G
1547-2-c-3-3,77,G
1547-2-c-4-4,77,G
1548-1-d-2-3,77,G
1548-1-d-3-4,77,G
1548-1-d-5-3,77,G
1548-1-e-1-4,77,G
1548-1-e-3-3,77,G
1548-1-e-4-4,77,G
1548-1-f-1-3,77,G
1548-1-f-2-4,77,G
1548-1-c-e-2,77,G
1548-1-d-b-1,77,G
1548-1-d-c-1,77,G
1548-1-d-d-2,77,G
1548-1-d-f-1,77,G
1548-1-e-b-2,77,G
1548-1-e-d-1,77,G
1548-1-e-e-2,77,G
1548-1-f-b-1,77,G
1548-1-c-10-4,77,G
1548-1-c-12-3,77,G
1548-1-c-13-4,77,G
1548-1-d-10-3,77,G
1548-1-d-11-3,77,G
1548-1-d-12-4,77,G
1548-1-d-14-3,77,G
1548-1-e-10-4,77,G
1548-1-e-12-3,77,G
1548-1-e-13-4,77,G
1548-1-10-5-1,77,G
1548-1-11-1-2,77,G
1548-1-11-3-1,77,G
1548-1-11-4-2,77,G
1548-1-12-1-1,77,G
1548-1-12-2-1,77,G
1548-1-12-3-2,77,G
1548-1-12-5-1,77,G
1548-1-13-1-2,77,G
1548-1-13-3-1,77,G
1548-1-13-4-2,77,G
1548-1-10-8-4,77,G
1548-1-10-a-3,77,G
1548-1-11-6-4,77,G
1548-1-11-8-3,77,G
1548-1-11-9-4,77,G
1548-1-12-6-3,77,G
1548-1-12-7-3,77,G
1548-1-12-8-4,77,G
1548-1-12-a-3,77,G
1548-1-13-6-4,77,G
1548-1-13-8-3,77,G
1547-2-14-e-3,77,G
1548-1-10-c-3,77,G
1548-1-10-d-4,77,G
1548-1-10-f-3,77,G
1548-1-11-b-4,77,G
1548-1-11-d-3,77,G
1548-1-11-e-4,77,G
1548-1-12-b-3,77,G
1548-1-12-c-3,77,G
1548-1-12-d-4,77,G
1548-1-12-f-3,77,G
1548-1-13-b-4,77,G
1547-2-14-15-1,77,G
1547-2-14-16-2,77,G
1547-2-14-18-1,77,G
1547-2-14-19-2,77,G
1548-1-10-16-1,77,G
1548-1-10-17-2,77,G
1548-1-10-19-1,77,G
1548-1-11-15-2,77,G
1548-1-11-17-1,77,G
1548-1-11-18-2,77,G
1548-1-12-15-1,77,G
1548-1-12-16-1,77,G
1548-1-12-17-2,77,G
1547-2-18-3-3,77,G
1547-2-18-4-4,77,G
1547-2-19-1-3,77,G
1547-2-19-2-4,77,G
1547-2-19-4-3,77,G
1547-2-19-5-4,77,G
1548-1-15-2-3,77,G
1548-1-15-3-4,77,G
1548-1-15-5-3,77,G
1548-1-16-1-4,77,G
1548-1-16-3-3,77,G
1548-1-16-4-4,77,G
1548-1-17-1-3,77,G
1547-2-18-d-1,77,G
1547-2-18-e-2,77,G
1547-2-19-b-1,77,G
1547-2-19-c-2,77,G
1547-2-19-e-1,77,G
1547-2-19-f-2,77,G
1548-1-15-c-1,77,G
1548-1-15-d-2,77,G
1548-1-15-f-1,77,G
1548-1-16-b-2,77,G
1548-1-16-d-1,77,G
1548-1-16-e-2,77,G
1547-2-18-10-4,77,G
1547-2-18-12-3,77,G
1547-2-18-13-4,77,G
1547-2-19-10-3,77,G
1547-2-19-11-4,77,G
1547-2-19-13-3,77,G
1547-2-19-14-4,77,G
1548-1-15-11-3,77,G
1548-1-15-12-4,77,G
1548-1-15-14-3,77,G
1548-1-16-10-4,77,G
1548-1-16-12-3,77,G
1547-4-3-5-1,77,G
1547-4-4-1-2,77,G
1547-4-4-3-1,77,G
1547-4-4-4-2,77,G
1547-4-5-1-1,77,G
1547-4-5-2-2,77,G
1547-4-5-4-1,77,G
1547-4-5-5-2,77,G
1548-3-1-2-1,77,G
1548-3-1-3-2,77,G
1548-3-1-5-1,77,G
1548-3-2-1-2,77,G
1547-4-3-a-3,77,G
1547-4-4-6-4,77,G
1547-4-4-8-3,77,G
1547-4-4-9-4,77,G
1547-4-5-6-3,77,G
1547-4-5-7-4,77,G
1547-4-5-9-3,77,G
1547-4-5-a-4,77,G
1548-3-1-7-3,77,G
1548-3-1-8-4,77,G
1547-3-5-14-2,77,G
1547-4-1-11-1,77,G
1547-4-1-12-2,77,G
1547-4-1-14-1,77,G
1547-4-2-10-2,77,G
1547-4-2-12-1,77,G
1547-4-4-13-2,77,G
1547-4-5-10-1,77,G
1547-4-5-11-2,77,G
1547-4-5-13-1,77,G
1547-4-5-14-2,77,G
1548-3-1-11-1,77,G
1547-3-3-16-3,77,G
1547-3-3-17-4,77,G
1547-3-3-19-3,77,G
1547-3-4-15-4,77,G
1547-3-4-17-3,77,G
1547-3-4-18-4,77,G
1547-3-5-15-3,77,G
1547-3-5-16-4,77,G
1547-3-5-18-3,77,G
1547-3-5-19-4,77,G
1547-4-1-16-3,77,G
1547-4-1-17-4,77,G
1547-4-1-19-3,77,G
1547-4-2-15-4,77,G
1547-4-2-17-3,77,G
1547-4-2-18-4,77,G
1547-4-3-15-3,77,G
1547-4-3-16-3,77,G
1547-4-4-18-4,77,G
1547-4-5-15-3,77,G
1547-4-5-16-4,77,G
1547-4-5-18-3,77,G
1547-4-5-19-4,77,G
1547-3-7-8-1,77,G
1547-3-7-9-2,77,G
1547-3-8-6-1,77,G
1547-3-8-7-1,77,G
1547-3-8-8-2,77,G
1547-3-8-a-1,77,G
1547-3-9-6-2,77,G
1547-3-9-8-1,77,G
1547-3-9-9-2,77,G
1547-3-a-6-1,77,G
1547-3-a-7-2,77,G
1547-3-a-9-1,77,G
1547-3-a-a-2,77,G
1547-4-6-7-1,77,G
1547-4-6-8-2,77,G
1547-4-6-a-1,77,G
1547-4-7-6-2,77,G
1547-4-7-8-1,77,G
1547-4-7-9-2,77,G
1547-4-8-6-1,77,G
1547-4-8-7-1,77,G
1547-4-8-8-2,77,G
1547-4-8-a-1,77,G
1547-4-9-6-2,77,G
1547-4-9-8-1,77,G
1547-4-9-9-2,77,G
1547-4-a-6-1,77,G
1547-4-a-7-2,77,G
1547-4-a-9-1,77,G
1546-4-a-e-3,77,G
1546-4-a-f-4,77,G
1547-3-6-c-3,77,G
1547-3-6-d-4,77,G
1547-3-6-f-3,77,G
1547-3-7-b-4,77,G
1547-3-7-d-3,77,G
1547-3-7-e-4,77,G
1547-3-8-b-3,77,G
1547-3-8-c-3,77,G
1547-3-8-d-4,77,G
1547-3-8-f-3,77,G
1547-3-9-b-4,77,G
1547-3-9-d-3,77,G
1547-3-9-e-4,77,G
1547-3-a-b-3,77,G
1547-3-a-c-4,77,G
1547-3-a-e-3,77,G
1547-3-a-f-4,77,G
1547-4-6-c-3,77,G
1547-4-6-d-4,77,G
1547-4-6-f-3,77,G
1547-4-7-b-4,77,G
1547-4-7-d-3,77,G
1547-4-7-e-4,77,G
1547-4-8-b-3,77,G
1547-4-8-c-3,77,G
1547-4-8-d-4,77,G
1547-4-8-f-3,77,G
1547-4-9-b-4,77,G
1547-4-9-d-3,77,G
1547-4-9-e-4,77,G
1547-4-a-b-3,77,G
1547-4-a-c-4,77,G
1546-4-a-15-1,77,G
1546-4-a-16-2,77,G
1546-4-a-18-1,77,G
1546-4-a-19-2,77,G
1547-3-6-16-1,77,G
1547-3-6-17-2,77,G
1547-3-6-19-1,77,G
1547-3-7-15-2,77,G
1547-3-7-17-1,77,G
1547-3-7-18-2,77,G
1547-3-8-15-1,77,G
1547-3-8-16-1,77,G
1547-3-8-17-2,77,G
1547-3-8-19-1,77,G
1547-3-9-15-2,77,G
1547-3-9-17-1,77,G
1547-3-9-18-2,77,G
1547-3-a-15-1,77,G
1547-3-a-16-2,77,G
1547-3-a-18-1,77,G
1547-3-a-19-2,77,G
1547-4-6-16-1,77,G
1547-4-6-17-2,77,G
1547-4-6-19-1,77,G
1547-4-7-15-2,77,G
1547-4-7-17-1,77,G
1547-4-7-18-2,77,G
1547-4-8-15-1,77,G
1547-4-8-16-1,77,G
1547-4-8-17-2,77,G
1547-4-8-19-1,77,G
1547-4-9-15-2,77,G
1547-4-9-17-1,77,G
1547-4-9-18-2,77,G
1547-4-a-15-1,77,G
1546-4-e-4-4,77,G
1546-4-f-1-3,77,G
1546-4-f-2-4,77,G
1546-4-f-4-3,77,G
1546-4-f-5-4,77,G
1547-3-b-2-3,77,G
1547-3-b-3-4,77,G
1547-3-b-5-3,77,G
1547-3-c-1-4,77,G
1547-3-c-3-3,77,G
1547-3-c-4-4,77,G
1547-3-d-1-3,77,G
1547-3-d-2-3,77,G
1547-3-d-3-4,77,G
1547-3-d-5-3,77,G
1547-3-e-1-4,77,G
1547-3-e-3-3,77,G
1547-3-e-4-4,77,G
1547-3-f-1-3,77,G
1547-3-f-2-4,77,G
1547-3-f-4-3,77,G
1547-3-f-5-4,77,G
1547-4-b-2-3,77,G
1547-4-b-3-4,77,G
1547-4-b-5-3,77,G
1547-4-c-1-4,77,G
1547-4-c-3-3,77,G
1547-4-c-4-4,77,G
1547-4-d-1-3,77,G
1547-4-d-2-3,77,G
1547-4-d-3-4,77,G
1547-4-d-5-3,77,G
1547-4-e-1-4,77,G
1547-4-e-3-3,77,G
1547-4-e-4-4,77,G
1547-4-f-1-3,77,G
1546-4-b-c-1,77,G
1546-4-b-d-2,77,G
1546-4-b-f-1,77,G
1546-4-e-e-2,77,G
1546-4-f-b-1,77,G
1546-4-f-c-2,77,G
1546-4-f-e-1,77,G
1546-4-f-f-2,77,G
1547-3-b-c-1,77,G
1547-3-b-d-2,77,G
1547-3-b-f-1,77,G
1547-3-c-b-2,77,G
1547-3-c-d-1,77,G
1547-3-c-e-2,77,G
1547-3-d-b-1,77,G
1547-3-d-c-1,77,G
1547-3-d-d-2,77,G
1547-3-d-f-1,77,G
1547-3-e-b-2,77,G
1547-3-e-d-1,77,G
1547-3-e-e-2,77,G
1547-3-f-b-1,77,G
1547-3-f-c-2,77,G
1547-3-f-e-1,77,G
1547-3-f-f-2,77,G
1547-4-b-c-1,77,G
1547-4-b-d-2,77,G
1547-4-b-f-1,77,G
1547-4-c-b-2,77,G
1547-4-c-d-1,77,G
1547-4-c-e-2,77,G
1547-4-d-b-1,77,G
1547-4-d-c-1,77,G
1547-4-d-d-2,77,G
1547-4-d-f-1,77,G
1547-4-e-b-2,77,G
1547-4-e-d-1,77,G
1547-4-e-e-2,77,G
1546-4-b-11-3,77,G
1546-4-b-12-4,77,G
1546-4-b-14-3,77,G
1546-4-c-10-4,77,G
1546-4-e-12-3,77,G
1546-4-e-13-4,77,G
1546-4-f-10-3,77,G
1546-4-f-11-4,77,G
1546-4-f-13-3,77,G
1546-4-f-14-4,77,G
1547-3-b-11-3,77,G
1547-3-b-12-4,77,G
1547-3-b-14-3,77,G
1547-3-c-10-4,77,G
1547-3-c-12-3,77,G
1547-3-c-13-4,77,G
1547-3-d-10-3,77,G
1547-3-d-11-3,77,G
1547-3-d-12-4,77,G
1547-3-d-14-3,77,G
1547-3-e-10-4,77,G
1547-3-e-12-3,77,G
1547-3-e-13-4,77,G
1547-3-f-10-3,77,G
1547-3-f-11-4,77,G
1547-3-f-13-3,77,G
1547-3-f-14-4,77,G
1547-4-b-11-3,77,G
1547-4-b-12-4,77,G
1547-4-b-14-3,77,G
1547-4-c-10-4,77,G
1547-4-c-12-3,77,G
1547-4-c-13-4,77,G
1547-4-d-10-3,77,G
1547-4-d-11-3,77,G
1547-4-d-12-4,77,G
1547-4-d-14-3,77,G
1547-4-e-10-4,77,G
1547-4-e-12-3,77,G
1546-4-10-3-2,77,G
1546-4-10-5-1,77,G
1546-4-11-1-2,77,G
1546-4-12-5-1,77,G
1546-4-13-1-2,77,G
1546-4-13-3-1,77,G
1546-4-13-4-2,77,G
1546-4-14-1-1,77,G
1546-4-14-2-2,77,G
1546-4-14-4-1,77,G
1546-4-14-5-2,77,G
1547-3-10-2-1,77,G
1547-3-10-3-2,77,G
1547-3-10-5-1,77,G
1547-3-11-1-2,77,G
1547-3-11-3-1,77,G
1547-3-11-4-2,77,G
1547-3-12-1-1,77,G
1547-3-12-2-1,77,G
1547-3-12-3-2,77,G
1547-3-12-5-1,77,G
1547-3-13-1-2,77,G
1547-3-13-3-1,77,G
1547-3-13-4-2,77,G
1547-3-14-1-1,77,G
1547-3-14-2-2,77,G
1547-3-14-4-1,77,G
1547-3-14-5-2,77,G
1547-4-10-2-1,77,G
1547-4-10-3-2,77,G
1547-4-10-5-1,77,G
1547-4-11-1-2,77,G
1547-4-11-3-1,77,G
1547-4-11-4-2,77,G
1547-4-12-1-1,77,G
1547-4-12-2-1,77,G
1547-4-12-3-2,77,G
1547-4-12-5-1,77,G
1547-4-13-1-2,77,G
1547-4-13-3-1,77,G
1546-4-10-a-3,77,G
1546-4-11-6-4,77,G
1546-4-11-8-3,77,G
1546-4-12-a-3,77,G
1546-4-13-6-4,77,G
1546-4-13-8-3,77,G
1546-4-13-9-4,77,G
1546-4-14-6-3,77,G
1546-4-14-7-4,77,G
1546-4-14-9-3,77,G
1546-4-14-a-4,77,G
1547-3-10-7-3,77,G
1547-3-10-8-4,77,G
1547-3-10-a-3,77,G
1547-3-11-6-4,77,G
1547-3-11-8-3,77,G
1547-3-11-9-4,77,G
1547-3-12-6-3,77,G
1547-3-12-7-3,77,G
1547-3-12-8-4,77,G
1547-3-12-a-3,77,G
1547-3-13-6-4,77,G
1547-3-13-8-3,77,G
1547-3-13-9-4,77,G
1547-3-14-6-3,77,G
1547-3-14-7-4,77,G
1547-3-14-9-3,77,G
1547-3-14-a-4,77,G
1547-4-10-7-3,77,G
1547-4-10-8-4,77,G
1547-4-10-a-3,77,G
1547-4-11-6-4,77,G
1547-4-11-8-3,77,G
1547-4-11-9-4,77,G
1547-4-12-6-3,77,G
1547-4-12-7-3,77,G
1547-4-12-8-4,77,G
1547-4-12-a-3,77,G
1547-4-13-6-4,77,G
1547-4-13-8-3,77,G
1547-4-13-9-4,77,G
1547-4-14-6-3,77,G
1546-4-10-f-3,77,G
1546-4-11-b-4,77,G
1546-4-11-d-3,77,G
1546-4-12-d-4,77,G
1546-4-12-f-3,77,G
1546-4-13-b-4,77,G
1546-4-13-d-3,77,G
1546-4-13-e-4,77,G
1546-4-14-b-3,77,G
1546-4-14-c-4,77,G
1546-4-14-e-3,77,G
1546-4-14-f-4,77,G
1547-3-10-c-3,77,G
1547-3-10-d-4,77,G
1547-3-10-f-3,77,G
1547-3-11-b-4,77,G
1547-3-11-d-3,77,G
1547-3-11-e-4,77,G
1547-3-12-b-3,77,G
1547-3-12-c-3,77,G
1547-3-12-d-4,77,G
1547-3-12-f-3,77,G
1547-3-13-b-4,77,G
1547-3-13-d-3,77,G
1547-3-13-e-4,77,G
1547-3-14-b-3,77,G
1547-3-14-c-4,77,G
1547-3-14-e-3,77,G
1547-3-14-f-4,77,G
1547-4-10-c-3,77,G
1547-4-10-d-4,77,G
1547-4-10-f-3,77,G
1547-4-11-b-4,77,G
1547-4-11-d-3,77,G
1547-4-11-e-4,77,G
1547-4-12-b-3,77,G
1547-4-12-c-3,77,G
1547-4-12-d-4,77,G
1547-4-12-f-3,77,G
1547-4-13-b-4,77,G
1547-4-13-d-3,77,G
1547-4-13-e-4,77,G
1546-4-10-19-1,77,G
1546-4-11-15-2,77,G
1546-4-11-17-1,77,G
1546-4-11-18-2,77,G
1546-4-12-17-2,77,G
1546-4-12-19-1,77,G
1546-4-13-15-2,77,G
1546-4-13-17-1,77,G
1546-4-13-18-2,77,G
1546-4-14-15-1,77,G
1546-4-14-16-2,77,G
1546-4-14-18-1,77,G
1546-4-14-19-2,77,G
1547-3-10-16-1,77,G
1547-3-10-17-2,77,G
1547-3-10-19-1,77,G
1547-3-11-15-2,77,G
1547-3-11-17-1,77,G
1547-3-11-18-2,77,G
1547-3-12-15-1,77,G
1547-3-12-16-1,77,G
1547-3-12-17-2,77,G
1547-3-12-19-1,77,G
1547-3-13-15-2,77,G
1547-3-13-17-1,77,G
1547-3-13-18-2,77,G
1547-3-14-15-1,77,G
1547-3-14-16-2,77,G
1547-3-14-18-1,77,G
1547-3-14-19-2,77,G
1547-4-10-16-1,77,G
1547-4-10-17-2,77,G
1547-4-10-19-1,77,G
1547-4-11-15-2,77,G
1547-4-11-17-1,77,G
1547-4-11-18-2,77,G
1547-4-12-15-1,77,G
1547-4-12-16-1,77,G
1547-4-12-17-2,77,G
1547-4-12-19-1,77,G
1547-4-13-15-2,77,G
1546-4-15-5-3,77,G
1546-4-16-1-4,77,G
1546-4-16-3-3,77,G
1546-4-16-4-4,77,G
1546-4-17-2-3,77,G
1546-4-17-3-4,77,G
1546-4-17-5-3,77,G
1546-4-18-1-4,77,G
1546-4-18-3-3,77,G
1546-4-18-4-4,77,G
1546-4-19-1-3,77,G
1546-4-19-2-4,77,G
1546-4-19-4-3,77,G
1546-4-19-5-4,77,G
1547-3-15-2-3,77,G
1547-3-15-3-4,77,G
1547-3-15-5-3,77,G
1547-3-16-1-4,77,G
1547-3-16-3-3,77,G
1547-3-16-4-4,77,G
1547-3-17-1-3,77,G
1547-3-17-2-3,77,G
1547-3-17-3-4,77,G
1547-3-17-5-3,77,G
1547-3-18-1-4,77,G
1547-3-18-3-3,77,G
1547-3-18-4-4,77,G
1547-3-19-1-3,77,G
1547-3-19-2-4,77,G
1547-3-19-4-3,77,G
1547-3-19-5-4,77,G
1547-4-15-2-3,77,G
1547-4-15-3-4,77,G
1547-4-15-5-3,77,G
1547-4-16-1-4,77,G
1547-4-16-3-3,77,G
1547-4-16-4-4,77,G
1547-4-17-1-3,77,G
1547-4-17-2-3,77,G
1547-4-17-3-4,77,G
1546-4-15-f-1,77,G
1546-4-16-b-2,77,G
1546-4-16-d-1,77,G
1546-4-16-e-2,77,G
1546-4-17-b-1,77,G
1546-4-17-c-1,77,G
1546-4-17-d-2,77,G
1546-4-17-f-1,77,G
1546-4-18-b-2,77,G
1546-4-18-d-1,77,G
1546-4-18-e-2,77,G
1546-4-19-b-1,77,G
1546-4-19-c-2,77,G
1546-4-19-e-1,77,G
1546-4-19-f-2,77,G
1547-3-15-c-1,77,G
1547-3-15-d-2,77,G
1547-3-15-f-1,77,G
1547-3-16-b-2,77,G
1547-3-16-d-1,77,G
1547-3-16-e-2,77,G
1547-3-17-b-1,77,G
1547-3-17-c-1,77,G
1547-3-17-d-2,77,G
1547-3-17-f-1,77,G
1547-3-18-b-2,77,G
1547-3-18-d-1,77,G
1547-3-18-e-2,77,G
1547-3-19-b-1,77,G
1547-3-19-c-2,77,G
1547-3-19-e-1,77,G
1547-3-19-f-2,77,G
1547-4-15-c-1,77,G
1547-4-15-d-2,77,G
1547-4-15-f-1,77,G
1547-4-16-b-2,77,G
1547-4-16-d-1,77,G
1547-4-16-e-2,77,G
1547-4-17-b-1,77,G
1547-4-17-c-1,77,G
1547-4-17-d-2,77,G
1546-4-16-10-4,77,G
1546-4-16-12-3,77,G
1546-4-16-13-4,77,G
1546-4-17-10-3,77,G
1546-4-17-11-3,77,G
1546-4-17-12-4,77,G
1546-4-17-14-3,77,G
1546-4-18-10-4,77,G
1546-4-18-12-3,77,G
1546-4-18-13-4,77,G
1546-4-19-10-3,77,G
1546-4-19-11-4,77,G
1546-4-19-13-3,77,G
1546-4-19-14-4,77,G
1547-3-15-11-3,77,G
1547-3-15-12-4,77,G
1547-3-15-14-3,77,G
1547-3-16-10-4,77,G
1547-3-16-12-3,77,G
1547-3-16-13-4,77,G
1547-3-17-10-3,77,G
1547-3-17-11-3,77,G
1547-3-17-12-4,77,G
1547-3-17-14-3,77,G
1547-3-18-10-4,77,G
1547-3-18-12-3,77,G
1547-3-18-13-4,77,G
1547-3-19-10-3,77,G
1547-3-19-11-4,77,G
1547-3-19-13-3,77,G
1547-3-19-14-4,77,G
1547-4-15-11-3,77,G
1547-4-15-12-4,77,G
1547-4-15-14-3,77,G
1547-4-16-10-4,77,G
1547-4-16-12-3,77,G
1547-4-16-13-4,77,G
1547-4-17-10-3,77,G
1547-4-17-11-3,77,G
1612-2-2-3-1,77,G
1612-2-2-4-2,77,G
1612-2-3-1-1,77,G
1612-2-3-2-1,77,G
1612-2-3-3-2,77,G
1612-2-3-5-1,77,G
1612-2-4-1-2,77,G
1612-2-4-3-1,77,G
1612-2-4-4-2,77,G
1612-2-5-1-1,77,G
1612-2-5-2-2,77,G
1612-2-5-4-1,77,G
1612-2-5-5-2,77,G
1613-1-1-2-1,77,G
1613-1-1-3-2,77,G
1613-1-1-5-1,77,G
1613-1-2-1-2,77,G
1613-1-2-3-1,77,G
1613-1-2-4-2,77,G
1613-1-3-1-1,77,G
1613-1-3-2-1,77,G
1613-1-3-3-2,77,G
1613-1-3-5-1,77,G
1613-1-4-1-2,77,G
1613-1-4-3-1,77,G
1613-1-4-4-2,77,G
1613-1-5-1-1,77,G
1613-1-5-2-2,77,G
1613-1-5-4-1,77,G
1613-1-5-5-2,77,G
1613-2-1-2-1,77,G
1613-2-1-3-2,77,G
1613-2-1-5-1,77,G
1613-2-2-1-2,77,G
1613-2-2-3-1,77,G
1613-2-2-4-2,77,G
1613-2-3-1-1,77,G
1612-2-2-8-3,77,G
1612-2-2-9-4,77,G
1612-2-3-6-3,77,G
1612-2-3-7-3,77,G
1612-2-3-8-4,77,G
1612-2-3-a-3,77,G
1612-2-4-6-4,77,G
1612-2-4-8-3,77,G
1612-2-4-9-4,77,G
1612-2-5-6-3,77,G
1612-2-5-7-4,77,G
1612-2-5-9-3,77,G
1612-2-5-a-4,77,G
1613-1-1-7-3,77,G
1613-1-1-8-4,77,G
1613-1-1-a-3,77,G
1613-1-2-6-4,77,G
1613-1-2-8-3,77,G
1613-1-2-9-4,77,G
1613-1-3-6-3,77,G
1613-1-3-7-3,77,G
1613-1-3-8-4,77,G
1613-1-3-a-3,77,G
1613-1-4-6-4,77,G
1613-1-4-8-3,77,G
1613-1-4-9-4,77,G
1613-1-5-6-3,77,G
1613-1-5-7-4,77,G
1613-1-5-9-3,77,G
1613-1-5-a-4,77,G
1613-2-1-7-3,77,G
1613-2-1-8-4,77,G
1613-2-1-a-3,77,G
1613-2-2-6-4,77,G
1613-2-2-8-3,77,G
1613-2-2-9-4,77,G
1613-2-3-6-3,77,G
1612-2-2-13-2,77,G
1612-2-3-10-1,77,G
1612-2-3-11-1,77,G
1612-2-3-12-2,77,G
1612-2-3-14-1,77,G
1612-2-4-10-2,77,G
1612-2-4-12-1,77,G
1612-2-4-13-2,77,G
1612-2-5-10-1,77,G
1612-2-5-11-2,77,G
1612-2-5-13-1,77,G
1612-2-5-14-2,77,G
1613-1-1-11-1,77,G
1613-1-1-12-2,77,G
1613-1-1-14-1,77,G
1613-1-2-10-2,77,G
1613-1-2-12-1,77,G
1613-1-2-13-2,77,G
1613-1-3-10-1,77,G
1613-1-3-11-1,77,G
1613-1-3-12-2,77,G
1613-1-3-14-1,77,G
1613-1-4-10-2,77,G
1613-1-4-12-1,77,G
1613-1-4-13-2,77,G
1613-1-5-10-1,77,G
1613-1-5-11-2,77,G
1613-1-5-13-1,77,G
1613-1-5-14-2,77,G
1613-2-1-11-1,77,G
1613-2-1-12-2,77,G
1613-2-1-14-1,77,G
1613-2-2-10-2,77,G
1613-2-2-12-1,77,G
1613-2-2-13-2,77,G
1613-2-3-10-1,77,G
1612-2-3-15-3,77,G
1612-2-3-16-3,77,G
1612-2-3-17-4,77,G
1612-2-3-19-3,77,G
1612-2-4-15-4,77,G
1612-2-4-17-3,77,G
1612-2-4-18-4,77,G
1612-2-5-15-3,77,G
1612-2-5-16-4,77,G
1612-2-5-18-3,77,G
1612-2-5-19-4,77,G
1613-1-1-16-3,77,G
1613-1-1-17-4,77,G
1613-1-1-19-3,77,G
1613-1-2-15-4,77,G
1613-1-2-17-3,77,G
1613-1-2-18-4,77,G
1613-1-3-15-3,77,G
1613-1-3-16-3,77,G
1613-1-4-15-4,77,G
1613-1-4-17-3,77,G
1613-1-4-18-4,77,G
1613-1-5-15-3,77,G
1613-1-5-16-4,77,G
1613-1-5-18-3,77,G
1613-1-5-19-4,77,G
1613-2-1-16-3,77,G
1613-2-1-17-4,77,G
1613-2-1-19-3,77,G
1613-2-2-15-4,77,G
1613-2-2-17-3,77,G
1613-2-2-18-4,77,G
1613-2-3-15-3,77,G
1613-2-3-16-3,77,G
1612-2-8-8-2,77,G
1612-2-8-a-1,77,G
1612-2-9-6-2,77,G
1612-2-9-9-2,77,G
1612-2-a-6-1,77,G
1612-2-a-7-2,77,G
1612-2-a-9-1,77,G
1612-2-a-a-2,77,G
1613-1-6-7-1,77,G
1613-1-9-9-2,77,G
1613-1-a-6-1,77,G
1613-1-a-7-2,77,G
1613-1-a-9-1,77,G
1613-1-a-a-2,77,G
1613-2-6-7-1,77,G
1613-2-6-8-2,77,G
1613-2-6-a-1,77,G
1613-2-7-6-2,77,G
1613-2-7-8-1,77,G
1613-2-7-9-2,77,G
1613-2-8-6-1,77,G
1613-2-8-7-1,77,G
1613-1-9-e-4,77,G
1613-1-a-b-3,77,G
1613-1-a-c-4,77,G
1613-1-a-e-3,77,G
1613-1-a-f-4,77,G
1613-2-6-c-3,77,G
1613-2-6-d-4,77,G
1613-2-6-f-3,77,G
1613-2-7-b-4,77,G
1613-2-7-d-3,77,G
1613-2-7-e-4,77,G
1613-2-8-b-3,77,G
1613-2-8-c-3,77,G
1613-2-8-d-4,77,G
1613-1-a-16-2,77,G
1613-1-a-18-1,77,G
1613-1-a-19-2,77,G
1613-2-6-16-1,77,G
1613-2-6-17-2,77,G
1613-2-6-19-1,77,G
1613-2-7-15-2,77,G
1613-2-7-17-1,77,G
1613-2-7-18-2,77,G
1613-2-8-15-1,77,G
1613-2-8-16-1,77,G
1613-2-8-17-2,77,G
1613-1-f-2-4,77,G
1613-1-f-4-3,77,G
1613-1-f-5-4,77,G
1613-2-b-2-3,77,G
1613-2-b-3-4,77,G
1613-2-b-5-3,77,G
1613-2-c-1-4,77,G
1613-2-c-3-3,77,G
1613-2-c-4-4,77,G
1613-2-d-1-3,77,G
1613-2-d-2-3,77,G
1613-2-d-3-4,77,G
1613-2-d-5-3,77,G
1613-1-f-c-2,77,G
1613-1-f-e-1,77,G
1613-1-f-f-2,77,G
1613-2-b-c-1,77,G
1613-2-b-d-2,77,G
1613-2-b-f-1,77,G
1613-2-c-b-2,77,G
1613-2-c-d-1,77,G
1613-2-c-e-2,77,G
1613-2-d-b-1,77,G
1613-2-d-c-1,77,G
1613-2-d-d-2,77,G
1613-2-d-f-1,77,G
1613-2-e-e-2,77,G
1613-2-f-b-1,77,G
1613-1-f-11-4,77,G
1613-1-f-13-3,77,G
1613-1-f-14-4,77,G
1613-2-b-11-3,77,G
1613-2-b-12-4,77,G
1613-2-b-14-3,77,G
1613-2-c-10-4,77,G
1613-2-c-12-3,77,G
1613-2-c-13-4,77,G
1613-2-d-10-3,77,G
1613-2-d-11-3,77,G
1613-2-d-12-4,77,G
1613-2-d-14-3,77,G
1613-2-e-10-4,77,G
1613-2-e-12-3,77,G
1613-2-e-13-4,77,G
1613-2-f-10-3,77,G
1613-2-f-11-4,77,G
1613-2-f-13-3,77,G
1613-1-14-2-2,77,G
1613-1-14-4-1,77,G
1613-1-14-5-2,77,G
1613-2-10-2-1,77,G
1613-2-10-3-2,77,G
1613-2-10-5-1,77,G
1613-2-11-1-2,77,G
1613-2-11-3-1,77,G
1613-2-11-4-2,77,G
1613-2-12-1-1,77,G
1613-2-12-2-1,77,G
1613-2-12-3-2,77,G
1613-2-12-5-1,77,G
1613-2-13-1-2,77,G
1613-2-13-3-1,77,G
1613-2-13-4-2,77,G
1613-2-14-1-1,77,G
1613-2-14-2-2,77,G
1613-2-14-4-1,77,G
1613-2-14-5-2,77,G
1613-1-14-7-4,77,G
1613-1-14-9-3,77,G
1613-1-14-a-4,77,G
1613-2-10-7-3,77,G
1613-2-10-8-4,77,G
1613-2-10-a-3,77,G
1613-2-11-6-4,77,G
1613-2-11-8-3,77,G
1613-2-11-9-4,77,G
1613-2-12-6-3,77,G
1613-2-12-7-3,77,G
1613-2-12-8-4,77,G
1613-2-12-a-3,77,G
1613-2-13-6-4,77,G
1613-2-13-8-3,77,G
1613-2-13-9-4,77,G
1613-2-14-6-3,77,G
1613-2-14-7-4,77,G
1613-2-14-9-3,77,G
1613-2-14-a-4,77,G
1613-1-14-e-3,77,G
1613-1-14-f-4,77,G
1613-2-10-c-3,77,G
1613-2-10-d-4,77,G
1613-2-10-f-3,77,G
1613-2-11-b-4,77,G
1613-2-11-d-3,77,G
1613-2-11-e-4,77,G
1613-2-12-b-3,77,G
1613-2-12-c-3,77,G
1613-2-12-d-4,77,G
1613-2-12-f-3,77,G
1613-2-13-b-4,77,G
1613-2-13-d-3,77,G
1613-2-13-e-4,77,G
1613-2-14-b-3,77,G
1613-2-14-c-4,77,G
1613-2-14-e-3,77,G
1613-2-14-f-4,77,G
1613-1-14-18-1,77,G
1613-1-14-19-2,77,G
1613-2-10-16-1,77,G
1613-2-10-17-2,77,G
1613-2-10-19-1,77,G
1613-2-11-15-2,77,G
1613-2-11-17-1,77,G
1613-2-11-18-2,77,G
1613-2-12-15-1,77,G
1613-2-12-16-1,77,G
1613-2-12-17-2,77,G
1613-2-12-19-1,77,G
1613-2-13-15-2,77,G
1613-2-13-17-1,77,G
1613-2-13-18-2,77,G
1613-2-14-15-1,77,G
1613-2-14-16-2,77,G
1613-2-14-18-1,77,G
1613-2-14-19-2,77,G
1613-1-19-4-3,77,G
1613-1-19-5-4,77,G
1613-2-15-2-3,77,G
1613-2-15-3-4,77,G
1613-2-15-5-3,77,G
1613-2-16-1-4,77,G
1613-2-16-3-3,77,G
1613-2-16-4-4,77,G
1613-2-17-1-3,77,G
1613-2-17-2-3,77,G
1613-2-17-3-4,77,G
1613-2-17-5-3,77,G
1613-2-18-1-4,77,G
1613-2-18-3-3,77,G
1613-2-18-4-4,77,G
1613-2-19-1-3,77,G
1613-2-19-2-4,77,G
1613-2-19-4-3,77,G
1613-1-19-e-1,77,G
1613-1-19-f-2,77,G
1613-2-15-c-1,77,G
1613-2-15-d-2,77,G
1613-2-15-f-1,77,G
1613-2-16-b-2,77,G
1613-2-16-d-1,77,G
1613-2-16-e-2,77,G
1613-2-17-b-1,77,G
1613-2-17-c-1,77,G
1613-2-17-d-2,77,G
1613-2-17-f-1,77,G
1613-2-18-b-2,77,G
1613-2-18-d-1,77,G
1613-2-18-e-2,77,G
1613-2-19-b-1,77,G
1613-2-19-c-2,77,G
1613-1-19-13-3,77,G
1613-1-19-14-4,77,G
1613-2-15-11-3,77,G
1613-2-15-12-4,77,G
1613-2-15-14-3,77,G
1613-2-16-10-4,77,G
1613-2-16-12-3,77,G
1613-2-16-13-4,77,G
1613-2-17-10-3,77,G
1613-2-17-11-3,77,G
1613-2-17-12-4,77,G
1613-2-17-14-3,77,G
1613-2-18-10-4,77,G
1613-2-18-12-3,77,G
1613-2-18-13-4,77,G
1613-2-19-10-3,77,G
1613-3-5-4-1,77,G
1613-3-5-5-2,77,G
1613-4-1-2-1,77,G
1613-4-1-3-2,77,G
1613-4-1-5-1,77,G
1613-4-2-1-2,77,G
1613-4-2-3-1,77,G
1613-4-2-4-2,77,G
1613-4-3-1-1,77,G
1613-4-3-2-1,77,G
1613-4-3-3-2,77,G
1613-4-3-5-1,77,G
1613-4-4-1-2,77,G
1613-4-4-3-1,77,G
1613-4-4-4-2,77,G
1613-3-5-9-3,77,G
1613-3-5-a-4,77,G
1613-4-1-7-3,77,G
1613-4-1-8-4,77,G
1613-4-1-a-3,77,G
1613-4-2-6-4,77,G
1613-4-2-8-3,77,G
1613-4-2-9-4,77,G
1613-4-3-6-3,77,G
1613-4-3-7-3,77,G
1613-4-3-8-4,77,G
1613-4-3-a-3,77,G
1613-4-4-6-4,77,G
1613-4-4-8-3,77,G
1613-3-5-13-1,77,G
1613-3-5-14-2,77,G
1613-4-1-11-1,77,G
1613-4-1-12-2,77,G
1613-4-1-14-1,77,G
1613-4-2-10-2,77,G
1613-4-2-12-1,77,G
1613-4-2-13-2,77,G
1613-4-3-10-1,77,G
1613-4-3-11-1,77,G
1613-4-3-12-2,77,G
1613-4-3-14-1,77,G
1613-4-4-10-2,77,G
1613-3-5-18-3,77,G
1613-3-5-19-4,77,G
1613-4-1-16-3,77,G
1613-4-1-17-4,77,G
1613-4-1-19-3,77,G
1613-4-2-15-4,77,G
1613-4-2-17-3,77,G
1613-4-2-18-4,77,G
1613-4-3-15-3,77,G
1613-4-3-16-3,77,G
1613-4-3-17-4,77,G
1613-4-3-19-3,77,G
1613-4-4-15-4,77,G
1613-3-a-9-1,77,G
1613-3-a-a-2,77,G
1613-4-6-7-1,77,G
1613-4-6-8-2,77,G
1613-4-6-a-1,77,G
1613-4-7-6-2,77,G
1613-4-7-8-1,77,G
1613-4-7-9-2,77,G
1613-4-8-6-1,77,G
1613-4-8-7-1,77,G
1613-4-8-8-2,77,G
1613-4-8-a-1,77,G
1613-3-a-f-4,77,G
1613-4-6-c-3,77,G
1613-4-6-d-4,77,G
1613-4-6-f-3,77,G
1613-4-7-b-4,77,G
1613-4-7-d-3,77,G
1613-4-7-e-4,77,G
1613-4-8-b-3,77,G
1613-4-8-c-3,77,G
1613-4-8-d-4,77,G
1613-4-8-f-3,77,G
1613-4-7-15-2,77,G
1613-4-7-17-1,77,G
1613-4-7-18-2,77,G
1613-4-8-15-1,77,G
1613-4-8-16-1,77,G
1613-4-8-17-2,77,G
1613-4-8-19-1,77,G
1613-4-c-3-3,77,G
1613-4-c-4-4,77,G
1613-4-d-1-3,77,G
1613-4-d-2-3,77,G
1613-4-d-3-4,77,G
1613-4-c-e-2,77,G
1613-4-d-b-1,77,G
1613-4-d-c-1,77,G
1613-4-d-d-2,77,G
1413-3-6-16-1,78,G
1412-4-f-7-4,78,G
1412-4-f-9-4,78,G
1413-3-b-7-3,78,G
1412-4-e-19-1,78,G
1412-4-f-16-2,78,G
1412-4-f-18-2,78,G
1412-4-13-7-2,78,G
1412-4-13-a-1,78,G
1412-4-14-7-2,78,G
1412-4-12-12-3,78,G
1412-4-12-14-3,78,G
1412-4-13-11-4,78,G
1412-4-13-14-3,78,G
1412-4-16-a-2,78,G
1412-4-17-8-1,78,G
1412-4-17-a-1,78,G
1412-4-18-7-2,78,G
1412-4-16-12-3,78,G
1412-4-16-14-4,78,G
1412-4-17-12-3,78,G
1412-4-17-14-3,78,G
1478-2-1-5-4,78,G
1478-2-2-3-3,78,G
1478-2-2-5-4,78,G
1478-2-1-12-2,78,G
1478-2-1-14-2,78,G
1478-2-2-12-1,78,G
1478-2-6-1-3,78,G
1478-2-6-3-4,78,G
1478-2-6-5-4,78,G
1478-1-a-12-2,78,G
1478-2-6-10-1,78,G
1478-2-6-12-2,78,G
1478-1-e-4-1,78,G
1478-1-f-1-1,78,G
1478-1-f-3-2,78,G
1478-2-b-1-1,78,G
1478-1-e-b-4,78,G
1478-1-e-e-3,78,G
1478-1-f-b-3,78,G
1478-1-f-d-4,78,G
1478-1-12-4-1,78,G
1478-1-13-1-2,78,G
1478-1-13-4-1,78,G
1478-1-14-1-1,78,G
1478-1-14-3-2,78,G
1478-2-10-5-2,78,G
1478-2-11-3-1,78,G
1478-2-11-5-2,78,G
1478-2-12-3-1,78,G
1478-1-11-e-2,78,G
1478-1-12-b-2,78,G
1478-1-12-e-1,78,G
1478-1-13-b-2,78,G
1478-1-13-e-1,78,G
1478-1-14-b-1,78,G
1478-1-14-d-2,78,G
1478-2-10-b-1,78,G
1478-2-10-d-2,78,G
1478-2-10-f-2,78,G
1478-2-11-d-1,78,G
1478-2-11-f-2,78,G
1478-2-12-d-1,78,G
1478-2-12-f-1,78,G
1478-1-11-16-3,78,G
1478-1-11-18-4,78,G
1478-1-12-15-4,78,G
1478-1-12-18-3,78,G
1478-1-13-15-4,78,G
1478-1-13-18-3,78,G
1478-1-14-15-3,78,G
1478-1-14-17-4,78,G
1478-2-10-15-3,78,G
1478-2-10-17-4,78,G
1478-2-10-19-4,78,G
1478-2-11-17-3,78,G
1478-2-11-19-4,78,G
1478-2-12-17-3,78,G
1478-2-12-19-3,78,G
1478-2-13-16-4,78,G
1478-1-15-e-2,78,G
1478-1-16-c-1,78,G
1478-1-16-e-2,78,G
1478-1-17-b-2,78,G
1478-1-17-e-1,78,G
1478-1-18-b-2,78,G
1478-1-18-e-1,78,G
1478-1-19-b-1,78,G
1478-1-19-d-2,78,G
1478-2-15-b-1,78,G
1478-2-15-d-2,78,G
1478-2-15-f-2,78,G
1478-2-16-d-1,78,G
1478-2-16-f-2,78,G
1478-2-17-d-1,78,G
1478-2-17-f-1,78,G
1478-2-18-c-2,78,G
1477-2-19-19-3,78,G
1478-1-15-16-3,78,G
1478-1-15-18-4,78,G
1478-1-16-16-3,78,G
1478-1-16-18-4,78,G
1478-1-17-15-4,78,G
1478-1-17-18-3,78,G
1478-1-18-15-4,78,G
1478-1-18-18-3,78,G
1478-1-19-15-3,78,G
1478-1-19-17-4,78,G
1478-2-15-15-3,78,G
1478-2-15-17-4,78,G
1478-2-15-19-4,78,G
1478-2-16-17-3,78,G
1478-2-16-19-4,78,G
1478-2-17-17-3,78,G
1478-2-17-19-3,78,G
1478-2-18-16-4,78,G
1478-2-18-19-3,78,G
1477-4-5-7-4,78,G
1477-4-5-a-3,78,G
1478-3-1-7-3,78,G
1478-3-1-9-4,78,G
1478-3-2-7-3,78,G
1478-3-2-9-4,78,G
1478-3-3-6-4,78,G
1478-3-3-9-3,78,G
1478-3-4-6-4,78,G
1478-3-4-9-3,78,G
1478-3-5-6-3,78,G
1478-3-5-8-4,78,G
1478-4-1-6-3,78,G
1478-4-1-8-4,78,G
1478-4-1-a-4,78,G
1478-4-2-8-3,78,G
1478-4-2-a-4,78,G
1478-4-3-8-3,78,G
1478-4-3-a-3,78,G
1478-4-4-7-4,78,G
1478-4-4-a-3,78,G
1477-4-4-19-1,78,G
1477-4-5-16-2,78,G
1477-4-5-19-1,78,G
1478-3-1-16-1,78,G
1478-3-1-18-2,78,G
1478-3-2-16-1,78,G
1478-3-2-18-2,78,G
1478-3-3-15-2,78,G
1478-3-3-18-1,78,G
1478-3-4-15-2,78,G
1478-3-4-18-1,78,G
1478-3-5-15-1,78,G
1478-3-5-17-2,78,G
1478-4-1-15-1,78,G
1478-4-1-17-2,78,G
1478-4-1-19-2,78,G
1478-4-2-17-1,78,G
1478-4-2-19-2,78,G
1478-4-3-17-1,78,G
1478-4-3-19-1,78,G
1478-4-4-16-2,78,G
1478-4-4-19-1,78,G
1477-4-9-8-3,78,G
1477-4-9-a-3,78,G
1477-4-a-7-4,78,G
1477-4-a-a-3,78,G
1478-3-6-7-3,78,G
1478-3-6-9-4,78,G
1478-3-7-7-3,78,G
1478-3-7-9-4,78,G
1478-3-8-6-4,78,G
1478-3-8-9-3,78,G
1478-3-9-6-4,78,G
1478-3-9-9-3,78,G
1478-3-a-6-3,78,G
1478-3-a-8-4,78,G
1478-4-6-6-3,78,G
1478-4-6-8-4,78,G
1478-4-6-a-4,78,G
1478-4-7-8-3,78,G
1478-4-7-a-4,78,G
1478-4-8-8-3,78,G
1478-4-8-a-3,78,G
1478-4-9-7-4,78,G
1478-4-9-a-3,78,G
1477-4-8-17-1,78,G
1477-4-8-19-2,78,G
1477-4-9-17-1,78,G
1477-4-9-19-1,78,G
1477-4-a-16-2,78,G
1477-4-a-19-1,78,G
1478-3-6-16-1,78,G
1478-3-6-18-2,78,G
1478-3-7-16-1,78,G
1478-3-7-18-2,78,G
1478-3-8-15-2,78,G
1478-3-8-18-1,78,G
1478-3-9-15-2,78,G
1478-3-9-18-1,78,G
1478-3-a-15-1,78,G
1478-3-a-17-2,78,G
1478-4-6-15-1,78,G
1478-4-6-17-2,78,G
1478-4-6-19-2,78,G
1478-4-7-17-1,78,G
1478-4-7-19-2,78,G
1478-4-8-17-1,78,G
1478-4-8-19-1,78,G
1478-4-9-16-2,78,G
1478-4-9-19-1,78,G
1478-4-a-16-2,78,G
1477-4-c-a-2,78,G
1477-4-d-8-1,78,G
1477-4-d-a-2,78,G
1477-4-e-8-1,78,G
1477-4-e-a-1,78,G
1477-4-f-7-2,78,G
1477-4-f-a-1,78,G
1478-3-b-7-1,78,G
1478-3-b-9-2,78,G
1478-3-c-7-1,78,G
1478-3-c-9-2,78,G
1478-3-d-6-2,78,G
1478-3-d-9-1,78,G
1478-3-e-6-2,78,G
1478-3-e-9-1,78,G
1478-3-f-6-1,78,G
1478-3-f-8-2,78,G
1478-4-b-6-1,78,G
1478-4-b-8-2,78,G
1478-4-b-a-2,78,G
1478-4-c-8-1,78,G
1478-4-c-a-2,78,G
1478-4-d-8-1,78,G
1478-4-d-a-1,78,G
1478-4-e-7-2,78,G
1478-4-e-a-1,78,G
1478-4-f-7-2,78,G
1477-3-d-11-3,78,G
1477-3-d-13-4,78,G
1477-3-e-10-4,78,G
1477-4-c-12-4,78,G
1477-4-c-14-4,78,G
1477-4-d-12-3,78,G
1477-4-d-14-4,78,G
1477-4-e-12-3,78,G
1477-4-e-14-3,78,G
1477-4-f-11-4,78,G
1477-4-f-14-3,78,G
1478-3-b-11-3,78,G
1478-3-b-13-4,78,G
1478-3-c-11-3,78,G
1478-3-c-13-4,78,G
1478-3-d-10-4,78,G
1478-3-d-13-3,78,G
1478-3-e-10-4,78,G
1478-3-e-13-3,78,G
1478-3-f-10-3,78,G
1478-3-f-12-4,78,G
1478-4-b-10-3,78,G
1478-4-b-12-4,78,G
1478-4-b-14-4,78,G
1478-4-c-12-3,78,G
1478-4-c-14-4,78,G
1478-4-d-12-3,78,G
1478-4-d-14-3,78,G
1478-4-e-11-4,78,G
1478-4-e-14-3,78,G
1478-4-f-11-4,78,G
1478-4-f-13-4,78,G
1477-3-11-9-2,78,G
1477-3-12-7-1,78,G
1477-3-12-9-2,78,G
1477-3-13-6-2,78,G
1477-4-11-8-2,78,G
1477-4-11-a-2,78,G
1477-4-12-8-1,78,G
1477-4-12-a-2,78,G
1477-4-13-8-1,78,G
1477-4-13-a-1,78,G
1477-4-14-7-2,78,G
1477-4-14-a-1,78,G
1478-3-10-7-1,78,G
1478-3-10-9-2,78,G
1478-3-11-7-1,78,G
1478-3-11-9-2,78,G
1478-3-12-6-2,78,G
1478-3-12-9-1,78,G
1478-3-13-6-2,78,G
1478-3-13-9-1,78,G
1478-3-14-6-1,78,G
1478-3-14-8-2,78,G
1478-4-10-6-1,78,G
1478-4-10-8-2,78,G
1478-4-10-a-2,78,G
1478-4-11-8-1,78,G
1478-4-11-a-2,78,G
1478-4-12-8-1,78,G
1478-4-12-a-1,78,G
1478-4-13-7-2,78,G
1478-4-13-a-1,78,G
1478-4-14-7-2,78,G
1478-4-14-9-2,78,G
1477-3-11-11-3,78,G
1477-3-11-13-4,78,G
1477-3-12-11-3,78,G
1477-3-12-13-4,78,G
1477-3-13-10-4,78,G
1477-3-13-13-3,78,G
1477-4-11-12-4,78,G
1477-4-11-14-4,78,G
1477-4-12-12-3,78,G
1477-4-12-14-4,78,G
1477-4-13-12-3,78,G
1477-4-13-14-3,78,G
1477-4-14-11-4,78,G
1477-4-14-14-3,78,G
1478-3-10-11-3,78,G
1478-3-10-13-4,78,G
1478-3-11-11-3,78,G
1478-3-11-13-4,78,G
1478-3-12-10-4,78,G
1478-3-12-13-3,78,G
1478-3-13-10-4,78,G
1478-3-13-13-3,78,G
1478-3-14-10-3,78,G
1478-3-14-12-4,78,G
1478-4-10-10-3,78,G
1478-4-10-12-4,78,G
1478-4-10-14-4,78,G
1478-4-11-12-3,78,G
1478-4-11-14-4,78,G
1478-4-12-12-3,78,G
1478-4-12-14-3,78,G
1478-4-13-11-4,78,G
1478-4-13-14-3,78,G
1478-4-14-11-4,78,G
1478-4-14-13-4,78,G
1479-3-10-11-3,78,G
1477-3-16-2-3,78,G
1477-3-16-4-4,78,G
1477-3-17-2-3,78,G
1477-3-17-4-4,78,G
1477-3-18-1-4,78,G
1477-3-18-4-3,78,G
1477-4-16-3-4,78,G
1477-4-16-5-4,78,G
1477-4-17-3-3,78,G
1477-4-17-5-4,78,G
1477-4-18-3-3,78,G
1477-4-18-5-3,78,G
1477-4-19-2-4,78,G
1477-4-19-5-3,78,G
1478-3-15-2-3,78,G
1478-3-15-4-4,78,G
1478-3-16-2-3,78,G
1478-3-16-4-4,78,G
1478-3-17-1-4,78,G
1478-3-17-4-3,78,G
1478-3-18-1-4,78,G
1478-3-18-4-3,78,G
1478-3-19-1-3,78,G
1478-3-19-3-4,78,G
1478-4-15-1-3,78,G
1478-4-15-3-4,78,G
1478-4-15-5-4,78,G
1478-4-16-3-3,78,G
1478-4-16-5-4,78,G
1478-4-17-3-3,78,G
1478-4-17-5-3,78,G
1478-4-18-2-4,78,G
1478-4-18-5-3,78,G
1478-4-19-2-4,78,G
1478-4-19-4-4,78,G
1479-3-15-2-3,78,G
1479-3-15-4-4,78,G
1477-3-16-11-1,78,G
1477-3-16-13-2,78,G
1477-3-17-11-1,78,G
1477-3-17-13-2,78,G
1477-3-18-10-2,78,G
1477-3-18-13-1,78,G
1477-4-16-10-1,78,G
1477-4-16-12-2,78,G
1477-4-16-14-2,78,G
1477-4-17-12-1,78,G
1477-4-17-14-2,78,G
1477-4-18-12-1,78,G
1477-4-18-14-1,78,G
1477-4-19-11-2,78,G
1477-4-19-14-1,78,G
1478-3-15-11-1,78,G
1478-3-15-13-2,78,G
1478-3-16-11-1,78,G
1478-3-16-13-2,78,G
1478-3-17-10-2,78,G
1478-3-17-13-1,78,G
1478-3-18-10-2,78,G
1478-3-18-13-1,78,G
1478-3-19-10-1,78,G
1478-3-19-12-2,78,G
1478-4-15-10-1,78,G
1478-4-15-12-2,78,G
1478-4-15-14-2,78,G
1478-4-16-12-1,78,G
1478-4-16-14-2,78,G
1478-4-17-12-1,78,G
1478-4-17-14-1,78,G
1478-4-18-11-2,78,G
1478-4-18-14-1,78,G
1478-4-19-11-2,78,G
1478-4-19-13-2,78,G
1479-3-15-11-1,78,G
1479-3-15-13-2,78,G
1479-3-16-10-2,78,G
1543-1-2-2-3,78,G
1543-1-2-4-4,78,G
1543-1-3-2-3,78,G
1543-1-3-4-4,78,G
1543-1-4-1-4,78,G
1543-1-4-4-3,78,G
1543-1-5-1-4,78,G
1543-2-2-1-3,78,G
1543-2-2-3-4,78,G
1543-2-2-5-4,78,G
1543-2-3-3-3,78,G
1543-2-3-5-4,78,G
1543-2-4-3-3,78,G
1543-2-4-5-3,78,G
1543-2-5-2-4,78,G
1543-2-5-5-3,78,G
1544-1-1-2-3,78,G
1544-1-1-4-4,78,G
1544-1-2-2-3,78,G
1544-1-2-4-4,78,G
1544-1-3-1-4,78,G
1544-1-3-4-3,78,G
1544-1-4-1-4,78,G
1544-1-4-4-3,78,G
1544-1-5-1-3,78,G
1544-1-5-3-4,78,G
1544-2-1-1-3,78,G
1544-2-1-3-4,78,G
1544-2-1-5-4,78,G
1544-2-2-3-3,78,G
1544-2-2-5-4,78,G
1544-2-3-3-3,78,G
1544-2-3-5-3,78,G
1544-2-4-2-4,78,G
1544-2-4-5-3,78,G
1544-2-5-2-4,78,G
1544-2-5-4-4,78,G
1545-1-1-2-3,78,G
1545-1-1-4-4,78,G
1545-1-2-1-4,78,G
1545-1-2-4-3,78,G
1545-1-3-1-4,78,G
1545-1-3-4-3,78,G
1545-1-4-1-3,78,G
1545-1-4-3-4,78,G
1543-1-2-11-1,78,G
1543-1-2-13-2,78,G
1543-1-3-11-1,78,G
1543-1-3-13-2,78,G
1543-1-4-10-2,78,G
1543-1-4-13-1,78,G
1543-1-5-10-2,78,G
1543-1-5-13-1,78,G
1543-2-1-10-1,78,G
1543-2-1-12-2,78,G
1543-2-2-10-1,78,G
1543-2-2-12-2,78,G
1543-2-2-14-2,78,G
1543-2-3-12-1,78,G
1543-2-3-14-2,78,G
1543-2-4-12-1,78,G
1543-2-4-14-1,78,G
1543-2-5-11-2,78,G
1543-2-5-14-1,78,G
1544-1-1-11-1,78,G
1544-1-1-13-2,78,G
1544-1-2-11-1,78,G
1544-1-2-13-2,78,G
1544-1-3-10-2,78,G
1544-1-3-13-1,78,G
1544-1-4-10-2,78,G
1544-1-4-13-1,78,G
1544-1-5-10-1,78,G
1544-1-5-12-2,78,G
1544-2-1-10-1,78,G
1544-2-1-12-2,78,G
1544-2-1-14-2,78,G
1544-2-2-12-1,78,G
1544-2-2-14-2,78,G
1544-2-3-12-1,78,G
1544-2-3-14-1,78,G
1544-2-4-11-2,78,G
1544-2-4-14-1,78,G
1544-2-5-11-2,78,G
1544-2-5-13-2,78,G
1545-1-1-11-1,78,G
1545-1-1-13-2,78,G
1545-1-2-10-2,78,G
1545-1-2-13-1,78,G
1545-1-3-10-2,78,G
1545-1-3-13-1,78,G
1545-1-4-10-1,78,G
1545-1-4-12-2,78,G
1545-1-5-10-1,78,G
1545-1-5-12-2,78,G
1543-1-7-2-1,78,G
1543-1-7-4-2,78,G
1543-1-8-2-1,78,G
1543-1-8-4-2,78,G
1543-1-9-1-2,78,G
1543-1-9-4-1,78,G
1543-1-a-1-2,78,G
1543-1-a-4-1,78,G
1543-2-6-1-1,78,G
1543-2-6-3-2,78,G
1543-2-7-1-1,78,G
1543-2-7-3-2,78,G
1543-2-7-5-2,78,G
1543-2-8-3-1,78,G
1543-2-8-5-2,78,G
1543-2-9-3-1,78,G
1543-2-9-5-1,78,G
1543-2-a-2-2,78,G
1543-2-a-5-1,78,G
1544-1-6-2-1,78,G
1544-1-6-4-2,78,G
1544-1-7-2-1,78,G
1544-1-7-4-2,78,G
1544-1-8-1-2,78,G
1544-1-8-4-1,78,G
1544-1-9-1-2,78,G
1544-1-9-4-1,78,G
1544-1-a-1-1,78,G
1544-1-a-3-2,78,G
1544-2-6-1-1,78,G
1544-2-6-3-2,78,G
1544-2-6-5-2,78,G
1544-2-7-3-1,78,G
1544-2-7-5-2,78,G
1544-2-8-3-1,78,G
1544-2-8-5-1,78,G
1544-2-9-2-2,78,G
1544-2-9-5-1,78,G
1544-2-a-2-2,78,G
1544-2-a-4-2,78,G
1545-1-6-2-1,78,G
1545-1-6-4-2,78,G
1545-1-7-1-2,78,G
1545-1-7-4-1,78,G
1545-1-8-1-2,78,G
1545-1-8-4-1,78,G
1545-1-9-1-1,78,G
1545-1-9-3-2,78,G
1545-1-a-1-1,78,G
1545-1-a-3-2,78,G
1543-1-6-c-4,78,G
1543-1-6-f-3,78,G
1543-1-7-c-3,78,G
1543-1-7-e-4,78,G
1543-1-8-c-3,78,G
1543-1-8-e-4,78,G
1543-1-9-b-4,78,G
1543-1-9-e-3,78,G
1543-1-a-b-4,78,G
1543-1-a-e-3,78,G
1543-2-6-b-3,78,G
1543-2-6-d-4,78,G
1543-2-7-b-3,78,G
1543-2-7-d-4,78,G
1543-2-7-f-4,78,G
1543-2-8-d-3,78,G
1543-2-8-f-4,78,G
1543-2-9-d-3,78,G
1543-2-9-f-3,78,G
1543-2-a-c-4,78,G
1543-2-a-f-3,78,G
1544-1-6-c-3,78,G
1544-1-6-e-4,78,G
1544-1-7-c-3,78,G
1544-1-7-e-4,78,G
1544-1-8-b-4,78,G
1544-1-8-e-3,78,G
1544-1-9-b-4,78,G
1544-1-9-e-3,78,G
1544-1-a-b-3,78,G
1544-2-6-f-4,78,G
1544-2-7-d-3,78,G
1544-2-7-f-4,78,G
1544-2-8-d-3,78,G
1544-2-8-f-3,78,G
1544-2-9-c-4,78,G
1544-2-9-f-3,78,G
1544-2-a-c-4,78,G
1544-2-a-e-4,78,G
1545-1-6-c-3,78,G
1545-1-6-e-4,78,G
1545-1-7-b-4,78,G
1545-1-7-e-3,78,G
1545-1-8-b-4,78,G
1545-1-8-e-3,78,G
1545-1-9-b-3,78,G
1545-1-9-d-4,78,G
1545-1-a-b-3,78,G
1545-1-a-d-4,78,G
1542-2-f-5-1,78,G
1543-1-b-2-2,78,G
1543-1-b-5-1,78,G
1543-1-c-2-1,78,G
1543-1-c-4-2,78,G
1543-1-d-2-1,78,G
1543-1-d-4-2,78,G
1543-1-e-1-2,78,G
1543-1-e-4-1,78,G
1543-1-f-1-2,78,G
1543-1-f-4-1,78,G
1543-2-b-1-1,78,G
1543-2-b-3-2,78,G
1543-2-c-1-1,78,G
1543-2-c-3-2,78,G
1543-2-c-5-2,78,G
1543-2-d-3-1,78,G
1543-2-d-5-2,78,G
1543-2-e-3-1,78,G
1543-2-e-5-1,78,G
1543-2-f-2-2,78,G
1543-2-f-5-1,78,G
1544-1-b-2-1,78,G
1544-1-b-4-2,78,G
1544-1-c-2-1,78,G
1544-1-c-4-2,78,G
1544-1-d-1-2,78,G
1544-1-d-4-1,78,G
1544-1-e-1-2,78,G
1544-2-c-3-1,78,G
1544-2-c-5-2,78,G
1544-2-d-3-1,78,G
1544-2-d-5-1,78,G
1544-2-e-2-2,78,G
1544-2-e-5-1,78,G
1544-2-f-2-2,78,G
1544-2-f-4-2,78,G
1545-1-b-2-1,78,G
1545-1-b-4-2,78,G
1545-1-c-1-2,78,G
1545-1-c-4-1,78,G
1545-1-d-1-2,78,G
1545-1-d-4-1,78,G
1545-1-e-1-1,78,G
1545-1-e-3-2,78,G
1545-1-f-1-1,78,G
1545-1-f-3-2,78,G
1542-2-f-f-3,78,G
1543-1-b-c-4,78,G
1543-1-b-f-3,78,G
1543-1-c-c-3,78,G
1543-1-c-e-4,78,G
1543-1-d-c-3,78,G
1543-1-d-e-4,78,G
1543-1-e-b-4,78,G
1543-1-e-e-3,78,G
1543-1-f-b-4,78,G
1543-1-f-e-3,78,G
1543-2-b-b-3,78,G
1543-2-b-d-4,78,G
1543-2-c-b-3,78,G
1543-2-c-d-4,78,G
1543-2-c-f-4,78,G
1543-2-d-d-3,78,G
1543-2-d-f-4,78,G
1543-2-e-d-3,78,G
1543-2-e-f-3,78,G
1543-2-f-c-4,78,G
1543-2-f-f-3,78,G
1544-1-c-c-3,78,G
1544-1-c-e-4,78,G
1544-1-d-b-4,78,G
1544-1-d-e-3,78,G
1544-2-e-c-4,78,G
1544-2-e-f-3,78,G
1544-2-f-c-4,78,G
1544-2-f-e-4,78,G
1545-1-b-c-3,78,G
1545-1-b-e-4,78,G
1545-1-c-b-4,78,G
1545-1-c-e-3,78,G
1545-1-d-b-4,78,G
1545-1-d-e-3,78,G
1545-1-e-b-3,78,G
1545-1-e-d-4,78,G
1545-1-f-b-3,78,G
1543-1-b-16-4,78,G
1543-1-b-19-3,78,G
1543-1-c-16-3,78,G
1543-1-c-18-4,78,G
1543-1-d-16-3,78,G
1543-1-d-18-4,78,G
1543-1-e-15-4,78,G
1543-1-e-18-3,78,G
1543-1-f-15-4,78,G
1543-1-f-18-3,78,G
1543-2-b-15-3,78,G
1543-2-b-17-4,78,G
1543-2-c-15-3,78,G
1543-2-c-17-4,78,G
1543-2-c-19-4,78,G
1543-2-d-17-3,78,G
1543-2-d-19-4,78,G
1543-2-e-17-3,78,G
1543-2-e-19-3,78,G
1543-2-f-16-4,78,G
1544-2-e-19-3,78,G
1544-2-f-16-4,78,G
1544-2-f-18-4,78,G
1545-1-b-16-3,78,G
1545-1-b-18-4,78,G
1545-1-c-15-4,78,G
1545-1-c-18-3,78,G
1545-1-d-15-4,78,G
1545-1-d-18-3,78,G
1545-1-e-15-3,78,G
1545-1-e-17-4,78,G
1543-1-11-c-1,78,G
1543-1-11-e-2,78,G
1543-1-12-c-1,78,G
1543-1-12-e-2,78,G
1543-1-13-b-2,78,G
1543-1-13-e-1,78,G
1543-1-14-b-2,78,G
1543-1-14-e-1,78,G
1543-2-10-b-1,78,G
1543-2-10-d-2,78,G
1543-2-11-b-1,78,G
1543-2-11-d-2,78,G
1543-2-11-f-2,78,G
1543-2-12-d-1,78,G
1543-2-12-f-2,78,G
1543-2-13-d-1,78,G
1543-2-13-f-1,78,G
1544-2-14-c-2,78,G
1544-2-14-e-2,78,G
1545-1-10-c-1,78,G
1545-1-10-e-2,78,G
1545-1-11-b-2,78,G
1545-1-11-e-1,78,G
1545-1-12-b-2,78,G
1545-1-12-e-1,78,G
1545-1-13-b-1,78,G
1543-1-11-18-4,78,G
1543-1-12-16-3,78,G
1543-1-12-18-4,78,G
1543-1-13-15-4,78,G
1543-1-13-18-3,78,G
1543-1-14-15-4,78,G
1543-1-14-18-3,78,G
1543-2-10-15-3,78,G
1543-2-10-17-4,78,G
1543-2-11-15-3,78,G
1543-2-11-17-4,78,G
1543-2-11-19-4,78,G
1543-2-12-17-3,78,G
1543-2-12-19-4,78,G
1543-2-13-17-3,78,G
1543-2-13-19-3,78,G
1544-2-14-18-4,78,G
1545-1-10-16-3,78,G
1545-1-10-18-4,78,G
1545-1-11-15-4,78,G
1545-1-11-18-3,78,G
1545-1-12-15-4,78,G
1543-1-17-7-3,78,G
1543-1-17-9-4,78,G
1543-1-18-6-4,78,G
1543-1-18-9-3,78,G
1543-1-19-6-4,78,G
1543-1-19-9-3,78,G
1543-2-15-6-3,78,G
1543-2-15-8-4,78,G
1543-2-16-6-3,78,G
1543-2-16-8-4,78,G
1543-2-16-a-4,78,G
1543-2-17-8-3,78,G
1543-2-17-a-4,78,G
1543-2-18-8-3,78,G
1544-2-19-9-4,78,G
1545-1-15-7-3,78,G
1545-1-15-9-4,78,G
1545-1-16-6-4,78,G
1545-1-16-9-3,78,G
1545-1-17-6-4,78,G
1545-1-17-9-3,78,G
1545-1-18-6-3,78,G
1545-1-18-8-4,78,G
1543-1-17-18-2,78,G
1543-1-18-15-2,78,G
1543-1-18-18-1,78,G
1543-1-19-15-2,78,G
1543-1-19-18-1,78,G
1543-2-15-15-1,78,G
1543-2-15-17-2,78,G
1543-2-16-15-1,78,G
1543-2-16-17-2,78,G
1543-2-16-19-2,78,G
1543-2-17-17-1,78,G
1543-2-17-19-2,78,G
1544-2-18-19-1,78,G
1544-2-19-16-2,78,G
1544-2-19-18-2,78,G
1545-1-15-16-1,78,G
1545-1-15-18-2,78,G
1545-1-16-15-2,78,G
1545-1-16-18-1,78,G
1545-1-17-15-2,78,G
1545-1-17-18-1,78,G
1545-1-18-15-1,78,G
1545-1-18-17-2,78,G
1545-1-19-15-1,78,G
1545-1-19-17-2,78,G
1545-1-19-19-2,78,G
1545-2-15-17-1,78,G
1545-2-15-19-2,78,G
1545-2-16-17-1,78,G
1545-2-16-19-1,78,G
1545-2-17-16-2,78,G
1545-2-17-19-1,78,G
1545-2-18-16-2,78,G
1545-2-18-18-2,78,G
1545-2-19-16-1,78,G
1545-2-19-18-2,78,G
1543-3-4-9-3,78,G
1543-3-5-6-4,78,G
1543-3-5-9-3,78,G
1543-4-1-6-3,78,G
1543-4-1-8-4,78,G
1543-4-2-6-3,78,G
1543-4-2-8-4,78,G
1543-4-2-a-4,78,G
1543-4-3-8-3,78,G
1544-4-3-8-3,78,G
1544-4-3-a-3,78,G
1544-4-4-7-4,78,G
1544-4-4-a-3,78,G
1544-4-5-7-4,78,G
1544-4-5-9-4,78,G
1545-3-1-7-3,78,G
1545-3-1-9-4,78,G
1545-3-2-6-4,78,G
1545-3-2-9-3,78,G
1545-3-3-6-4,78,G
1545-3-3-9-3,78,G
1545-3-4-6-3,78,G
1545-3-4-8-4,78,G
1545-3-5-6-3,78,G
1545-3-5-8-4,78,G
1545-3-5-a-4,78,G
1545-4-1-8-3,78,G
1545-4-1-a-4,78,G
1545-4-2-8-3,78,G
1545-4-2-a-3,78,G
1545-4-3-7-4,78,G
1545-4-3-a-3,78,G
1545-4-4-7-4,78,G
1545-4-4-9-4,78,G
1545-4-5-7-3,78,G
1545-4-5-9-4,78,G
1544-4-2-17-1,78,G
1544-4-2-19-2,78,G
1544-4-3-17-1,78,G
1544-4-3-19-1,78,G
1544-4-4-16-2,78,G
1544-4-4-19-1,78,G
1544-4-5-16-2,78,G
1544-4-5-18-2,78,G
1545-3-1-16-1,78,G
1545-3-1-18-2,78,G
1545-3-2-15-2,78,G
1545-3-2-18-1,78,G
1545-3-3-15-2,78,G
1545-3-3-18-1,78,G
1545-3-4-15-1,78,G
1545-3-4-17-2,78,G
1545-3-5-15-1,78,G
1545-3-5-17-2,78,G
1545-3-5-19-2,78,G
1545-4-1-17-1,78,G
1545-4-1-19-2,78,G
1545-4-2-17-1,78,G
1545-4-2-19-1,78,G
1545-4-3-16-2,78,G
1545-4-3-19-1,78,G
1545-4-4-16-2,78,G
1545-4-4-18-2,78,G
1545-4-5-16-1,78,G
1545-4-5-18-2,78,G
1544-4-9-7-2,78,G
1544-4-9-a-1,78,G
1544-4-a-7-2,78,G
1544-4-a-9-2,78,G
1545-3-6-7-1,78,G
1545-3-6-9-2,78,G
1545-3-7-6-2,78,G
1545-3-7-9-1,78,G
1545-3-8-6-2,78,G
1545-3-8-9-1,78,G
1545-3-9-6-1,78,G
1545-3-9-8-2,78,G
1545-3-a-6-1,78,G
1545-3-a-8-2,78,G
1545-3-a-a-2,78,G
1545-4-6-8-1,78,G
1545-4-6-a-2,78,G
1545-4-7-8-1,78,G
1545-4-7-a-1,78,G
1545-4-8-7-2,78,G
1545-4-8-a-1,78,G
1545-4-9-7-2,78,G
1545-4-9-9-2,78,G
1545-4-a-7-1,78,G
1546-3-9-6-1,78,G
1546-3-9-8-2,78,G
1546-3-9-a-2,78,G
1546-3-a-8-1,78,G
1546-3-a-a-2,78,G
1544-4-9-14-3,78,G
1544-4-a-11-4,78,G
1544-4-a-13-4,78,G
1545-3-6-11-3,78,G
1545-3-6-13-4,78,G
1545-3-7-10-4,78,G
1545-3-7-13-3,78,G
1545-3-8-10-4,78,G
1545-3-8-13-3,78,G
1545-3-9-10-3,78,G
1545-3-9-12-4,78,G
1545-3-a-10-3,78,G
1545-3-a-12-4,78,G
1545-3-a-14-4,78,G
1545-4-6-12-3,78,G
1545-4-6-14-4,78,G
1545-4-7-12-3,78,G
1545-4-7-14-3,78,G
1545-4-8-11-4,78,G
1545-4-8-14-3,78,G
1545-4-9-11-4,78,G
1545-4-9-13-4,78,G
1545-4-a-11-3,78,G
1546-3-6-11-3,78,G
1546-3-6-13-3,78,G
1546-3-7-10-4,78,G
1546-3-7-13-3,78,G
1546-3-8-10-3,78,G
1546-3-8-12-4,78,G
1546-3-9-10-3,78,G
1546-3-9-12-4,78,G
1546-3-9-14-4,78,G
1546-3-a-12-3,78,G
1546-3-a-14-4,78,G
1546-4-6-12-3,78,G
1546-4-6-14-3,78,G
1544-4-f-7-2,78,G
1544-4-f-9-2,78,G
1545-3-b-7-1,78,G
1545-3-b-9-2,78,G
1545-3-c-6-2,78,G
1545-3-c-9-1,78,G
1545-3-d-6-2,78,G
1545-3-d-9-1,78,G
1545-3-e-6-1,78,G
1545-3-e-8-2,78,G
1545-3-f-6-1,78,G
1545-3-f-8-2,78,G
1545-3-f-a-2,78,G
1545-4-b-8-1,78,G
1545-4-b-a-2,78,G
1545-4-c-8-1,78,G
1545-4-c-a-1,78,G
1545-4-d-7-2,78,G
1545-4-d-a-1,78,G
1545-4-e-7-2,78,G
1545-4-e-9-2,78,G
1545-4-f-7-1,78,G
1545-4-f-9-2,78,G
1546-3-b-7-1,78,G
1546-3-b-9-1,78,G
1546-3-c-6-2,78,G
1546-3-c-9-1,78,G
1546-3-d-6-1,78,G
1546-3-d-8-2,78,G
1546-3-e-6-1,78,G
1546-3-e-8-2,78,G
1546-3-e-a-2,78,G
1546-3-f-8-1,78,G
1546-3-f-a-2,78,G
1546-4-b-8-1,78,G
1546-4-b-a-1,78,G
1546-4-c-7-2,78,G
1544-4-f-11-4,78,G
1544-4-f-13-4,78,G
1545-3-b-11-3,78,G
1545-3-b-13-4,78,G
1545-3-c-10-4,78,G
1545-3-c-13-3,78,G
1545-3-d-10-4,78,G
1545-3-d-13-3,78,G
1545-3-e-10-3,78,G
1545-3-e-12-4,78,G
1545-3-f-10-3,78,G
1545-3-f-12-4,78,G
1545-3-f-14-4,78,G
1545-4-b-12-3,78,G
1545-4-b-14-4,78,G
1545-4-c-12-3,78,G
1545-4-c-14-3,78,G
1545-4-d-11-4,78,G
1545-4-d-14-3,78,G
1545-4-e-11-4,78,G
1545-4-e-13-4,78,G
1545-4-f-11-3,78,G
1545-4-f-13-4,78,G
1546-3-b-11-3,78,G
1546-3-b-13-3,78,G
1546-3-c-10-4,78,G
1546-3-c-13-3,78,G
1546-3-d-10-3,78,G
1546-3-d-12-4,78,G
1546-3-e-10-3,78,G
1546-3-e-12-4,78,G
1546-3-e-14-4,78,G
1546-3-f-12-3,78,G
1546-3-f-14-4,78,G
1546-4-c-11-4,78,G
1546-4-c-14-3,78,G
1546-4-d-11-4,78,G
1546-4-d-13-4,78,G
1546-4-e-11-3,78,G
1544-4-14-2-4,78,G
1544-4-14-4-4,78,G
1545-3-10-2-3,78,G
1545-3-10-4-4,78,G
1545-3-11-1-4,78,G
1545-3-11-4-3,78,G
1545-3-12-1-4,78,G
1545-3-12-4-3,78,G
1545-3-13-1-3,78,G
1545-3-13-3-4,78,G
1545-3-14-1-3,78,G
1545-3-14-3-4,78,G
1545-3-14-5-4,78,G
1545-4-10-3-3,78,G
1545-4-10-5-4,78,G
1545-4-11-3-3,78,G
1545-4-11-5-3,78,G
1545-4-12-2-4,78,G
1545-4-12-5-3,78,G
1545-4-13-2-4,78,G
1545-4-13-4-4,78,G
1545-4-14-2-3,78,G
1545-4-14-4-4,78,G
1546-3-10-2-3,78,G
1546-3-10-4-3,78,G
1546-3-11-1-4,78,G
1546-3-11-4-3,78,G
1546-3-12-1-3,78,G
1546-3-12-3-4,78,G
1546-3-13-1-3,78,G
1546-3-13-3-4,78,G
1546-3-13-5-4,78,G
1546-3-14-3-3,78,G
1546-3-14-5-4,78,G
1546-4-10-3-3,78,G
1546-4-11-2-4,78,G
1546-4-11-5-3,78,G
1546-4-12-2-4,78,G
1546-4-12-4-4,78,G
1544-4-13-14-1,78,G
1544-4-14-11-2,78,G
1544-4-14-13-2,78,G
1545-3-10-11-1,78,G
1545-3-10-13-2,78,G
1545-3-11-10-2,78,G
1545-3-11-13-1,78,G
1545-3-12-10-2,78,G
1545-3-12-13-1,78,G
1545-3-13-10-1,78,G
1545-3-13-12-2,78,G
1545-3-14-10-1,78,G
1545-3-14-12-2,78,G
1545-3-14-14-2,78,G
1545-4-10-12-1,78,G
1545-4-10-14-2,78,G
1545-4-11-12-1,78,G
1545-4-11-14-1,78,G
1545-4-12-11-2,78,G
1545-4-12-14-1,78,G
1545-4-13-11-2,78,G
1545-4-13-13-2,78,G
1545-4-14-11-1,78,G
1545-4-14-13-2,78,G
1546-3-10-11-1,78,G
1546-3-10-13-1,78,G
1546-3-11-10-2,78,G
1546-3-11-13-1,78,G
1546-3-12-10-1,78,G
1546-3-12-12-2,78,G
1546-3-13-10-1,78,G
1546-3-13-12-2,78,G
1546-3-13-14-2,78,G
1546-3-14-12-1,78,G
1546-3-14-14-2,78,G
1546-4-10-12-1,78,G
1546-4-10-14-1,78,G
1546-4-11-14-1,78,G
1546-4-12-11-2,78,G
1544-4-18-2-4,78,G
1544-4-18-5-3,78,G
1544-4-19-2-4,78,G
1544-4-19-4-4,78,G
1545-3-15-2-3,78,G
1545-3-15-4-4,78,G
1545-3-16-1-4,78,G
1545-3-16-4-3,78,G
1545-3-17-1-4,78,G
1545-3-17-4-3,78,G
1545-3-18-1-3,78,G
1545-3-18-3-4,78,G
1545-3-19-1-3,78,G
1545-3-19-3-4,78,G
1545-3-19-5-4,78,G
1545-4-15-3-3,78,G
1545-4-15-5-4,78,G
1545-4-16-3-3,78,G
1545-4-16-5-3,78,G
1545-4-17-2-4,78,G
1545-4-17-5-3,78,G
1545-4-18-2-4,78,G
1545-4-18-4-4,78,G
1545-4-19-2-3,78,G
1545-4-19-4-4,78,G
1546-3-15-2-3,78,G
1546-3-15-4-3,78,G
1546-3-16-1-4,78,G
1546-3-16-4-3,78,G
1546-3-17-1-3,78,G
1546-3-17-3-4,78,G
1546-3-18-1-3,78,G
1546-3-18-3-4,78,G
1546-3-18-5-4,78,G
1546-4-16-5-3,78,G
1546-4-17-2-4,78,G
1544-4-17-14-1,78,G
1544-4-18-11-2,78,G
1544-4-18-14-1,78,G
1544-4-19-11-2,78,G
1544-4-19-13-2,78,G
1545-3-15-11-1,78,G
1545-3-15-13-2,78,G
1545-3-16-10-2,78,G
1545-3-16-13-1,78,G
1545-3-17-10-2,78,G
1545-3-17-13-1,78,G
1545-3-18-10-1,78,G
1545-3-18-12-2,78,G
1545-3-19-10-1,78,G
1545-3-19-12-2,78,G
1545-3-19-14-2,78,G
1545-4-15-12-1,78,G
1545-4-15-14-2,78,G
1545-4-16-12-1,78,G
1545-4-16-14-1,78,G
1545-4-17-11-2,78,G
1545-4-17-14-1,78,G
1545-4-18-11-2,78,G
1545-4-18-13-2,78,G
1545-4-19-11-1,78,G
1545-4-19-13-2,78,G
1546-3-15-11-1,78,G
1546-3-15-13-1,78,G
1546-3-16-10-2,78,G
1546-3-16-13-1,78,G
1546-3-17-10-1,78,G
1546-3-17-12-2,78,G
1546-3-18-10-1,78,G
1546-3-18-12-2,78,G
1610-2-3-3-1,78,G
1610-2-3-5-1,78,G
1610-2-4-2-2,78,G
1610-2-4-5-1,78,G
1610-2-5-2-2,78,G
1610-2-5-4-2,78,G
1611-1-1-2-1,78,G
1611-1-1-4-2,78,G
1611-1-2-1-2,78,G
1611-1-2-4-1,78,G
1611-1-3-1-2,78,G
1611-1-3-4-1,78,G
1611-1-4-1-1,78,G
1611-1-4-3-2,78,G
1611-1-5-1-1,78,G
1611-1-5-3-2,78,G
1611-1-5-5-2,78,G
1611-2-1-3-1,78,G
1611-2-1-5-2,78,G
1611-2-2-3-1,78,G
1611-2-2-5-1,78,G
1611-2-3-2-2,78,G
1611-2-3-5-1,78,G
1611-2-4-2-2,78,G
1611-2-4-4-2,78,G
1611-2-5-2-1,78,G
1611-2-5-4-2,78,G
1612-1-1-2-1,78,G
1612-1-1-4-1,78,G
1612-1-2-1-2,78,G
1612-1-2-4-1,78,G
1612-1-3-1-1,78,G
1612-1-3-3-2,78,G
1612-1-4-1-1,78,G
1612-1-4-3-2,78,G
1610-2-3-d-3,78,G
1610-2-3-f-3,78,G
1610-2-4-c-4,78,G
1610-2-4-f-3,78,G
1610-2-5-c-4,78,G
1610-2-5-e-4,78,G
1611-1-1-c-3,78,G
1611-1-1-e-4,78,G
1611-1-2-b-4,78,G
1611-1-2-e-3,78,G
1611-1-3-b-4,78,G
1611-1-3-e-3,78,G
1611-1-4-b-3,78,G
1611-1-4-d-4,78,G
1611-1-5-b-3,78,G
1611-1-5-d-4,78,G
1611-1-5-f-4,78,G
1611-2-1-d-3,78,G
1611-2-1-f-4,78,G
1611-2-2-d-3,78,G
1611-2-2-f-3,78,G
1611-2-3-c-4,78,G
1611-2-3-f-3,78,G
1611-2-4-c-4,78,G
1611-2-4-e-4,78,G
1611-2-5-c-3,78,G
1611-2-5-e-4,78,G
1612-1-1-c-3,78,G
1612-1-1-e-3,78,G
1612-1-2-b-4,78,G
1612-1-2-e-3,78,G
1612-1-3-b-3,78,G
1612-1-3-d-4,78,G
1612-1-4-b-3,78,G
1612-1-4-d-4,78,G
1610-2-8-3-1,78,G
1610-2-8-5-1,78,G
1610-2-9-2-2,78,G
1610-2-9-5-1,78,G
1610-2-a-2-2,78,G
1610-2-a-4-2,78,G
1611-1-6-2-1,78,G
1611-1-6-4-2,78,G
1611-1-7-1-2,78,G
1611-1-7-4-1,78,G
1611-1-8-1-2,78,G
1611-1-8-4-1,78,G
1611-1-9-1-1,78,G
1611-1-9-3-2,78,G
1611-1-a-1-1,78,G
1611-1-a-3-2,78,G
1611-1-a-5-2,78,G
1611-2-6-3-1,78,G
1611-2-6-5-2,78,G
1611-2-7-3-1,78,G
1611-2-7-5-1,78,G
1611-2-8-2-2,78,G
1611-2-8-5-1,78,G
1611-2-9-2-2,78,G
1611-2-9-4-2,78,G
1611-2-a-2-1,78,G
1611-2-a-4-2,78,G
1612-1-6-2-1,78,G
1612-1-6-4-1,78,G
1612-1-7-1-2,78,G
1612-1-7-4-1,78,G
1612-1-8-1-1,78,G
1612-1-8-3-2,78,G
1612-1-9-1-1,78,G
1612-1-9-3-2,78,G
1610-2-8-d-3,78,G
1610-2-8-f-3,78,G
1610-2-9-c-4,78,G
1610-2-9-f-3,78,G
1610-2-a-e-4,78,G
1611-1-6-c-3,78,G
1611-1-6-e-4,78,G
1611-1-7-b-4,78,G
1611-1-7-e-3,78,G
1611-1-8-b-4,78,G
1611-1-8-e-3,78,G
1611-1-9-b-3,78,G
1611-1-9-d-4,78,G
1611-1-a-b-3,78,G
1611-1-a-d-4,78,G
1611-1-a-f-4,78,G
1611-2-6-d-3,78,G
1611-2-6-f-4,78,G
1611-2-7-d-3,78,G
1611-2-7-f-3,78,G
1611-2-8-c-4,78,G
1611-2-8-f-3,78,G
1611-2-9-c-4,78,G
1611-2-9-e-4,78,G
1611-2-a-c-3,78,G
1611-2-a-e-4,78,G
1612-1-6-e-3,78,G
1612-1-8-d-4,78,G
1612-1-9-b-3,78,G
1610-2-7-19-4,78,G
1610-2-8-17-3,78,G
1610-2-8-19-3,78,G
1611-1-6-16-3,78,G
1611-1-6-18-4,78,G
1611-1-7-15-4,78,G
1611-1-7-18-3,78,G
1611-1-8-15-4,78,G
1611-1-8-18-3,78,G
1611-1-9-15-3,78,G
1611-1-9-17-4,78,G
1611-1-a-15-3,78,G
1611-1-a-17-4,78,G
1611-1-a-19-4,78,G
1611-2-6-17-3,78,G
1611-2-6-19-4,78,G
1611-2-7-17-3,78,G
1611-2-7-19-3,78,G
1611-2-8-16-4,78,G
1611-2-8-19-3,78,G
1611-2-9-16-4,78,G
1611-2-9-18-4,78,G
1611-2-a-16-3,78,G
1611-1-c-b-2,78,G
1611-1-c-e-1,78,G
1611-1-d-b-2,78,G
1611-1-d-e-1,78,G
1611-1-e-b-1,78,G
1611-1-e-d-2,78,G
1611-1-f-b-1,78,G
1611-1-f-d-2,78,G
1611-1-f-f-2,78,G
1611-2-b-d-1,78,G
1611-2-b-f-2,78,G
1611-2-c-d-1,78,G
1611-2-c-f-1,78,G
1611-2-d-c-2,78,G
1611-2-d-f-1,78,G
1611-2-e-c-2,78,G
1611-2-e-e-2,78,G
1611-2-f-c-1,78,G
1611-1-d-15-4,78,G
1611-1-d-18-3,78,G
1611-1-e-15-3,78,G
1611-1-e-17-4,78,G
1611-1-f-15-3,78,G
1611-1-f-17-4,78,G
1611-1-f-19-4,78,G
1611-2-b-17-3,78,G
1611-2-b-19-4,78,G
1611-2-c-17-3,78,G
1611-2-c-19-3,78,G
1611-2-d-16-4,78,G
1611-2-d-19-3,78,G
1611-2-e-16-4,78,G
1611-2-e-18-4,78,G
1611-2-f-16-3,78,G
1611-1-12-e-1,78,G
1611-1-13-b-1,78,G
1611-1-13-d-2,78,G
1611-1-14-b-1,78,G
1611-1-14-d-2,78,G
1611-1-14-f-2,78,G
1611-2-10-d-1,78,G
1611-2-10-f-2,78,G
1611-2-12-f-1,78,G
1611-2-13-c-2,78,G
1611-2-13-e-2,78,G
1611-2-14-c-1,78,G
1611-1-13-15-1,78,G
1611-1-13-17-2,78,G
1611-1-14-15-1,78,G
1611-1-14-17-2,78,G
1611-1-14-19-2,78,G
1611-2-10-17-1,78,G
1611-2-10-19-2,78,G
1611-1-19-8-4,78,G
1611-1-19-a-4,78,G
1414-2-4-2-3,79,G
1414-2-2-16-2,79,G
1414-2-2-19-2,79,G
1414-2-3-17-2,79,G
1414-2-4-16-1,79,G
1414-2-6-e-2,79,G
1414-2-7-c-2,79,G
1414-2-7-f-2,79,G
1414-2-8-d-2,79,G
1414-2-9-c-1,79,G
1414-1-e-2-1,79,G
1414-1-e-5-1,79,G
1414-1-f-3-1,79,G
1414-2-b-1-1,79,G
1414-2-b-4-2,79,G
1414-2-c-2-2,79,G
1414-2-c-5-2,79,G
1414-2-d-3-2,79,G
1414-2-e-2-1,79,G
1413-2-f-12-1,79,G
1414-1-b-10-2,79,G
1414-1-b-13-2,79,G
1414-1-c-11-2,79,G
1414-1-c-14-2,79,G
1414-1-d-13-1,79,G
1414-1-e-11-1,79,G
1414-1-e-14-1,79,G
1414-1-f-12-1,79,G
1414-2-b-10-1,79,G
1414-2-b-13-2,79,G
1414-2-c-11-2,79,G
1414-2-c-14-2,79,G
1414-2-d-12-2,79,G
1414-2-e-11-1,79,G
1413-2-12-9-1,79,G
1413-2-13-7-1,79,G
1413-2-13-a-1,79,G
1413-2-14-8-1,79,G
1414-1-10-6-2,79,G
1414-1-10-9-2,79,G
1414-1-11-7-2,79,G
1414-1-11-a-2,79,G
1414-1-12-9-1,79,G
1414-1-13-7-1,79,G
1414-1-13-a-1,79,G
1414-1-14-8-1,79,G
1414-2-10-6-1,79,G
1414-2-10-9-2,79,G
1414-2-11-7-2,79,G
1414-2-11-a-2,79,G
1414-2-12-8-2,79,G
1414-2-13-7-1,79,G
1413-2-10-15-4,79,G
1413-2-10-18-4,79,G
1413-2-11-16-4,79,G
1413-2-12-15-3,79,G
1413-2-12-18-3,79,G
1413-2-13-16-3,79,G
1413-2-13-19-3,79,G
1413-2-14-17-3,79,G
1414-1-10-15-4,79,G
1414-1-10-18-4,79,G
1414-1-11-16-4,79,G
1414-1-11-19-4,79,G
1414-1-12-18-3,79,G
1414-1-13-16-3,79,G
1414-1-13-19-3,79,G
1414-1-14-17-3,79,G
1414-2-10-15-3,79,G
1414-2-10-18-4,79,G
1414-2-11-16-4,79,G
1414-2-11-19-4,79,G
1414-2-12-17-4,79,G
1413-1-19-d-4,79,G
1413-2-15-b-4,79,G
1413-2-15-e-4,79,G
1413-2-16-c-4,79,G
1413-2-17-b-3,79,G
1413-2-17-e-3,79,G
1413-2-18-c-3,79,G
1413-2-18-f-3,79,G
1413-2-19-d-3,79,G
1414-1-15-b-4,79,G
1414-1-15-e-4,79,G
1414-1-16-c-4,79,G
1414-1-16-f-4,79,G
1414-1-17-e-3,79,G
1414-1-18-c-3,79,G
1414-1-18-f-3,79,G
1414-1-19-d-3,79,G
1414-2-15-b-3,79,G
1414-2-15-e-4,79,G
1414-2-16-c-4,79,G
1414-2-16-f-4,79,G
1413-3-4-5-3,79,G
1413-3-5-3-4,79,G
1413-4-1-1-4,79,G
1413-4-1-4-4,79,G
1413-4-2-2-4,79,G
1413-4-3-1-3,79,G
1413-4-3-4-3,79,G
1413-4-4-2-3,79,G
1413-4-4-5-3,79,G
1413-4-5-3-3,79,G
1414-3-1-1-4,79,G
1414-3-1-4-4,79,G
1414-3-2-2-4,79,G
1414-3-2-5-4,79,G
1414-3-3-4-3,79,G
1414-3-4-2-3,79,G
1414-3-4-5-3,79,G
1414-3-5-3-3,79,G
1414-4-1-1-3,79,G
1413-3-4-11-3,79,G
1413-3-4-14-3,79,G
1413-3-5-12-4,79,G
1413-4-1-10-4,79,G
1413-4-1-13-4,79,G
1413-4-2-11-4,79,G
1413-4-3-10-3,79,G
1413-4-3-13-3,79,G
1413-4-4-11-3,79,G
1413-4-4-14-3,79,G
1413-4-5-12-3,79,G
1414-3-1-10-4,79,G
1414-3-1-13-4,79,G
1414-3-2-11-4,79,G
1414-3-2-14-4,79,G
1414-3-3-13-3,79,G
1414-3-4-11-3,79,G
1414-3-4-14-3,79,G
1414-3-5-12-3,79,G
1414-4-1-10-3,79,G
1414-4-1-13-4,79,G
1413-3-8-e-1,79,G
1413-3-9-c-1,79,G
1413-3-9-f-1,79,G
1413-3-a-d-2,79,G
1413-4-6-b-2,79,G
1413-4-6-e-2,79,G
1413-4-7-c-2,79,G
1413-4-8-b-1,79,G
1413-4-8-e-1,79,G
1413-4-9-c-1,79,G
1413-4-9-f-1,79,G
1413-4-a-d-1,79,G
1414-3-6-b-2,79,G
1414-3-6-e-2,79,G
1414-3-7-c-2,79,G
1414-3-7-f-2,79,G
1414-3-8-e-1,79,G
1414-3-9-c-1,79,G
1414-3-9-f-1,79,G
1414-3-a-d-1,79,G
1414-4-6-b-1,79,G
1414-4-6-e-2,79,G
1414-4-7-c-2,79,G
1414-4-7-f-2,79,G
1414-4-8-d-2,79,G
1414-4-9-c-1,79,G
1414-4-9-f-1,79,G
1414-4-a-d-1,79,G
1415-3-6-b-1,79,G
1415-3-6-e-1,79,G
1413-3-b-4-2,79,G
1413-3-c-2-2,79,G
1413-3-d-1-1,79,G
1413-3-d-4-1,79,G
1413-3-e-2-1,79,G
1413-3-e-5-1,79,G
1413-3-f-3-2,79,G
1413-4-b-1-2,79,G
1413-4-b-4-2,79,G
1413-4-c-2-2,79,G
1413-4-d-1-1,79,G
1413-4-d-4-1,79,G
1413-4-e-2-1,79,G
1413-4-e-5-1,79,G
1413-4-f-3-1,79,G
1414-3-b-1-2,79,G
1414-3-b-4-2,79,G
1414-3-c-2-2,79,G
1414-3-c-5-2,79,G
1414-3-d-4-1,79,G
1414-3-e-2-1,79,G
1414-3-e-5-1,79,G
1414-3-f-3-1,79,G
1414-4-b-1-1,79,G
1414-4-b-4-2,79,G
1414-4-c-2-2,79,G
1414-4-c-5-2,79,G
1414-4-d-3-2,79,G
1414-4-e-2-1,79,G
1414-4-e-5-1,79,G
1414-4-f-3-1,79,G
1415-3-b-1-1,79,G
1415-3-b-4-1,79,G
1415-3-c-2-2,79,G
1415-3-c-5-2,79,G
1416-3-c-5-2,79,G
1416-3-d-3-2,79,G
1416-3-e-1-2,79,G
1413-3-b-10-2,79,G
1413-3-b-13-2,79,G
1413-3-c-11-2,79,G
1413-3-d-10-1,79,G
1413-3-d-13-1,79,G
1413-3-e-11-1,79,G
1413-3-e-14-1,79,G
1413-3-f-12-2,79,G
1413-4-b-10-2,79,G
1413-4-b-13-2,79,G
1413-4-c-11-2,79,G
1413-4-d-10-1,79,G
1413-4-d-13-1,79,G
1413-4-e-11-1,79,G
1413-4-e-14-1,79,G
1413-4-f-12-1,79,G
1414-3-b-10-2,79,G
1414-3-b-13-2,79,G
1414-3-c-11-2,79,G
1414-3-c-14-2,79,G
1414-3-d-13-1,79,G
1414-3-e-11-1,79,G
1414-3-e-14-1,79,G
1414-3-f-12-1,79,G
1414-4-b-10-1,79,G
1414-4-b-13-2,79,G
1414-4-c-11-2,79,G
1414-4-c-14-2,79,G
1414-4-d-12-2,79,G
1414-4-e-11-1,79,G
1414-4-e-14-1,79,G
1414-4-f-12-1,79,G
1415-3-b-10-1,79,G
1415-3-b-13-1,79,G
1415-3-c-11-2,79,G
1415-3-c-14-2,79,G
1415-3-d-12-2,79,G
1416-3-c-11-1,79,G
1416-3-c-14-2,79,G
1416-3-d-12-2,79,G
1416-3-e-10-2,79,G
1416-3-e-13-2,79,G
1412-4-14-8-2,79,G
1413-3-10-6-2,79,G
1413-3-10-9-2,79,G
1413-3-11-7-2,79,G
1413-3-12-6-1,79,G
1413-3-12-9-1,79,G
1413-3-13-7-1,79,G
1413-3-13-a-1,79,G
1413-3-14-8-2,79,G
1413-4-10-6-2,79,G
1413-4-10-9-2,79,G
1413-4-11-7-2,79,G
1413-4-12-6-1,79,G
1413-4-12-9-1,79,G
1413-4-13-7-1,79,G
1413-4-13-a-1,79,G
1413-4-14-8-1,79,G
1414-3-10-6-2,79,G
1414-3-10-9-2,79,G
1414-3-11-7-2,79,G
1414-3-11-a-2,79,G
1414-3-12-9-1,79,G
1414-3-13-7-1,79,G
1414-3-13-a-1,79,G
1414-3-14-8-1,79,G
1414-4-10-6-1,79,G
1414-4-10-9-2,79,G
1414-4-11-7-2,79,G
1414-4-11-a-2,79,G
1414-4-12-8-2,79,G
1414-4-13-7-1,79,G
1414-4-13-a-1,79,G
1414-4-14-8-1,79,G
1415-3-10-6-1,79,G
1415-3-10-9-1,79,G
1415-3-11-7-2,79,G
1415-3-11-a-2,79,G
1415-3-12-8-2,79,G
1415-3-13-6-2,79,G
1416-3-10-9-1,79,G
1416-3-11-7-1,79,G
1416-3-11-a-2,79,G
1416-3-12-8-2,79,G
1416-3-13-6-2,79,G
1416-3-13-9-2,79,G
1416-3-14-7-2,79,G
1412-4-13-19-2,79,G
1412-4-14-17-2,79,G
1413-3-10-15-2,79,G
1413-3-10-18-2,79,G
1413-3-11-16-2,79,G
1413-3-12-15-1,79,G
1413-3-12-18-1,79,G
1413-3-13-16-1,79,G
1413-3-13-19-1,79,G
1413-3-14-17-2,79,G
1413-4-10-15-2,79,G
1413-4-10-18-2,79,G
1413-4-11-16-2,79,G
1413-4-12-15-1,79,G
1413-4-12-18-1,79,G
1413-4-13-16-1,79,G
1413-4-13-19-1,79,G
1413-4-14-17-1,79,G
1414-3-10-15-2,79,G
1414-3-10-18-2,79,G
1414-3-11-16-2,79,G
1414-3-11-19-2,79,G
1414-3-12-18-1,79,G
1414-3-13-16-1,79,G
1414-3-13-19-1,79,G
1414-3-14-17-1,79,G
1414-4-10-15-1,79,G
1414-4-10-18-2,79,G
1414-4-11-16-2,79,G
1414-4-11-19-2,79,G
1414-4-12-17-2,79,G
1414-4-13-16-1,79,G
1414-4-13-19-1,79,G
1414-4-14-17-1,79,G
1415-3-10-15-1,79,G
1415-3-10-18-1,79,G
1415-3-11-16-2,79,G
1415-3-11-19-2,79,G
1415-3-12-17-2,79,G
1415-3-13-15-2,79,G
1415-3-13-19-1,79,G
1416-3-10-15-1,79,G
1416-3-10-18-1,79,G
1416-3-11-16-1,79,G
1416-3-11-19-2,79,G
1416-3-12-17-2,79,G
1416-3-13-15-2,79,G
1416-3-13-18-2,79,G
1416-3-14-16-2,79,G
1416-4-10-15-1,79,G
1416-4-10-18-1,79,G
1416-4-11-16-1,79,G
1412-4-18-c-3,79,G
1412-4-18-f-4,79,G
1412-4-19-d-4,79,G
1413-3-15-b-4,79,G
1413-3-15-e-4,79,G
1413-3-16-c-4,79,G
1413-3-17-b-3,79,G
1413-3-17-e-3,79,G
1413-3-18-c-3,79,G
1413-3-18-f-3,79,G
1413-3-19-d-4,79,G
1413-4-15-b-4,79,G
1413-4-15-e-4,79,G
1413-4-16-c-4,79,G
1413-4-17-b-3,79,G
1413-4-17-e-3,79,G
1413-4-18-c-3,79,G
1413-4-18-f-3,79,G
1413-4-19-d-3,79,G
1414-3-15-b-4,79,G
1414-3-15-e-4,79,G
1414-3-16-c-4,79,G
1414-3-16-f-4,79,G
1414-3-17-e-3,79,G
1414-3-18-c-3,79,G
1414-3-18-f-3,79,G
1414-3-19-d-3,79,G
1414-4-15-b-3,79,G
1414-4-15-e-4,79,G
1414-4-16-c-4,79,G
1414-4-16-f-4,79,G
1414-4-17-d-4,79,G
1414-4-18-c-3,79,G
1414-4-18-f-3,79,G
1414-4-19-d-3,79,G
1415-3-15-b-3,79,G
1415-3-15-e-3,79,G
1415-3-16-c-4,79,G
1415-3-16-f-4,79,G
1415-3-17-d-4,79,G
1415-3-18-b-4,79,G
1415-3-18-f-3,79,G
1415-3-19-d-3,79,G
1415-4-15-b-3,79,G
1415-4-15-e-3,79,G
1415-4-16-c-4,79,G
1415-4-16-f-4,79,G
1415-4-17-d-4,79,G
1415-4-18-b-4,79,G
1415-4-18-e-4,79,G
1415-4-19-d-3,79,G
1416-3-15-b-3,79,G
1416-3-15-e-3,79,G
1416-3-16-c-3,79,G
1416-3-16-f-4,79,G
1416-3-17-d-4,79,G
1416-3-18-b-4,79,G
1416-3-18-e-4,79,G
1416-3-19-c-4,79,G
1416-4-15-b-3,79,G
1416-4-15-e-3,79,G
1478-2-3-4-3,79,G
1478-2-4-2-3,79,G
1478-2-4-5-4,79,G
1478-2-5-3-4,79,G
1479-1-1-1-4,79,G
1479-1-1-4-4,79,G
1479-1-2-2-4,79,G
1479-1-3-1-3,79,G
1479-1-3-4-3,79,G
1479-1-4-2-3,79,G
1479-1-4-5-3,79,G
1479-1-5-3-4,79,G
1479-2-1-1-4,79,G
1479-2-1-4-4,79,G
1479-2-2-2-4,79,G
1479-2-3-1-3,79,G
1479-2-3-4-3,79,G
1479-2-4-2-3,79,G
1479-2-4-5-3,79,G
1479-2-5-3-3,79,G
1480-1-1-1-4,79,G
1480-1-1-4-4,79,G
1480-1-2-2-4,79,G
1480-1-2-5-4,79,G
1480-1-3-4-3,79,G
1480-1-4-2-3,79,G
1480-1-4-5-3,79,G
1480-1-5-3-3,79,G
1480-2-1-1-3,79,G
1480-2-1-4-4,79,G
1480-2-2-2-4,79,G
1480-2-2-5-4,79,G
1480-2-3-3-4,79,G
1480-2-4-2-3,79,G
1480-2-4-5-3,79,G
1480-2-5-3-3,79,G
1481-1-1-1-3,79,G
1481-1-1-4-3,79,G
1481-1-2-2-4,79,G
1481-1-2-5-4,79,G
1481-1-3-3-4,79,G
1481-1-4-1-4,79,G
1481-1-4-5-3,79,G
1481-1-5-3-3,79,G
1481-2-1-1-3,79,G
1481-2-1-4-3,79,G
1481-2-2-2-4,79,G
1481-2-2-5-4,79,G
1481-2-3-3-4,79,G
1481-2-4-1-4,79,G
1481-2-4-4-4,79,G
1481-2-5-3-3,79,G
1482-1-1-1-3,79,G
1482-1-1-4-3,79,G
1482-1-2-2-3,79,G
1482-1-2-5-4,79,G
1482-1-3-3-4,79,G
1482-1-4-1-4,79,G
1482-1-4-4-4,79,G
1482-1-5-2-4,79,G
1482-2-1-1-3,79,G
1482-2-1-4-3,79,G
1478-2-2-12-3,79,G
1478-2-3-10-3,79,G
1478-2-3-13-3,79,G
1478-2-4-11-3,79,G
1478-2-4-14-4,79,G
1478-2-5-12-4,79,G
1479-1-1-10-4,79,G
1479-1-1-13-4,79,G
1479-1-2-11-4,79,G
1479-1-3-10-3,79,G
1479-1-3-13-3,79,G
1479-1-4-11-3,79,G
1479-1-4-14-3,79,G
1479-1-5-12-4,79,G
1479-2-1-10-4,79,G
1479-2-1-13-4,79,G
1479-2-2-11-4,79,G
1479-2-3-10-3,79,G
1479-2-3-13-3,79,G
1479-2-4-11-3,79,G
1479-2-4-14-3,79,G
1479-2-5-12-3,79,G
1480-1-1-10-4,79,G
1480-1-1-13-4,79,G
1480-1-2-11-4,79,G
1480-1-2-14-4,79,G
1480-1-3-13-3,79,G
1480-1-4-11-3,79,G
1480-1-4-14-3,79,G
1480-1-5-12-3,79,G
1480-2-1-10-3,79,G
1480-2-1-13-4,79,G
1480-2-2-11-4,79,G
1480-2-2-14-4,79,G
1480-2-3-12-4,79,G
1480-2-4-11-3,79,G
1480-2-4-14-3,79,G
1480-2-5-12-3,79,G
1481-1-1-10-3,79,G
1481-1-1-13-3,79,G
1481-1-2-11-4,79,G
1481-1-2-14-4,79,G
1481-1-3-12-4,79,G
1481-1-4-10-4,79,G
1481-1-4-14-3,79,G
1481-1-5-12-3,79,G
1481-2-1-10-3,79,G
1481-2-1-13-3,79,G
1481-2-2-11-4,79,G
1481-2-2-14-4,79,G
1481-2-3-12-4,79,G
1481-2-4-10-4,79,G
1481-2-4-13-4,79,G
1481-2-5-12-3,79,G
1482-1-1-10-3,79,G
1482-1-1-13-3,79,G
1482-1-2-11-3,79,G
1482-1-2-14-4,79,G
1482-1-3-12-4,79,G
1482-1-4-10-4,79,G
1482-1-4-13-4,79,G
1482-1-5-11-4,79,G
1482-2-1-10-3,79,G
1478-2-6-9-4,79,G
1478-2-7-8-3,79,G
1478-2-8-6-3,79,G
1478-2-8-9-3,79,G
1478-2-9-7-3,79,G
1478-2-9-a-4,79,G
1478-2-a-8-4,79,G
1479-1-6-6-4,79,G
1479-1-6-9-4,79,G
1479-1-7-7-4,79,G
1479-1-8-6-3,79,G
1479-1-8-9-3,79,G
1479-1-9-7-3,79,G
1479-1-9-a-3,79,G
1479-1-a-8-4,79,G
1479-2-6-6-4,79,G
1479-2-6-9-4,79,G
1479-2-7-7-4,79,G
1479-2-8-6-3,79,G
1479-2-8-9-3,79,G
1479-2-9-7-3,79,G
1479-2-9-a-3,79,G
1479-2-a-8-3,79,G
1480-1-6-6-4,79,G
1480-1-6-9-4,79,G
1480-1-7-7-4,79,G
1480-1-7-a-4,79,G
1480-1-8-9-3,79,G
1480-1-9-7-3,79,G
1480-1-9-a-3,79,G
1480-1-a-8-3,79,G
1480-2-6-6-3,79,G
1480-2-6-9-4,79,G
1480-2-7-7-4,79,G
1480-2-7-a-4,79,G
1480-2-8-8-4,79,G
1480-2-9-7-3,79,G
1480-2-9-a-3,79,G
1480-2-a-8-3,79,G
1481-1-6-6-3,79,G
1481-1-6-9-3,79,G
1481-1-7-7-4,79,G
1481-1-7-a-4,79,G
1481-1-8-8-4,79,G
1481-1-9-6-4,79,G
1481-1-9-a-3,79,G
1481-1-a-8-3,79,G
1481-2-6-6-3,79,G
1481-2-6-9-3,79,G
1481-2-7-7-4,79,G
1481-2-7-a-4,79,G
1481-2-8-8-4,79,G
1481-2-9-6-4,79,G
1481-2-9-9-4,79,G
1481-2-a-8-3,79,G
1482-1-6-6-3,79,G
1482-1-6-9-3,79,G
1482-1-7-7-3,79,G
1482-1-7-a-4,79,G
1482-1-8-8-4,79,G
1482-1-9-6-4,79,G
1482-1-9-9-4,79,G
1482-1-a-7-4,79,G
1478-2-b-1-2,79,G
1478-2-b-4-2,79,G
1478-2-c-3-1,79,G
1478-2-d-1-1,79,G
1478-2-d-4-1,79,G
1478-2-e-2-1,79,G
1478-2-e-5-2,79,G
1478-2-f-3-2,79,G
1479-1-b-1-2,79,G
1479-1-b-4-2,79,G
1479-1-c-2-2,79,G
1479-1-d-1-1,79,G
1479-1-d-4-1,79,G
1479-1-e-2-1,79,G
1479-1-e-5-1,79,G
1479-1-f-3-2,79,G
1479-2-b-1-2,79,G
1479-2-b-4-2,79,G
1479-2-c-2-2,79,G
1479-2-d-1-1,79,G
1479-2-d-4-1,79,G
1479-2-e-2-1,79,G
1479-2-e-5-1,79,G
1479-2-f-3-1,79,G
1480-1-b-1-2,79,G
1480-1-b-4-2,79,G
1480-1-c-2-2,79,G
1480-1-c-5-2,79,G
1480-1-d-4-1,79,G
1480-1-e-2-1,79,G
1480-1-e-5-1,79,G
1480-1-f-3-1,79,G
1480-2-b-1-1,79,G
1480-2-b-4-2,79,G
1480-2-c-2-2,79,G
1480-2-c-5-2,79,G
1480-2-d-3-2,79,G
1480-2-e-2-1,79,G
1480-2-e-5-1,79,G
1480-2-f-3-1,79,G
1481-1-b-1-1,79,G
1481-1-b-4-1,79,G
1481-1-c-2-2,79,G
1481-1-c-5-2,79,G
1481-1-d-3-2,79,G
1481-1-e-1-2,79,G
1481-1-e-5-1,79,G
1481-1-f-3-1,79,G
1481-2-b-1-1,79,G
1481-2-b-4-1,79,G
1481-2-c-2-2,79,G
1481-2-c-5-2,79,G
1481-2-d-3-2,79,G
1481-2-e-1-2,79,G
1481-2-e-4-2,79,G
1481-2-f-3-1,79,G
1482-1-b-1-1,79,G
1482-1-b-4-1,79,G
1482-1-c-2-1,79,G
1482-1-c-5-2,79,G
1482-1-d-3-2,79,G
1482-1-e-1-2,79,G
1482-1-e-4-2,79,G
1482-1-f-2-2,79,G
1478-2-b-10-2,79,G
1478-2-b-13-2,79,G
1478-2-c-12-1,79,G
1478-2-d-10-1,79,G
1478-2-d-13-1,79,G
1478-2-e-11-1,79,G
1478-2-e-14-2,79,G
1478-2-f-12-2,79,G
1479-1-b-10-2,79,G
1479-1-b-13-2,79,G
1479-1-c-11-2,79,G
1479-1-d-10-1,79,G
1479-1-d-13-1,79,G
1479-1-e-11-1,79,G
1479-1-e-14-1,79,G
1479-1-f-12-2,79,G
1479-2-b-10-2,79,G
1479-2-b-13-2,79,G
1479-2-c-11-2,79,G
1479-2-d-10-1,79,G
1479-2-d-13-1,79,G
1479-2-e-11-1,79,G
1479-2-e-14-1,79,G
1479-2-f-12-1,79,G
1480-1-b-10-2,79,G
1480-1-b-13-2,79,G
1480-1-c-11-2,79,G
1480-1-c-14-2,79,G
1480-1-d-13-1,79,G
1480-1-e-11-1,79,G
1480-1-e-14-1,79,G
1480-1-f-12-1,79,G
1480-2-b-10-1,79,G
1480-2-b-13-2,79,G
1480-2-c-11-2,79,G
1480-2-c-14-2,79,G
1480-2-d-12-2,79,G
1480-2-e-11-1,79,G
1480-2-e-14-1,79,G
1480-2-f-12-1,79,G
1481-1-b-10-1,79,G
1481-1-b-13-1,79,G
1481-1-c-11-2,79,G
1481-1-c-14-2,79,G
1481-1-d-12-2,79,G
1481-1-e-10-2,79,G
1481-1-e-14-1,79,G
1481-1-f-12-1,79,G
1481-2-b-10-1,79,G
1481-2-b-13-1,79,G
1481-2-c-11-2,79,G
1481-2-c-14-2,79,G
1481-2-d-12-2,79,G
1481-2-e-10-2,79,G
1481-2-e-13-2,79,G
1481-2-f-12-1,79,G
1482-1-b-10-1,79,G
1482-1-b-13-1,79,G
1482-1-c-11-1,79,G
1482-1-c-14-2,79,G
1482-1-d-12-2,79,G
1482-1-e-10-2,79,G
1482-1-e-13-2,79,G
1482-1-f-11-2,79,G
1478-2-13-7-1,79,G
1478-2-13-a-2,79,G
1478-2-14-8-2,79,G
1479-1-10-6-2,79,G
1479-1-10-9-2,79,G
1479-1-11-7-2,79,G
1479-1-12-6-1,79,G
1479-1-12-9-1,79,G
1479-1-13-7-1,79,G
1479-1-13-a-1,79,G
1479-1-14-8-2,79,G
1479-2-10-6-2,79,G
1479-2-10-9-2,79,G
1479-2-11-7-2,79,G
1479-2-12-6-1,79,G
1479-2-12-9-1,79,G
1479-2-13-7-1,79,G
1479-2-13-a-1,79,G
1479-2-14-8-1,79,G
1480-1-10-6-2,79,G
1480-1-10-9-2,79,G
1480-1-11-7-2,79,G
1480-1-11-a-2,79,G
1480-1-12-9-1,79,G
1480-1-13-7-1,79,G
1480-1-13-a-1,79,G
1480-1-14-8-1,79,G
1480-2-10-6-1,79,G
1480-2-10-9-2,79,G
1480-2-11-7-2,79,G
1480-2-11-a-2,79,G
1480-2-12-8-2,79,G
1480-2-13-7-1,79,G
1480-2-13-a-1,79,G
1480-2-14-8-1,79,G
1481-1-10-6-1,79,G
1481-1-10-9-1,79,G
1481-1-11-7-2,79,G
1481-1-11-a-2,79,G
1481-1-12-8-2,79,G
1481-1-13-6-2,79,G
1481-1-13-a-1,79,G
1481-1-14-8-1,79,G
1481-2-10-6-1,79,G
1481-2-10-9-1,79,G
1481-2-11-7-2,79,G
1481-2-11-a-2,79,G
1481-2-12-8-2,79,G
1481-2-13-6-2,79,G
1481-2-13-9-2,79,G
1481-2-14-8-1,79,G
1482-1-10-6-1,79,G
1482-1-10-9-1,79,G
1482-1-11-7-1,79,G
1482-1-11-a-2,79,G
1482-1-12-8-2,79,G
1482-1-13-6-2,79,G
1482-1-13-9-2,79,G
1482-1-14-7-2,79,G
1478-2-13-19-2,79,G
1478-2-14-17-2,79,G
1479-1-10-15-2,79,G
1479-1-10-18-2,79,G
1479-1-11-16-2,79,G
1479-1-12-15-1,79,G
1479-1-12-18-1,79,G
1479-1-13-16-1,79,G
1479-1-13-19-1,79,G
1479-1-14-17-2,79,G
1479-2-10-15-2,79,G
1479-2-10-18-2,79,G
1479-2-11-16-2,79,G
1479-2-12-15-1,79,G
1479-2-12-18-1,79,G
1479-2-13-16-1,79,G
1479-2-13-19-1,79,G
1479-2-14-17-1,79,G
1480-1-10-15-2,79,G
1480-1-10-18-2,79,G
1480-1-11-16-2,79,G
1480-1-11-19-2,79,G
1480-1-12-18-1,79,G
1480-1-13-16-1,79,G
1480-1-13-19-1,79,G
1480-1-14-17-1,79,G
1480-2-10-15-1,79,G
1480-2-10-18-2,79,G
1480-2-11-16-2,79,G
1480-2-11-19-2,79,G
1480-2-12-17-2,79,G
1480-2-13-16-1,79,G
1480-2-13-19-1,79,G
1480-2-14-17-1,79,G
1481-1-10-15-1,79,G
1481-1-10-18-1,79,G
1481-1-11-16-2,79,G
1481-1-11-19-2,79,G
1481-1-12-17-2,79,G
1481-1-13-15-2,79,G
1481-1-13-19-1,79,G
1481-1-14-17-1,79,G
1481-2-10-15-1,79,G
1481-2-10-18-1,79,G
1481-2-11-16-2,79,G
1481-2-11-19-2,79,G
1481-2-12-17-2,79,G
1481-2-13-15-2,79,G
1481-2-13-18-2,79,G
1481-2-14-17-1,79,G
1482-1-10-15-1,79,G
1482-1-10-18-1,79,G
1482-1-11-16-1,79,G
1482-1-11-19-2,79,G
1482-1-12-17-2,79,G
1482-1-13-15-2,79,G
1482-1-13-18-2,79,G
1482-1-14-16-2,79,G
1478-2-18-f-2,79,G
1478-2-19-d-2,79,G
1479-1-15-b-2,79,G
1479-1-15-e-2,79,G
1479-1-16-c-2,79,G
1479-1-17-b-1,79,G
1479-1-17-e-1,79,G
1479-1-18-c-1,79,G
1479-1-18-f-1,79,G
1479-1-19-d-2,79,G
1479-2-15-b-2,79,G
1479-2-15-e-2,79,G
1479-2-16-c-2,79,G
1479-2-17-b-1,79,G
1479-2-17-e-1,79,G
1479-2-18-c-1,79,G
1479-2-18-f-1,79,G
1479-2-19-d-1,79,G
1480-1-15-b-2,79,G
1480-1-15-e-2,79,G
1480-1-16-c-2,79,G
1480-1-16-f-2,79,G
1480-1-17-e-1,79,G
1480-1-18-c-1,79,G
1480-1-18-f-1,79,G
1480-1-19-d-1,79,G
1480-2-15-b-1,79,G
1480-2-15-e-2,79,G
1480-2-16-c-2,79,G
1480-2-16-f-2,79,G
1480-2-17-d-2,79,G
1480-2-18-c-1,79,G
1480-2-18-f-1,79,G
1480-2-19-d-1,79,G
1481-1-15-b-1,79,G
1481-1-15-e-1,79,G
1481-1-16-c-2,79,G
1481-1-16-f-2,79,G
1481-1-17-d-2,79,G
1481-1-18-b-2,79,G
1481-1-18-f-1,79,G
1481-1-19-d-1,79,G
1481-2-15-b-1,79,G
1481-2-15-e-1,79,G
1481-2-16-c-2,79,G
1481-2-16-f-2,79,G
1481-2-17-d-2,79,G
1481-2-18-b-2,79,G
1481-2-18-e-2,79,G
1481-2-19-d-1,79,G
1482-1-15-b-1,79,G
1482-1-15-e-1,79,G
1482-1-16-c-1,79,G
1482-1-16-f-2,79,G
1482-1-17-d-2,79,G
1482-1-18-b-2,79,G
1482-1-18-e-2,79,G
1482-1-19-c-2,79,G
1478-4-4-5-4,79,G
1478-4-5-3-4,79,G
1479-3-1-1-4,79,G
1479-3-1-4-4,79,G
1479-3-2-2-4,79,G
1479-3-3-1-3,79,G
1479-3-3-4-3,79,G
1479-3-4-2-3,79,G
1479-3-4-5-3,79,G
1479-3-5-3-4,79,G
1479-4-1-1-4,79,G
1479-4-1-4-4,79,G
1479-4-2-2-4,79,G
1479-4-3-1-3,79,G
1479-4-3-4-3,79,G
1479-4-4-2-3,79,G
1479-4-4-5-3,79,G
1479-4-5-3-3,79,G
1480-3-1-1-4,79,G
1480-3-1-4-4,79,G
1480-3-2-2-4,79,G
1480-3-2-5-4,79,G
1480-3-3-4-3,79,G
1480-3-4-2-3,79,G
1480-3-4-5-3,79,G
1480-3-5-3-3,79,G
1480-4-1-1-3,79,G
1480-4-1-4-4,79,G
1480-4-2-2-4,79,G
1480-4-2-5-4,79,G
1480-4-3-3-4,79,G
1480-4-4-2-3,79,G
1480-4-4-5-3,79,G
1480-4-5-3-3,79,G
1481-3-1-1-3,79,G
1481-3-1-4-3,79,G
1481-3-2-2-4,79,G
1481-3-2-5-4,79,G
1481-3-3-3-4,79,G
1481-3-4-1-4,79,G
1481-3-4-5-3,79,G
1481-3-5-3-3,79,G
1481-4-1-1-3,79,G
1481-4-1-4-3,79,G
1481-4-2-2-4,79,G
1481-4-2-5-4,79,G
1481-4-3-3-4,79,G
1481-4-4-1-4,79,G
1481-4-4-4-4,79,G
1481-4-5-3-3,79,G
1482-3-1-1-3,79,G
1482-3-1-4-3,79,G
1482-3-2-2-3,79,G
1482-3-2-5-4,79,G
1482-3-3-3-4,79,G
1482-3-4-1-4,79,G
1482-3-4-4-4,79,G
1478-4-4-14-4,79,G
1478-4-5-12-4,79,G
1479-3-1-10-4,79,G
1479-3-1-13-4,79,G
1479-3-2-11-4,79,G
1479-3-3-10-3,79,G
1479-3-3-13-3,79,G
1479-3-4-11-3,79,G
1479-3-4-14-3,79,G
1479-3-5-12-4,79,G
1479-4-1-10-4,79,G
1479-4-1-13-4,79,G
1479-4-2-11-4,79,G
1479-4-3-10-3,79,G
1479-4-3-13-3,79,G
1479-4-4-11-3,79,G
1479-4-4-14-3,79,G
1479-4-5-12-3,79,G
1480-3-1-10-4,79,G
1480-3-1-13-4,79,G
1480-3-2-11-4,79,G
1480-3-2-14-4,79,G
1480-3-3-13-3,79,G
1480-3-4-11-3,79,G
1480-3-4-14-3,79,G
1480-3-5-12-3,79,G
1480-4-1-10-3,79,G
1480-4-1-13-4,79,G
1480-4-2-11-4,79,G
1480-4-2-14-4,79,G
1480-4-3-12-4,79,G
1480-4-4-11-3,79,G
1480-4-4-14-3,79,G
1480-4-5-12-3,79,G
1481-3-1-10-3,79,G
1481-3-1-13-3,79,G
1481-3-2-11-4,79,G
1481-3-2-14-4,79,G
1481-3-3-12-4,79,G
1481-3-4-10-4,79,G
1481-3-4-14-3,79,G
1481-3-5-12-3,79,G
1481-4-1-10-3,79,G
1481-4-1-13-3,79,G
1481-4-2-11-4,79,G
1481-4-2-14-4,79,G
1481-4-3-12-4,79,G
1481-4-4-10-4,79,G
1481-4-4-13-4,79,G
1481-4-5-12-3,79,G
1482-3-1-10-3,79,G
1482-3-1-13-3,79,G
1482-3-2-11-3,79,G
1482-3-2-14-4,79,G
1482-3-3-12-4,79,G
1482-3-4-10-4,79,G
1478-4-a-8-4,79,G
1479-3-6-6-4,79,G
1479-3-6-9-4,79,G
1479-3-7-7-4,79,G
1479-3-8-6-3,79,G
1479-3-8-9-3,79,G
1479-3-9-7-3,79,G
1479-3-9-a-3,79,G
1479-3-a-8-4,79,G
1479-4-6-6-4,79,G
1479-4-6-9-4,79,G
1479-4-7-7-4,79,G
1479-4-8-6-3,79,G
1479-4-8-9-3,79,G
1479-4-9-7-3,79,G
1479-4-9-a-3,79,G
1479-4-a-8-3,79,G
1480-3-6-6-4,79,G
1480-3-6-9-4,79,G
1480-3-7-7-4,79,G
1480-3-7-a-4,79,G
1480-3-8-9-3,79,G
1480-3-9-7-3,79,G
1480-3-9-a-3,79,G
1480-3-a-8-3,79,G
1480-4-6-6-3,79,G
1480-4-6-9-4,79,G
1480-4-7-7-4,79,G
1480-4-7-a-4,79,G
1480-4-8-8-4,79,G
1480-4-9-7-3,79,G
1480-4-9-a-3,79,G
1480-4-a-8-3,79,G
1481-3-6-6-3,79,G
1481-3-6-9-3,79,G
1481-3-7-7-4,79,G
1481-3-7-a-4,79,G
1481-3-8-8-4,79,G
1481-3-9-6-4,79,G
1481-3-9-a-3,79,G
1481-3-a-8-3,79,G
1481-4-6-6-3,79,G
1481-4-6-9-3,79,G
1481-4-7-7-4,79,G
1481-4-7-a-4,79,G
1481-4-8-8-4,79,G
1481-4-9-6-4,79,G
1481-4-9-9-4,79,G
1481-4-a-8-3,79,G
1482-3-6-6-3,79,G
1482-3-6-9-3,79,G
1482-3-7-7-3,79,G
1478-4-a-17-4,79,G
1479-3-6-15-4,79,G
1479-3-6-18-4,79,G
1479-3-7-16-4,79,G
1479-3-8-15-3,79,G
1479-3-8-18-3,79,G
1479-3-9-16-3,79,G
1479-3-9-19-3,79,G
1479-3-a-17-4,79,G
1479-4-6-15-4,79,G
1479-4-6-18-4,79,G
1479-4-7-16-4,79,G
1479-4-8-15-3,79,G
1479-4-8-18-3,79,G
1479-4-9-16-3,79,G
1479-4-9-19-3,79,G
1479-4-a-17-3,79,G
1480-3-6-15-4,79,G
1480-3-6-18-4,79,G
1480-3-7-16-4,79,G
1480-3-7-19-4,79,G
1480-3-8-18-3,79,G
1480-3-9-16-3,79,G
1480-3-9-19-3,79,G
1480-3-a-17-3,79,G
1480-4-6-15-3,79,G
1480-4-6-18-4,79,G
1480-4-7-16-4,79,G
1480-4-7-19-4,79,G
1480-4-8-17-4,79,G
1480-4-9-16-3,79,G
1480-4-9-19-3,79,G
1480-4-a-17-3,79,G
1481-3-6-15-3,79,G
1481-3-6-18-3,79,G
1481-3-7-16-4,79,G
1481-3-7-19-4,79,G
1481-3-8-17-4,79,G
1481-3-9-15-4,79,G
1481-3-9-19-3,79,G
1481-3-a-17-3,79,G
1481-4-6-15-3,79,G
1481-4-6-18-3,79,G
1481-4-7-16-4,79,G
1481-4-7-19-4,79,G
1481-4-8-17-4,79,G
1481-4-9-15-4,79,G
1481-4-9-18-4,79,G
1481-4-a-17-3,79,G
1482-3-6-15-3,79,G
1479-3-b-10-2,79,G
1479-3-b-13-2,79,G
1479-3-c-11-2,79,G
1479-3-d-10-1,79,G
1479-3-d-13-1,79,G
1479-3-e-11-1,79,G
1479-3-e-14-1,79,G
1479-3-f-12-2,79,G
1479-4-b-10-2,79,G
1479-4-b-13-2,79,G
1479-4-c-11-2,79,G
1479-4-d-10-1,79,G
1479-4-d-13-1,79,G
1479-4-e-11-1,79,G
1479-4-e-14-1,79,G
1479-4-f-12-1,79,G
1480-3-b-10-2,79,G
1480-3-b-13-2,79,G
1480-3-c-11-2,79,G
1480-3-c-14-2,79,G
1480-3-d-13-1,79,G
1480-3-e-11-1,79,G
1480-3-e-14-1,79,G
1480-3-f-12-1,79,G
1480-4-b-10-1,79,G
1480-4-b-13-2,79,G
1480-4-c-11-2,79,G
1480-4-c-14-2,79,G
1480-4-d-12-2,79,G
1480-4-e-11-1,79,G
1480-4-e-14-1,79,G
1480-4-f-12-1,79,G
1481-3-b-10-1,79,G
1481-3-b-13-1,79,G
1481-3-c-11-2,79,G
1481-3-e-14-1,79,G
1481-3-f-12-1,79,G
1481-4-b-10-1,79,G
1481-4-b-13-1,79,G
1481-4-c-11-2,79,G
1481-4-c-14-2,79,G
1481-4-d-12-2,79,G
1481-4-e-10-2,79,G
1481-4-e-13-2,79,G
1479-3-10-6-2,79,G
1479-3-10-9-2,79,G
1479-3-11-7-2,79,G
1479-3-12-6-1,79,G
1479-3-12-9-1,79,G
1479-3-13-7-1,79,G
1479-3-13-a-1,79,G
1479-3-14-8-2,79,G
1479-4-10-6-2,79,G
1479-4-10-9-2,79,G
1479-4-11-7-2,79,G
1479-4-12-6-1,79,G
1479-4-12-9-1,79,G
1479-4-13-7-1,79,G
1479-4-13-a-1,79,G
1479-4-14-8-1,79,G
1480-3-10-6-2,79,G
1480-3-10-9-2,79,G
1480-3-11-7-2,79,G
1480-3-11-a-2,79,G
1480-3-12-9-1,79,G
1480-3-13-7-1,79,G
1480-3-13-a-1,79,G
1480-3-14-8-1,79,G
1480-4-10-6-1,79,G
1480-4-10-9-2,79,G
1480-4-11-7-2,79,G
1480-4-11-a-2,79,G
1480-4-12-8-2,79,G
1480-4-13-7-1,79,G
1480-4-13-a-1,79,G
1480-4-14-8-1,79,G
1481-3-10-6-1,79,G
1481-3-10-9-1,79,G
1481-3-14-8-1,79,G
1481-4-10-6-1,79,G
1481-4-10-9-1,79,G
1481-4-11-7-2,79,G
1481-4-11-a-2,79,G
1481-4-12-8-2,79,G
1479-3-10-18-2,79,G
1479-3-11-16-2,79,G
1479-3-12-15-1,79,G
1479-3-12-18-1,79,G
1479-3-13-16-1,79,G
1479-3-13-19-1,79,G
1479-3-14-17-2,79,G
1479-4-10-15-2,79,G
1479-4-10-18-2,79,G
1479-4-11-16-2,79,G
1479-4-12-15-1,79,G
1479-4-12-18-1,79,G
1479-4-13-16-1,79,G
1479-4-13-19-1,79,G
1479-4-14-17-1,79,G
1480-3-10-15-2,79,G
1480-3-10-18-2,79,G
1480-3-11-16-2,79,G
1480-3-11-19-2,79,G
1480-3-12-18-1,79,G
1480-3-13-16-1,79,G
1480-3-13-19-1,79,G
1480-3-14-17-1,79,G
1480-4-10-15-1,79,G
1480-4-10-18-2,79,G
1480-4-11-16-2,79,G
1480-4-11-19-2,79,G
1480-4-12-17-2,79,G
1480-4-13-16-1,79,G
1480-4-13-19-1,79,G
1480-4-14-17-1,79,G
1481-3-10-15-1,79,G
1481-3-10-18-1,79,G
1481-4-10-15-1,79,G
1481-4-10-18-1,79,G
1481-4-11-16-2,79,G
1479-3-16-c-2,79,G
1479-3-17-b-1,79,G
1479-3-17-e-1,79,G
1479-3-18-c-1,79,G
1479-3-18-f-1,79,G
1479-3-19-d-2,79,G
1479-4-15-b-2,79,G
1479-4-15-e-2,79,G
1479-4-16-c-2,79,G
1479-4-17-b-1,79,G
1479-4-17-e-1,79,G
1479-4-18-c-1,79,G
1479-4-18-f-1,79,G
1479-4-19-d-1,79,G
1480-3-15-b-2,79,G
1480-3-15-e-2,79,G
1480-3-16-c-2,79,G
1480-3-16-f-2,79,G
1480-3-17-e-1,79,G
1480-3-18-c-1,79,G
1480-3-18-f-1,79,G
1480-3-19-d-1,79,G
1480-4-15-b-1,79,G
1480-4-15-e-2,79,G
1480-4-16-c-2,79,G
1480-4-16-f-2,79,G
1480-4-17-d-2,79,G
1480-4-18-c-1,79,G
1480-4-18-f-1,79,G
1480-4-19-d-1,79,G
1481-3-15-b-1,79,G
1481-3-15-e-1,79,G
1481-3-16-c-2,79,G
1545-1-4-2-3,79,G
1545-1-4-5-3,79,G
1545-1-5-3-4,79,G
1545-2-1-1-4,79,G
1545-2-1-4-4,79,G
1545-2-2-2-4,79,G
1545-2-3-1-3,79,G
1545-2-3-4-3,79,G
1545-2-4-2-3,79,G
1545-2-4-5-3,79,G
1545-2-5-3-3,79,G
1546-1-1-1-4,79,G
1546-1-1-4-4,79,G
1546-1-2-2-4,79,G
1546-1-2-5-4,79,G
1546-1-3-4-3,79,G
1546-1-4-2-3,79,G
1546-1-4-5-3,79,G
1546-1-5-3-3,79,G
1546-2-1-1-3,79,G
1546-2-1-4-4,79,G
1546-2-2-2-4,79,G
1546-2-2-5-4,79,G
1546-2-3-3-4,79,G
1546-2-4-2-3,79,G
1546-2-4-5-3,79,G
1546-2-5-3-3,79,G
1547-1-1-1-3,79,G
1547-1-1-4-3,79,G
1545-1-5-12-4,79,G
1545-2-1-10-4,79,G
1545-2-1-13-4,79,G
1545-2-2-11-4,79,G
1545-2-3-10-3,79,G
1545-2-3-13-3,79,G
1545-2-4-11-3,79,G
1545-2-4-14-3,79,G
1545-2-5-12-3,79,G
1546-1-1-10-4,79,G
1546-1-1-13-4,79,G
1546-1-2-11-4,79,G
1546-1-2-14-4,79,G
1546-1-3-13-3,79,G
1546-2-4-11-3,79,G
1546-2-4-14-3,79,G
1546-2-5-12-3,79,G
1547-1-1-10-3,79,G
1545-2-6-6-4,79,G
1545-2-6-9-4,79,G
1545-2-7-7-4,79,G
1545-2-8-6-3,79,G
1545-2-8-9-3,79,G
1545-2-9-7-3,79,G
1545-2-9-a-3,79,G
1545-2-a-8-3,79,G
1546-1-6-6-4,79,G
1546-1-6-9-4,79,G
1546-1-7-7-4,79,G
1546-1-7-a-4,79,G
1546-2-6-6-3,79,G
1546-2-6-9-4,79,G
1545-2-6-15-4,79,G
1545-2-6-18-4,79,G
1545-2-7-16-4,79,G
1545-2-8-15-3,79,G
1545-2-8-18-3,79,G
1545-2-9-16-3,79,G
1545-2-9-19-3,79,G
1545-2-a-17-3,79,G
1546-1-6-15-4,79,G
1546-1-6-18-4,79,G
1546-1-7-16-4,79,G
1546-1-7-19-4,79,G
1546-1-8-18-3,79,G
1546-1-9-16-3,79,G
1546-1-9-19-3,79,G
1546-1-a-17-3,79,G
1546-2-6-15-3,79,G
1545-1-f-d-4,79,G
1545-2-b-b-4,79,G
1545-2-b-e-4,79,G
1545-2-c-c-4,79,G
1545-2-d-b-3,79,G
1545-2-d-e-3,79,G
1545-2-e-c-3,79,G
1545-2-e-f-3,79,G
1545-2-f-d-3,79,G
1546-1-b-b-4,79,G
1546-1-b-e-4,79,G
1546-1-c-c-4,79,G
1546-1-c-f-4,79,G
1546-1-d-e-3,79,G
1546-1-e-c-3,79,G
1546-1-e-f-3,79,G
1546-1-f-d-3,79,G
1546-2-b-b-3,79,G
1545-1-13-a-1,79,G
1545-1-14-8-2,79,G
1545-2-10-6-2,79,G
1545-2-10-9-2,79,G
1545-2-11-7-2,79,G
1545-2-12-6-1,79,G
1545-2-12-9-1,79,G
1545-2-13-7-1,79,G
1545-2-13-a-1,79,G
1545-2-14-8-1,79,G
1546-1-10-6-2,79,G
1546-1-10-9-2,79,G
1546-1-11-7-2,79,G
1546-1-11-a-2,79,G
1546-1-12-9-1,79,G
1546-1-13-7-1,79,G
1546-1-13-a-1,79,G
1545-1-12-18-1,79,G
1545-1-13-16-1,79,G
1545-1-13-19-1,79,G
1545-1-14-17-2,79,G
1545-2-10-15-2,79,G
1545-2-10-18-2,79,G
1545-2-11-16-2,79,G
1545-2-12-15-1,79,G
1545-2-12-18-1,79,G
1545-2-13-16-1,79,G
1545-2-13-19-1,79,G
1545-2-14-17-1,79,G
1546-1-10-15-2,79,G
1546-1-10-18-2,79,G
1546-1-11-16-2,79,G
1546-1-11-19-2,79,G
1546-1-12-18-1,79,G
1546-1-13-16-1,79,G
1545-1-19-d-2,79,G
1545-2-15-b-2,79,G
1545-2-15-e-2,79,G
1545-2-16-c-2,79,G
1545-2-17-b-1,79,G
1545-2-17-e-1,79,G
1546-1-16-c-2,79,G
1546-1-16-f-2,79,G
1546-1-17-e-1,79,G
1482-4-1-4-3,80,G
1482-4-2-4-3,80,G
1482-3-4-c-4,80,G
1482-3-4-e-3,80,G
1482-3-4-f-4,80,G
1482-3-5-c-4,80,G
1482-3-5-e-3,80,G
1482-3-5-f-4,80,G
1482-4-1-c-4,80,G
1482-4-1-e-3,80,G
1482-4-1-f-4,80,G
1482-4-2-c-4,80,G
1482-4-2-e-3,80,G
1482-4-2-f-4,80,G
1482-3-3-19-2,80,G
1482-3-4-16-2,80,G
1482-3-4-18-1,80,G
1482-3-4-19-2,80,G
1482-3-5-16-2,80,G
1482-3-5-18-1,80,G
1482-3-5-19-2,80,G
1482-4-1-16-2,80,G
1482-4-1-18-1,80,G
1482-4-1-19-2,80,G
1482-4-2-16-2,80,G
1482-4-2-18-1,80,G
1482-4-2-19-2,80,G
1482-3-7-5-4,80,G
1482-3-8-2-4,80,G
1482-3-8-4-3,80,G
1482-3-8-5-4,80,G
1482-3-9-2-4,80,G
1482-3-9-4-3,80,G
1482-3-9-5-4,80,G
1482-3-a-2-4,80,G
1482-3-a-4-3,80,G
1482-3-a-5-4,80,G
1482-4-6-2-4,80,G
1482-4-6-4-3,80,G
1482-4-6-5-4,80,G
1482-4-7-2-4,80,G
1482-4-7-4-3,80,G
1482-4-7-5-4,80,G
1482-3-7-b-3,80,G
1482-3-7-c-4,80,G
1482-3-7-e-3,80,G
1482-3-7-f-4,80,G
1482-3-8-c-4,80,G
1482-3-8-e-3,80,G
1482-3-8-f-4,80,G
1482-3-9-c-4,80,G
1482-3-9-e-3,80,G
1482-3-9-f-4,80,G
1482-3-a-c-4,80,G
1482-3-a-e-3,80,G
1482-3-a-f-4,80,G
1482-4-6-c-4,80,G
1482-4-6-e-3,80,G
1482-4-6-f-4,80,G
1482-4-7-c-4,80,G
1482-4-7-e-3,80,G
1482-4-7-f-4,80,G
1482-3-6-16-2,80,G
1482-3-6-18-1,80,G
1482-3-7-15-1,80,G
1482-3-7-16-2,80,G
1482-3-7-18-1,80,G
1482-3-7-19-2,80,G
1482-3-8-16-2,80,G
1482-3-8-18-1,80,G
1482-3-8-19-2,80,G
1482-3-9-16-2,80,G
1482-3-9-18-1,80,G
1482-3-9-19-2,80,G
1482-3-a-16-2,80,G
1482-3-a-18-1,80,G
1482-3-a-19-2,80,G
1482-4-6-16-2,80,G
1482-4-6-18-1,80,G
1482-4-6-19-2,80,G
1482-4-7-16-2,80,G
1482-4-7-18-1,80,G
1482-4-7-19-2,80,G
1481-3-e-1-3,80,G
1481-3-e-2-4,80,G
1481-4-f-4-3,80,G
1482-3-b-1-3,80,G
1482-3-b-2-4,80,G
1482-3-b-4-3,80,G
1482-3-c-1-3,80,G
1482-3-c-2-4,80,G
1482-3-c-4-3,80,G
1482-3-c-5-4,80,G
1482-3-d-2-4,80,G
1482-3-d-4-3,80,G
1482-3-d-5-4,80,G
1482-3-e-2-4,80,G
1482-3-e-4-3,80,G
1482-3-e-5-4,80,G
1482-3-f-2-4,80,G
1482-3-f-4-3,80,G
1482-3-f-5-4,80,G
1482-4-b-2-4,80,G
1482-4-b-4-3,80,G
1482-4-b-5-4,80,G
1482-4-c-2-4,80,G
1482-4-c-4-3,80,G
1481-3-c-e-3,80,G
1481-3-d-b-3,80,G
1481-3-d-c-4,80,G
1481-3-d-e-3,80,G
1481-3-e-b-3,80,G
1481-3-e-c-4,80,G
1481-3-e-e-3,80,G
1481-4-f-b-3,80,G
1481-4-f-c-4,80,G
1481-4-f-e-3,80,G
1482-3-b-b-3,80,G
1482-3-b-c-4,80,G
1482-3-b-e-3,80,G
1482-3-c-b-3,80,G
1482-3-c-c-4,80,G
1482-3-c-e-3,80,G
1482-3-c-f-4,80,G
1482-3-d-c-4,80,G
1482-3-d-e-3,80,G
1482-3-d-f-4,80,G
1482-3-e-c-4,80,G
1482-3-e-e-3,80,G
1482-3-e-f-4,80,G
1482-3-f-c-4,80,G
1482-3-f-e-3,80,G
1482-3-f-f-4,80,G
1482-4-b-c-4,80,G
1482-4-b-e-3,80,G
1482-4-b-f-4,80,G
1482-4-c-c-4,80,G
1482-4-c-e-3,80,G
1481-3-c-15-1,80,G
1481-3-c-16-2,80,G
1481-3-c-18-1,80,G
1481-3-d-15-1,80,G
1481-3-d-16-2,80,G
1481-3-d-18-1,80,G
1481-3-e-15-1,80,G
1481-3-e-16-2,80,G
1481-3-e-18-1,80,G
1481-3-f-15-1,80,G
1481-4-e-16-2,80,G
1481-4-e-18-1,80,G
1481-4-f-15-1,80,G
1481-4-f-16-2,80,G
1481-4-f-18-1,80,G
1482-3-b-15-1,80,G
1482-3-b-16-2,80,G
1482-3-b-18-1,80,G
1482-3-c-15-1,80,G
1482-3-c-16-2,80,G
1482-3-c-18-1,80,G
1482-3-c-19-2,80,G
1482-3-d-16-2,80,G
1482-3-d-18-1,80,G
1482-3-d-19-2,80,G
1482-3-e-16-2,80,G
1482-3-e-18-1,80,G
1482-3-e-19-2,80,G
1482-3-f-16-2,80,G
1482-3-f-18-1,80,G
1482-3-f-19-2,80,G
1482-4-b-16-2,80,G
1482-4-b-18-1,80,G
1482-4-b-19-2,80,G
1482-4-c-16-2,80,G
1482-4-c-18-1,80,G
1482-4-c-19-2,80,G
1481-3-10-4-4,80,G
1481-3-11-1-3,80,G
1481-3-11-2-4,80,G
1481-3-11-4-3,80,G
1481-3-12-1-3,80,G
1481-3-12-2-4,80,G
1481-3-12-4-3,80,G
1481-3-13-1-3,80,G
1481-3-13-2-4,80,G
1481-3-13-4-3,80,G
1481-3-14-1-3,80,G
1481-3-14-2-4,80,G
1481-4-13-1-3,80,G
1481-4-13-2-4,80,G
1481-4-13-4-3,80,G
1481-4-14-1-3,80,G
1481-4-14-2-4,80,G
1481-4-14-4-3,80,G
1482-3-10-1-3,80,G
1482-3-10-2-4,80,G
1482-3-10-4-3,80,G
1482-3-11-1-3,80,G
1482-3-11-2-4,80,G
1482-3-11-4-3,80,G
1482-3-11-5-4,80,G
1482-3-12-2-4,80,G
1482-3-12-4-3,80,G
1482-3-12-5-4,80,G
1482-3-13-2-4,80,G
1482-3-13-4-3,80,G
1482-3-13-5-4,80,G
1482-3-14-2-4,80,G
1482-3-14-4-3,80,G
1482-3-14-5-4,80,G
1482-4-10-2-4,80,G
1482-4-10-4-3,80,G
1482-4-10-5-4,80,G
1482-4-11-2-4,80,G
1482-4-11-4-3,80,G
1482-4-11-5-4,80,G
1481-3-10-e-2,80,G
1481-3-11-b-1,80,G
1481-3-11-c-2,80,G
1481-3-11-e-1,80,G
1481-3-12-b-1,80,G
1481-3-12-c-2,80,G
1481-3-12-e-1,80,G
1481-3-13-b-1,80,G
1481-3-13-c-2,80,G
1481-3-13-e-1,80,G
1481-3-14-b-1,80,G
1481-3-14-c-2,80,G
1481-4-12-c-2,80,G
1481-4-12-e-1,80,G
1481-4-13-b-1,80,G
1481-4-13-c-2,80,G
1481-4-13-e-1,80,G
1481-4-14-b-1,80,G
1481-4-14-c-2,80,G
1481-4-14-e-1,80,G
1482-3-10-b-1,80,G
1482-3-10-c-2,80,G
1482-3-10-e-1,80,G
1482-3-11-b-1,80,G
1482-3-11-c-2,80,G
1482-3-11-e-1,80,G
1482-3-11-f-2,80,G
1482-3-12-c-2,80,G
1482-3-12-e-1,80,G
1482-3-12-f-2,80,G
1482-3-13-c-2,80,G
1482-3-13-e-1,80,G
1482-3-13-f-2,80,G
1482-3-14-c-2,80,G
1482-3-14-e-1,80,G
1482-3-14-f-2,80,G
1482-4-10-c-2,80,G
1482-4-10-e-1,80,G
1482-4-10-f-2,80,G
1482-4-11-c-2,80,G
1481-3-11-15-1,80,G
1481-3-11-16-2,80,G
1481-3-11-18-1,80,G
1481-3-12-15-1,80,G
1481-3-12-16-2,80,G
1481-3-12-18-1,80,G
1481-3-13-15-1,80,G
1481-3-13-16-2,80,G
1481-3-13-18-1,80,G
1481-3-14-15-1,80,G
1481-3-14-16-2,80,G
1481-3-14-18-1,80,G
1481-4-10-15-1,80,G
1481-4-11-16-2,80,G
1481-4-11-18-1,80,G
1481-4-12-15-1,80,G
1481-4-12-16-2,80,G
1481-4-12-18-1,80,G
1481-4-13-15-1,80,G
1481-4-13-16-2,80,G
1481-4-13-18-1,80,G
1481-4-14-15-1,80,G
1481-4-14-16-2,80,G
1481-4-14-18-1,80,G
1482-3-10-15-1,80,G
1482-3-10-16-2,80,G
1482-3-10-18-1,80,G
1482-3-11-15-1,80,G
1482-3-11-16-2,80,G
1482-3-11-18-1,80,G
1482-3-11-19-2,80,G
1482-3-12-16-2,80,G
1482-3-12-18-1,80,G
1482-3-12-19-2,80,G
1482-3-13-16-2,80,G
1482-3-13-18-1,80,G
1482-3-13-19-2,80,G
1482-3-14-16-2,80,G
1482-3-14-18-1,80,G
1482-3-14-19-2,80,G
1482-4-10-16-2,80,G
1482-4-10-18-1,80,G
1482-4-10-19-2,80,G
1481-3-16-1-3,80,G
1481-3-16-2-4,80,G
1481-3-16-4-3,80,G
1481-3-17-1-3,80,G
1481-3-17-2-4,80,G
1481-3-17-4-3,80,G
1481-3-18-1-3,80,G
1481-3-18-2-4,80,G
1481-3-18-4-3,80,G
1481-3-19-1-3,80,G
1481-3-19-2-4,80,G
1481-3-19-4-3,80,G
1481-4-15-1-3,80,G
1481-4-15-2-4,80,G
1481-4-15-4-3,80,G
1481-4-16-1-3,80,G
1481-4-16-2-4,80,G
1481-4-16-4-3,80,G
1481-4-17-1-3,80,G
1481-4-17-2-4,80,G
1481-4-17-4-3,80,G
1481-4-18-1-3,80,G
1481-4-18-2-4,80,G
1481-4-18-4-3,80,G
1481-4-19-1-3,80,G
1481-4-19-2-4,80,G
1481-4-19-4-3,80,G
1482-3-15-1-3,80,G
1482-3-15-2-4,80,G
1482-3-15-4-3,80,G
1482-3-16-1-3,80,G
1482-3-16-2-4,80,G
1482-3-16-4-3,80,G
1482-3-16-5-4,80,G
1482-3-17-5-4,80,G
1482-3-18-2-4,80,G
1482-3-18-5-4,80,G
1482-3-19-2-4,80,G
1482-3-19-4-3,80,G
1482-3-19-5-4,80,G
1482-4-15-2-4,80,G
1481-3-16-c-2,80,G
1481-3-16-e-1,80,G
1481-3-17-b-1,80,G
1481-3-17-c-2,80,G
1481-3-17-e-1,80,G
1481-3-18-b-1,80,G
1481-3-18-c-2,80,G
1481-3-18-e-1,80,G
1481-3-19-b-1,80,G
1481-3-19-c-2,80,G
1481-3-19-e-1,80,G
1481-4-15-b-1,80,G
1481-4-15-c-2,80,G
1481-4-15-e-1,80,G
1481-4-16-b-1,80,G
1481-4-16-c-2,80,G
1481-4-16-e-1,80,G
1481-4-17-b-1,80,G
1481-4-17-c-2,80,G
1481-4-17-e-1,80,G
1481-4-18-b-1,80,G
1481-4-18-c-2,80,G
1481-4-18-e-1,80,G
1481-4-19-b-1,80,G
1481-4-19-c-2,80,G
1481-4-19-e-1,80,G
1482-3-15-b-1,80,G
1482-3-15-c-2,80,G
1482-3-15-e-1,80,G
1482-3-16-b-1,80,G
1482-3-16-c-2,80,G
1482-3-16-e-1,80,G
1482-3-16-f-2,80,G
1482-3-17-c-2,80,G
1482-3-18-c-2,80,G
1482-3-19-e-1,80,G
1481-3-16-18-1,80,G
1481-3-17-15-1,80,G
1481-3-17-16-2,80,G
1481-3-17-18-1,80,G
1481-3-18-15-1,80,G
1481-3-18-16-2,80,G
1481-3-18-18-1,80,G
1481-3-19-15-1,80,G
1481-3-19-16-2,80,G
1481-3-19-18-1,80,G
1481-4-15-15-1,80,G
1481-4-15-16-2,80,G
1481-4-15-18-1,80,G
1481-4-16-16-2,80,G
1481-4-16-18-1,80,G
1481-4-17-15-1,80,G
1481-4-17-16-2,80,G
1481-4-17-18-1,80,G
1481-4-18-15-1,80,G
1481-4-18-16-2,80,G
1481-4-18-18-1,80,G
1481-4-19-15-1,80,G
1481-4-19-16-2,80,G
1481-4-19-18-1,80,G
1482-3-15-15-1,80,G
1482-3-15-16-2,80,G
1482-3-15-18-1,80,G
1482-3-16-15-1,80,G
1482-3-16-16-2,80,G
1482-3-16-19-2,80,G
1482-3-17-16-2,80,G
1547-1-2-1-3,80,G
1547-1-2-2-4,80,G
1547-1-2-4-3,80,G
1547-1-3-1-3,80,G
1547-1-3-2-4,80,G
1547-1-3-4-3,80,G
1547-1-4-1-3,80,G
1547-1-4-2-4,80,G
1547-1-4-4-3,80,G
1547-1-5-1-3,80,G
1547-1-5-2-4,80,G
1547-1-5-4-3,80,G
1547-2-1-1-3,80,G
1547-2-1-2-4,80,G
1547-2-1-4-3,80,G
1547-2-2-1-3,80,G
1547-2-2-2-4,80,G
1547-2-2-4-3,80,G
1547-2-4-1-3,80,G
1547-2-4-2-4,80,G
1547-2-4-4-3,80,G
1547-2-5-1-3,80,G
1547-2-5-2-4,80,G
1547-2-5-4-3,80,G
1548-1-1-1-3,80,G
1548-1-1-2-4,80,G
1548-1-1-4-3,80,G
1546-1-4-e-2,80,G
1546-1-5-b-1,80,G
1546-1-5-c-2,80,G
1546-1-5-e-2,80,G
1546-2-1-b-1,80,G
1546-2-1-c-2,80,G
1546-2-1-e-2,80,G
1546-2-2-b-1,80,G
1546-2-2-c-2,80,G
1546-2-2-e-2,80,G
1546-2-3-b-1,80,G
1547-1-1-e-2,80,G
1547-1-2-b-1,80,G
1547-1-2-c-2,80,G
1547-1-2-e-1,80,G
1547-1-3-b-1,80,G
1547-1-3-c-2,80,G
1547-1-3-e-1,80,G
1547-1-4-b-1,80,G
1547-1-4-c-2,80,G
1547-1-4-e-1,80,G
1547-1-5-b-1,80,G
1547-1-5-c-2,80,G
1547-1-5-e-1,80,G
1547-2-1-b-1,80,G
1547-2-1-c-2,80,G
1547-2-1-e-1,80,G
1547-2-2-b-1,80,G
1547-2-2-c-2,80,G
1547-2-2-e-1,80,G
1547-2-3-b-1,80,G
1547-2-3-c-2,80,G
1547-2-3-e-1,80,G
1547-2-5-b-1,80,G
1547-2-5-c-2,80,G
1547-2-5-e-1,80,G
1548-1-1-b-1,80,G
1548-1-1-c-2,80,G
1546-1-3-18-2,80,G
1546-1-4-15-1,80,G
1546-1-4-16-2,80,G
1546-1-4-18-2,80,G
1546-1-5-15-1,80,G
1546-1-5-16-2,80,G
1546-1-5-18-2,80,G
1546-2-1-15-1,80,G
1546-2-1-16-2,80,G
1546-2-1-18-2,80,G
1546-2-2-15-1,80,G
1546-2-2-16-2,80,G
1546-2-2-18-2,80,G
1546-2-3-15-1,80,G
1546-2-3-16-2,80,G
1546-2-3-18-2,80,G
1546-2-4-15-1,80,G
1546-2-5-18-2,80,G
1547-1-1-15-1,80,G
1547-1-1-16-2,80,G
1547-1-1-18-2,80,G
1547-1-2-15-1,80,G
1547-1-2-16-2,80,G
1547-1-2-18-1,80,G
1547-1-3-15-1,80,G
1547-1-3-16-2,80,G
1547-1-3-18-1,80,G
1547-1-4-15-1,80,G
1547-1-4-16-2,80,G
1547-1-4-18-1,80,G
1547-1-5-15-1,80,G
1547-1-5-16-2,80,G
1547-1-5-18-1,80,G
1547-2-1-15-1,80,G
1547-2-1-16-2,80,G
1547-2-1-18-1,80,G
1547-2-2-15-1,80,G
1547-2-2-16-2,80,G
1547-2-2-18-1,80,G
1547-2-3-15-1,80,G
1547-2-3-16-2,80,G
1547-2-3-18-1,80,G
1547-2-4-15-1,80,G
1547-2-4-16-2,80,G
1547-2-4-18-1,80,G
1547-2-5-18-1,80,G
1548-1-2-15-1,80,G
1548-1-2-16-2,80,G
1548-1-2-18-1,80,G
1548-1-3-19-2,80,G
1548-1-4-16-2,80,G
1546-1-8-4-4,80,G
1546-1-9-1-3,80,G
1546-1-9-2-4,80,G
1546-1-9-4-4,80,G
1546-1-a-1-3,80,G
1546-1-a-2-4,80,G
1546-1-a-4-4,80,G
1546-2-6-1-3,80,G
1546-2-6-2-4,80,G
1546-2-6-4-4,80,G
1546-2-7-1-3,80,G
1546-2-7-2-4,80,G
1546-2-7-4-4,80,G
1546-2-8-1-3,80,G
1546-2-8-2-4,80,G
1546-2-8-4-4,80,G
1546-2-9-1-3,80,G
1546-2-9-2-4,80,G
1546-2-9-4-4,80,G
1546-2-a-1-3,80,G
1546-2-a-2-4,80,G
1546-2-a-4-4,80,G
1547-1-6-1-3,80,G
1547-1-6-2-4,80,G
1547-1-6-4-4,80,G
1547-1-7-1-3,80,G
1547-1-7-2-4,80,G
1547-1-7-4-3,80,G
1547-1-8-1-3,80,G
1547-1-8-2-4,80,G
1547-1-8-4-3,80,G
1547-1-9-1-3,80,G
1547-1-9-2-4,80,G
1547-1-9-4-3,80,G
1547-1-a-1-3,80,G
1547-1-a-2-4,80,G
1547-1-a-4-3,80,G
1547-2-6-1-3,80,G
1547-2-6-2-4,80,G
1547-2-6-4-3,80,G
1547-2-7-1-3,80,G
1547-2-7-2-4,80,G
1547-2-7-4-3,80,G
1547-2-8-1-3,80,G
1547-2-8-2-4,80,G
1547-2-8-4-3,80,G
1547-2-9-1-3,80,G
1547-2-9-2-4,80,G
1547-2-9-4-3,80,G
1548-1-6-2-4,80,G
1548-1-6-4-3,80,G
1548-1-7-1-3,80,G
1548-1-7-2-4,80,G
1548-1-7-4-3,80,G
1548-1-8-4-3,80,G
1548-1-8-5-4,80,G
1548-1-9-2-4,80,G
1546-1-8-e-2,80,G
1546-1-9-b-1,80,G
1546-1-9-c-2,80,G
1546-1-9-e-2,80,G
1546-1-a-b-1,80,G
1546-1-a-c-2,80,G
1546-2-7-b-1,80,G
1546-2-7-c-2,80,G
1546-2-7-e-2,80,G
1546-2-8-b-1,80,G
1546-2-8-c-2,80,G
1546-2-8-e-2,80,G
1546-2-9-b-1,80,G
1546-2-9-c-2,80,G
1546-2-9-e-2,80,G
1546-2-a-b-1,80,G
1546-2-a-c-2,80,G
1546-2-a-e-2,80,G
1547-1-6-b-1,80,G
1547-1-6-c-2,80,G
1547-1-6-e-2,80,G
1547-1-7-b-1,80,G
1547-1-7-c-2,80,G
1547-1-7-e-1,80,G
1547-1-8-b-1,80,G
1547-1-8-c-2,80,G
1547-1-8-e-1,80,G
1547-1-9-b-1,80,G
1547-1-9-c-2,80,G
1547-1-9-e-1,80,G
1547-1-a-b-1,80,G
1547-1-a-c-2,80,G
1547-1-a-e-1,80,G
1547-2-6-b-1,80,G
1547-2-6-c-2,80,G
1547-2-6-e-1,80,G
1547-2-7-b-1,80,G
1547-2-7-c-2,80,G
1547-2-7-e-1,80,G
1547-2-8-b-1,80,G
1547-2-8-c-2,80,G
1547-2-8-e-1,80,G
1547-2-a-e-1,80,G
1548-1-6-b-1,80,G
1548-1-6-c-2,80,G
1548-1-6-e-1,80,G
1548-1-7-b-1,80,G
1548-1-7-c-2,80,G
1548-1-7-e-1,80,G
1548-1-7-f-2,80,G
1548-1-8-c-2,80,G
1548-1-8-e-1,80,G
1548-1-8-f-2,80,G
1548-1-9-c-2,80,G
1546-1-8-18-2,80,G
1546-1-9-15-1,80,G
1546-1-9-16-2,80,G
1546-2-6-18-2,80,G
1546-2-7-15-1,80,G
1546-2-7-16-2,80,G
1546-2-7-18-2,80,G
1546-2-8-15-1,80,G
1546-2-8-16-2,80,G
1546-2-8-18-2,80,G
1546-2-9-15-1,80,G
1546-2-9-16-2,80,G
1546-2-9-18-2,80,G
1546-2-a-15-1,80,G
1546-2-a-16-2,80,G
1546-2-a-18-2,80,G
1547-1-6-15-1,80,G
1547-1-6-16-2,80,G
1547-1-6-18-2,80,G
1547-1-7-15-1,80,G
1547-1-7-16-2,80,G
1547-1-7-18-1,80,G
1547-1-8-15-1,80,G
1547-1-8-16-2,80,G
1547-1-8-18-1,80,G
1547-1-9-15-1,80,G
1547-1-9-16-2,80,G
1547-1-9-18-1,80,G
1547-1-a-15-1,80,G
1547-1-a-16-2,80,G
1547-1-a-18-1,80,G
1547-2-6-15-1,80,G
1547-2-6-16-2,80,G
1547-2-6-18-1,80,G
1547-2-7-15-1,80,G
1547-2-7-16-2,80,G
1547-2-7-18-1,80,G
1547-2-8-18-1,80,G
1547-2-9-15-1,80,G
1547-2-9-16-2,80,G
1547-2-9-18-1,80,G
1547-2-a-15-1,80,G
1547-2-a-16-2,80,G
1547-2-a-18-1,80,G
1548-1-6-15-1,80,G
1548-1-6-16-2,80,G
1548-1-6-18-1,80,G
1548-1-7-15-1,80,G
1548-1-7-16-2,80,G
1548-1-7-18-1,80,G
1548-1-7-19-2,80,G
1548-1-8-16-2,80,G
1548-1-8-18-1,80,G
1548-1-8-19-2,80,G
1548-1-9-16-2,80,G
1546-2-b-2-4,80,G
1546-2-b-4-4,80,G
1546-2-c-1-3,80,G
1546-2-c-2-4,80,G
1546-2-c-4-4,80,G
1546-2-d-1-3,80,G
1546-2-d-2-4,80,G
1546-2-d-4-4,80,G
1546-2-e-1-3,80,G
1546-2-e-2-4,80,G
1546-2-e-4-4,80,G
1546-2-f-1-3,80,G
1546-2-f-2-4,80,G
1546-2-f-4-4,80,G
1547-1-b-1-3,80,G
1547-1-b-2-4,80,G
1547-1-b-4-4,80,G
1547-1-c-1-3,80,G
1547-1-c-2-4,80,G
1547-1-c-4-3,80,G
1547-1-d-1-3,80,G
1547-1-d-2-4,80,G
1547-1-d-4-3,80,G
1547-1-e-1-3,80,G
1547-1-e-2-4,80,G
1547-1-e-4-3,80,G
1547-1-f-1-3,80,G
1547-1-f-2-4,80,G
1547-1-f-4-3,80,G
1547-2-b-1-3,80,G
1547-2-b-2-4,80,G
1547-2-b-4-3,80,G
1547-2-c-1-3,80,G
1547-2-c-2-4,80,G
1547-2-d-1-3,80,G
1547-2-d-2-4,80,G
1547-2-d-4-3,80,G
1547-2-e-1-3,80,G
1547-2-e-2-4,80,G
1547-2-e-4-3,80,G
1547-2-f-1-3,80,G
1547-2-f-2-4,80,G
1547-2-f-4-3,80,G
1548-1-b-1-3,80,G
1548-1-b-2-4,80,G
1548-1-b-4-3,80,G
1548-1-c-1-3,80,G
1548-1-c-2-4,80,G
1548-1-c-4-3,80,G
1548-1-c-5-4,80,G
1548-1-d-2-4,80,G
1546-2-b-b-1,80,G
1546-2-b-c-2,80,G
1546-2-b-e-2,80,G
1546-2-c-b-1,80,G
1546-2-c-c-2,80,G
1546-2-c-e-2,80,G
1546-2-d-b-1,80,G
1546-2-d-c-2,80,G
1546-2-d-e-2,80,G
1546-2-e-b-1,80,G
1546-2-e-c-2,80,G
1546-2-e-e-2,80,G
1546-2-f-b-1,80,G
1546-2-f-c-2,80,G
1546-2-f-e-2,80,G
1547-1-b-b-1,80,G
1547-1-b-c-2,80,G
1547-1-b-e-2,80,G
1547-1-c-b-1,80,G
1547-1-c-c-2,80,G
1547-1-c-e-1,80,G
1547-1-d-b-1,80,G
1547-1-d-c-2,80,G
1547-1-d-e-1,80,G
1547-1-e-b-1,80,G
1547-1-e-c-2,80,G
1547-1-e-e-1,80,G
1547-1-f-b-1,80,G
1547-1-f-c-2,80,G
1547-1-f-e-1,80,G
1547-2-b-b-1,80,G
1547-2-b-c-2,80,G
1547-2-b-e-1,80,G
1547-2-c-b-1,80,G
1547-2-c-c-2,80,G
1547-2-c-e-1,80,G
1547-2-d-b-1,80,G
1547-2-d-c-2,80,G
1547-2-d-e-1,80,G
1547-2-e-b-1,80,G
1547-2-e-c-2,80,G
1547-2-e-e-1,80,G
1547-2-f-b-1,80,G
1547-2-f-c-2,80,G
1547-2-f-e-1,80,G
1548-1-b-b-1,80,G
1548-1-b-c-2,80,G
1548-1-b-e-1,80,G
1548-1-c-b-1,80,G
1548-1-c-c-2,80,G
1548-1-c-e-1,80,G
1546-1-f-18-2,80,G
1546-2-b-15-1,80,G
1546-2-b-16-2,80,G
1546-2-b-18-2,80,G
1546-2-c-15-1,80,G
1546-2-c-16-2,80,G
1546-2-c-18-2,80,G
1546-2-d-15-1,80,G
1546-2-d-16-2,80,G
1546-2-d-18-2,80,G
1546-2-e-15-1,80,G
1546-2-e-16-2,80,G
1546-2-e-18-2,80,G
1546-2-f-15-1,80,G
1546-2-f-16-2,80,G
1546-2-f-18-2,80,G
1547-1-b-15-1,80,G
1547-1-b-16-2,80,G
1547-1-b-18-2,80,G
1547-1-c-15-1,80,G
1547-1-c-16-2,80,G
1547-1-c-18-1,80,G
1547-1-d-15-1,80,G
1547-1-d-16-2,80,G
1547-1-d-18-1,80,G
1547-1-e-15-1,80,G
1547-1-e-16-2,80,G
1547-1-e-18-1,80,G
1547-1-f-15-1,80,G
1547-1-f-16-2,80,G
1547-1-f-18-1,80,G
1547-2-b-15-1,80,G
1547-2-b-16-2,80,G
1547-2-b-18-1,80,G
1547-2-c-15-1,80,G
1547-2-c-16-2,80,G
1547-2-c-18-1,80,G
1547-2-d-15-1,80,G
1547-2-d-16-2,80,G
1547-2-d-18-1,80,G
1547-2-e-15-1,80,G
1547-2-e-16-2,80,G
1547-2-e-18-1,80,G
1547-2-f-15-1,80,G
1547-2-f-16-2,80,G
1547-2-f-18-1,80,G
1548-1-b-15-1,80,G
1548-1-b-16-2,80,G
1548-1-b-18-1,80,G
1548-1-c-15-1,80,G
1546-1-14-2-4,80,G
1546-1-14-4-4,80,G
1546-2-10-1-3,80,G
1546-2-10-2-4,80,G
1546-2-10-4-4,80,G
1546-2-11-1-3,80,G
1546-2-11-2-4,80,G
1546-2-11-4-4,80,G
1546-2-12-1-3,80,G
1546-2-12-2-4,80,G
1546-2-12-4-4,80,G
1546-2-13-1-3,80,G
1546-2-13-2-4,80,G
1546-2-13-4-4,80,G
1546-2-14-1-3,80,G
1546-2-14-2-4,80,G
1546-2-14-4-4,80,G
1547-1-10-1-3,80,G
1547-1-10-2-4,80,G
1547-1-10-4-4,80,G
1547-1-11-1-3,80,G
1547-1-11-2-4,80,G
1547-1-11-4-3,80,G
1547-1-12-1-3,80,G
1547-1-12-2-4,80,G
1547-1-12-4-3,80,G
1547-1-13-1-3,80,G
1547-1-13-2-4,80,G
1547-1-13-4-3,80,G
1547-1-14-1-3,80,G
1547-1-14-2-4,80,G
1547-1-14-4-3,80,G
1547-2-10-1-3,80,G
1547-2-10-2-4,80,G
1547-2-10-4-3,80,G
1547-2-11-1-3,80,G
1547-2-11-2-4,80,G
1547-2-11-4-3,80,G
1547-2-12-1-3,80,G
1547-2-12-2-4,80,G
1547-2-12-4-3,80,G
1547-2-13-1-3,80,G
1547-2-13-2-4,80,G
1547-2-13-4-3,80,G
1547-2-14-1-3,80,G
1547-2-14-2-4,80,G
1547-2-14-4-3,80,G
1548-1-10-1-3,80,G
1548-1-10-2-4,80,G
1548-1-10-4-3,80,G
1546-1-14-b-1,80,G
1546-1-14-c-2,80,G
1546-1-14-e-2,80,G
1546-2-10-b-1,80,G
1546-2-10-c-2,80,G
1546-2-10-e-2,80,G
1546-2-11-b-1,80,G
1546-2-11-c-2,80,G
1546-2-11-e-2,80,G
1546-2-12-b-1,80,G
1546-2-12-c-2,80,G
1546-2-12-e-2,80,G
1546-2-13-b-1,80,G
1546-2-13-c-2,80,G
1546-2-13-e-2,80,G
1546-2-14-b-1,80,G
1546-2-14-c-2,80,G
1546-2-14-e-2,80,G
1547-1-10-b-1,80,G
1547-1-10-c-2,80,G
1547-1-10-e-2,80,G
1547-1-11-b-1,80,G
1547-1-11-c-2,80,G
1547-1-11-e-1,80,G
1547-1-12-b-1,80,G
1547-1-12-c-2,80,G
1547-1-12-e-1,80,G
1547-1-13-b-1,80,G
1547-1-13-c-2,80,G
1547-1-13-e-1,80,G
1547-1-14-b-1,80,G
1547-1-14-c-2,80,G
1547-1-14-e-1,80,G
1547-2-10-b-1,80,G
1547-2-10-c-2,80,G
1547-2-10-e-1,80,G
1547-2-11-b-1,80,G
1547-2-11-c-2,80,G
1547-2-11-e-1,80,G
1547-2-12-b-1,80,G
1547-2-12-c-2,80,G
1547-2-12-e-1,80,G
1547-2-13-b-1,80,G
1547-2-13-c-2,80,G
1547-2-13-e-1,80,G
1547-2-14-b-1,80,G
1547-2-14-c-2,80,G
1547-2-14-e-1,80,G
1548-1-10-b-1,80,G
1548-1-10-c-2,80,G
1546-1-13-18-2,80,G
1546-1-14-15-1,80,G
1546-1-14-16-2,80,G
1546-1-14-18-2,80,G
1546-2-10-15-1,80,G
1546-2-10-16-2,80,G
1546-2-10-18-2,80,G
1546-2-11-15-1,80,G
1546-2-11-16-2,80,G
1546-2-11-18-2,80,G
1546-2-12-15-1,80,G
1546-2-12-16-2,80,G
1546-2-12-18-2,80,G
1546-2-13-15-1,80,G
1546-2-13-16-2,80,G
1546-2-13-18-2,80,G
1546-2-14-15-1,80,G
1546-2-14-16-2,80,G
1546-2-14-18-2,80,G
1547-1-10-15-1,80,G
1547-1-10-16-2,80,G
1547-1-10-18-2,80,G
1547-1-11-15-1,80,G
1547-1-11-16-2,80,G
1547-1-11-18-1,80,G
1547-1-12-15-1,80,G
1547-1-12-16-2,80,G
1547-1-12-18-1,80,G
1547-1-13-15-1,80,G
1547-1-13-16-2,80,G
1547-1-13-18-1,80,G
1547-1-14-15-1,80,G
1547-1-14-16-2,80,G
1547-1-14-18-1,80,G
1547-2-10-15-1,80,G
1547-2-10-16-2,80,G
1547-2-10-18-1,80,G
1547-2-11-15-1,80,G
1547-2-11-16-2,80,G
1547-2-11-18-1,80,G
1547-2-12-15-1,80,G
1547-2-12-16-2,80,G
1547-2-12-18-1,80,G
1547-2-13-15-1,80,G
1547-2-13-16-2,80,G
1547-2-13-18-1,80,G
1547-2-14-15-1,80,G
1546-1-18-2-4,80,G
1546-1-18-4-4,80,G
1546-1-19-1-3,80,G
1546-1-19-2-4,80,G
1546-1-19-4-4,80,G
1546-2-15-1-3,80,G
1546-2-15-2-4,80,G
1546-2-15-4-4,80,G
1546-2-16-1-3,80,G
1546-2-16-2-4,80,G
1546-2-16-4-4,80,G
1546-2-17-1-3,80,G
1546-2-17-2-4,80,G
1546-2-17-4-4,80,G
1546-2-18-1-3,80,G
1546-2-18-2-4,80,G
1546-2-18-4-4,80,G
1546-2-19-1-3,80,G
1546-2-19-2-4,80,G
1546-2-19-4-4,80,G
1547-1-15-1-3,80,G
1547-1-15-2-4,80,G
1547-1-15-4-4,80,G
1547-1-16-1-3,80,G
1547-1-16-2-4,80,G
1547-1-16-4-3,80,G
1547-1-17-1-3,80,G
1547-1-17-2-4,80,G
1547-1-17-4-3,80,G
1547-1-18-1-3,80,G
1547-1-18-2-4,80,G
1547-1-18-4-3,80,G
1547-1-19-1-3,80,G
1547-1-19-2-4,80,G
1547-1-19-4-3,80,G
1547-2-15-1-3,80,G
1547-2-15-2-4,80,G
1547-2-15-4-3,80,G
1547-2-16-1-3,80,G
1547-2-16-2-4,80,G
1547-2-16-4-3,80,G
1547-2-17-1-3,80,G
1547-2-17-2-4,80,G
1547-2-17-4-3,80,G
1547-2-18-1-3,80,G
1547-2-18-2-4,80,G
1547-2-18-4-3,80,G
1545-2-17-e-2,80,G
1545-2-18-b-1,80,G
1545-2-18-d-1,80,G
1545-2-18-e-2,80,G
1545-2-19-b-1,80,G
1545-2-19-d-1,80,G
1545-2-19-e-2,80,G
1546-1-15-b-1,80,G
1546-1-15-d-1,80,G
1546-1-15-e-2,80,G
1546-1-16-b-1,80,G
1546-1-17-c-2,80,G
1546-1-17-e-2,80,G
1546-1-18-b-1,80,G
1546-1-18-c-2,80,G
1546-1-18-e-2,80,G
1546-1-19-b-1,80,G
1546-1-19-c-2,80,G
1546-1-19-e-2,80,G
1546-2-15-b-1,80,G
1546-2-15-c-2,80,G
1546-2-15-e-2,80,G
1546-2-16-b-1,80,G
1546-2-16-c-2,80,G
1546-2-16-e-2,80,G
1546-2-17-b-1,80,G
1546-2-17-c-2,80,G
1546-2-17-e-2,80,G
1546-2-18-b-1,80,G
1546-2-18-c-2,80,G
1546-2-18-e-2,80,G
1546-2-19-b-1,80,G
1546-2-19-c-2,80,G
1546-2-19-e-2,80,G
1547-1-15-b-1,80,G
1547-1-15-c-2,80,G
1547-1-15-e-2,80,G
1547-1-16-b-1,80,G
1547-1-16-c-2,80,G
1547-1-16-e-1,80,G
1547-1-17-b-1,80,G
1547-1-17-c-2,80,G
1547-1-17-e-1,80,G
1547-1-18-b-1,80,G
1547-1-18-c-2,80,G
1547-1-18-e-1,80,G
1547-1-19-b-1,80,G
1547-1-19-c-2,80,G
1547-1-19-e-1,80,G
1547-2-15-b-1,80,G
1547-2-15-c-2,80,G
1547-2-15-e-1,80,G
1547-2-16-b-1,80,G
1547-2-16-c-2,80,G
1547-2-16-e-1,80,G
1547-2-17-b-1,80,G
1547-2-17-c-2,80,G
1547-2-17-e-1,80,G
1547-2-18-b-1,80,G
1547-2-18-c-2,80,G
1546-1-15-15-1,80,G
1546-1-15-17-1,80,G
1546-1-15-18-2,80,G
1546-1-16-15-1,80,G
1546-1-16-16-2,80,G
1546-1-16-18-2,80,G
1546-1-17-15-1,80,G
1546-1-17-16-2,80,G
1546-1-17-18-2,80,G
1546-1-18-15-1,80,G
1546-1-18-16-2,80,G
1546-1-18-18-2,80,G
1546-1-19-15-1,80,G
1546-1-19-16-2,80,G
1546-1-19-18-2,80,G
1546-2-15-15-1,80,G
1546-2-15-16-2,80,G
1546-2-15-18-2,80,G
1546-2-16-15-1,80,G
1546-2-16-16-2,80,G
1546-2-16-18-2,80,G
1546-2-17-15-1,80,G
1546-2-17-16-2,80,G
1546-2-17-18-2,80,G
1546-2-18-15-1,80,G
1546-2-18-16-2,80,G
1546-2-18-18-2,80,G
1546-2-19-15-1,80,G
1546-2-19-16-2,80,G
1546-2-19-18-2,80,G
1547-1-15-15-1,80,G
1547-1-15-16-2,80,G
1547-1-15-18-2,80,G
1547-1-16-15-1,80,G
1547-1-16-16-2,80,G
1547-1-16-18-1,80,G
1547-1-17-15-1,80,G
1547-1-17-16-2,80,G
1547-1-17-18-1,80,G
1547-1-18-15-1,80,G
1547-1-18-16-2,80,G
1547-1-18-18-1,80,G
1547-1-19-15-1,80,G
1547-1-19-16-2,80,G
1547-1-19-18-1,80,G
1547-2-15-15-1,80,G
1547-2-15-16-2,80,G
1547-2-15-18-1,80,G
1547-2-16-15-1,80,G
1547-2-16-16-2,80,G
1547-2-16-18-1,80,G
1547-2-17-15-1,80,G
1547-2-17-16-2,80,G
1547-2-17-18-1,80,G
1546-3-1-1-3,80,G
1546-3-1-3-3,80,G
1546-3-1-4-4,80,G
1546-3-2-1-3,80,G
1546-3-2-2-4,80,G
1546-3-2-4-4,80,G
1546-3-3-1-3,80,G
1546-3-3-2-4,80,G
1546-3-3-4-4,80,G
1546-3-4-1-3,80,G
1546-3-4-2-4,80,G
1546-3-4-4-4,80,G
1546-3-5-1-3,80,G
1546-3-5-2-4,80,G
1546-3-5-4-4,80,G
1546-4-1-1-3,80,G
1546-4-1-2-4,80,G
1546-4-1-4-4,80,G
1546-4-2-1-3,80,G
1546-4-2-2-4,80,G
1546-4-2-4-4,80,G
1546-4-3-1-3,80,G
1546-4-3-2-4,80,G
1546-4-3-4-4,80,G
1546-4-4-1-3,80,G
1546-4-4-2-4,80,G
1546-4-4-4-4,80,G
1546-4-5-1-3,80,G
1546-4-5-2-4,80,G
1546-4-5-4-4,80,G
1547-3-1-1-3,80,G
1547-3-1-2-4,80,G
1547-3-1-4-4,80,G
1547-3-2-1-3,80,G
1547-3-2-2-4,80,G
1547-3-2-4-3,80,G
1547-3-3-1-3,80,G
1547-3-3-2-4,80,G
1547-3-3-4-3,80,G
1547-3-4-1-3,80,G
1547-3-4-2-4,80,G
1547-3-4-4-3,80,G
1547-3-5-1-3,80,G
1547-3-5-2-4,80,G
1547-3-5-4-3,80,G
1547-4-1-1-3,80,G
1547-4-1-2-4,80,G
1547-4-1-4-3,80,G
1547-4-2-1-3,80,G
1547-4-2-2-4,80,G
1547-4-2-4-3,80,G
1547-4-3-1-3,80,G
1547-4-3-2-4,80,G
1547-4-3-4-3,80,G
1546-3-1-b-1,80,G
1546-3-1-d-1,80,G
1546-3-1-e-2,80,G
1546-3-2-b-1,80,G
1546-3-2-c-2,80,G
1546-3-2-e-2,80,G
1546-3-3-b-1,80,G
1546-3-3-c-2,80,G
1546-3-3-e-2,80,G
1546-3-4-b-1,80,G
1546-3-4-c-2,80,G
1546-3-4-e-2,80,G
1546-3-5-b-1,80,G
1546-3-5-c-2,80,G
1546-3-5-e-2,80,G
1546-4-1-b-1,80,G
1546-4-1-c-2,80,G
1546-4-1-e-2,80,G
1546-4-2-b-1,80,G
1546-4-2-c-2,80,G
1546-4-2-e-2,80,G
1546-4-3-b-1,80,G
1546-4-3-c-2,80,G
1546-4-3-e-2,80,G
1546-4-4-b-1,80,G
1546-4-4-c-2,80,G
1546-4-4-e-2,80,G
1546-4-5-b-1,80,G
1546-4-5-c-2,80,G
1546-4-5-e-2,80,G
1547-3-1-b-1,80,G
1547-3-1-c-2,80,G
1547-3-1-e-2,80,G
1547-3-2-b-1,80,G
1547-3-2-c-2,80,G
1547-3-2-e-1,80,G
1547-3-3-b-1,80,G
1547-3-3-c-2,80,G
1547-3-3-e-1,80,G
1547-3-4-b-1,80,G
1547-3-4-c-2,80,G
1547-3-4-e-1,80,G
1547-3-5-b-1,80,G
1547-3-5-c-2,80,G
1547-3-5-e-1,80,G
1547-4-1-b-1,80,G
1547-4-1-c-2,80,G
1547-4-1-e-1,80,G
1547-4-2-b-1,80,G
1547-4-2-c-2,80,G
1547-4-2-e-1,80,G
1547-4-3-b-1,80,G
1547-4-3-c-2,80,G
1547-4-3-e-1,80,G
1547-4-4-b-1,80,G
1547-4-4-c-2,80,G
1547-4-4-e-1,80,G
1545-4-5-18-2,80,G
1546-3-1-15-1,80,G
1546-3-1-17-1,80,G
1546-3-1-18-2,80,G
1546-3-2-15-1,80,G
1546-3-2-16-2,80,G
1546-3-2-18-2,80,G
1546-3-3-15-1,80,G
1546-3-3-16-2,80,G
1546-3-3-18-2,80,G
1546-3-4-15-1,80,G
1546-3-4-16-2,80,G
1546-3-4-18-2,80,G
1546-3-5-15-1,80,G
1546-3-5-16-2,80,G
1546-3-5-18-2,80,G
1546-4-1-15-1,80,G
1546-4-1-16-2,80,G
1546-4-1-18-2,80,G
1546-4-2-15-1,80,G
1546-4-2-16-2,80,G
1546-4-2-18-2,80,G
1546-4-3-15-1,80,G
1546-4-3-16-2,80,G
1546-4-3-18-2,80,G
1546-4-4-15-1,80,G
1546-4-4-16-2,80,G
1546-4-4-18-2,80,G
1546-4-5-15-1,80,G
1546-4-5-16-2,80,G
1546-4-5-18-2,80,G
1547-3-1-15-1,80,G
1547-3-1-16-2,80,G
1547-3-1-18-2,80,G
1547-3-2-15-1,80,G
1547-3-2-16-2,80,G
1547-3-2-18-1,80,G
1547-3-3-15-1,80,G
1547-3-3-16-2,80,G
1547-3-3-18-1,80,G
1547-3-4-15-1,80,G
1547-3-4-16-2,80,G
1547-3-4-18-1,80,G
1547-3-5-15-1,80,G
1547-4-3-15-1,80,G
1547-4-3-16-2,80,G
1547-4-3-18-1,80,G
1547-4-4-15-1,80,G
1547-4-4-16-2,80,G
1545-4-a-3-3,80,G
1545-4-a-4-4,80,G
1546-3-6-1-3,80,G
1546-3-6-3-3,80,G
1546-3-6-4-4,80,G
1546-3-7-1-3,80,G
1546-3-7-2-4,80,G
1546-3-7-4-4,80,G
1546-3-8-1-3,80,G
1546-3-8-2-4,80,G
1546-3-8-4-4,80,G
1546-3-9-1-3,80,G
1546-3-9-2-4,80,G
1546-3-9-4-4,80,G
1546-3-a-2-4,80,G
1546-3-a-4-4,80,G
1546-4-6-1-3,80,G
1546-4-6-2-4,80,G
1546-4-6-4-4,80,G
1546-4-7-1-3,80,G
1546-4-7-2-4,80,G
1546-4-7-4-4,80,G
1546-4-8-1-3,80,G
1546-4-8-2-4,80,G
1546-4-8-4-4,80,G
1546-4-9-1-3,80,G
1546-4-9-2-4,80,G
1546-4-9-4-4,80,G
1546-4-a-1-3,80,G
1546-4-a-2-4,80,G
1546-4-a-4-4,80,G
1547-3-6-1-3,80,G
1547-3-6-2-4,80,G
1547-3-6-4-4,80,G
1547-3-7-1-3,80,G
1547-3-7-2-4,80,G
1547-3-7-4-3,80,G
1547-4-8-4-3,80,G
1547-4-9-1-3,80,G
1547-4-9-2-4,80,G
1547-4-9-4-3,80,G
1545-4-a-d-1,80,G
1545-4-a-e-2,80,G
1546-3-6-b-1,80,G
1546-3-6-d-1,80,G
1546-3-6-e-2,80,G
1546-3-7-b-1,80,G
1546-3-7-c-2,80,G
1546-3-7-e-2,80,G
1546-3-8-b-1,80,G
1546-3-8-c-2,80,G
1546-3-8-e-2,80,G
1546-4-6-c-2,80,G
1546-4-6-e-2,80,G
1546-4-7-b-1,80,G
1546-4-7-c-2,80,G
1546-4-7-e-2,80,G
1546-4-8-b-1,80,G
1546-4-8-c-2,80,G
1546-4-8-e-2,80,G
1546-4-9-b-1,80,G
1546-4-9-c-2,80,G
1546-4-9-e-2,80,G
1546-4-a-b-1,80,G
1546-4-a-c-2,80,G
1546-4-a-e-2,80,G
1547-3-6-b-1,80,G
1547-3-6-c-2,80,G
1545-4-a-17-1,80,G
1545-4-a-18-2,80,G
1546-3-6-15-1,80,G
1546-4-7-15-1,80,G
1546-4-7-16-2,80,G
1546-4-7-18-2,80,G
1546-4-8-15-1,80,G
1546-4-8-16-2,80,G
1546-4-8-18-2,80,G
1546-4-9-15-1,80,G
1546-4-9-16-2,80,G
1546-4-9-18-2,80,G
1546-4-a-15-1,80,G
1545-4-f-3-3,80,G
1545-4-f-4-4,80,G
1546-4-c-4-4,80,G
1546-4-d-1-3,80,G
1546-4-d-2-4,80,G
1546-4-d-4-4,80,G
1546-4-e-1-3,80,G
1546-4-e-2-4,80,G
1546-4-e-4-4,80,G
1546-4-d-b-1,80,G
1546-4-d-c-2,80,G
1546-4-d-e-2,80,G
1411-2-7-4-1,81,G
1411-2-8-1-1,81,G
1411-2-8-3-2,81,G
1411-2-8-5-2,81,G
1411-2-7-c-1,81,G
1411-2-7-e-1,81,G
1411-2-8-b-1,81,G
1411-2-8-d-2,81,G
1411-2-8-f-2,81,G
1411-2-9-c-2,81,G
1411-2-9-f-1,81,G
1411-2-a-c-1,81,G
1411-1-a-17-3,81,G
1411-1-a-19-4,81,G
1411-2-6-16-4,81,G
1411-2-6-18-4,81,G
1411-2-7-16-3,81,G
1411-2-7-18-3,81,G
1411-2-8-15-3,81,G
1411-2-8-17-4,81,G
1411-2-8-19-4,81,G
1411-2-9-16-4,81,G
1411-2-9-19-3,81,G
1411-2-a-16-3,81,G
1411-2-a-18-3,81,G
1412-1-6-15-4,81,G
1412-1-6-17-4,81,G
1412-1-6-19-4,81,G
1412-1-7-16-4,81,G
1412-1-7-19-3,81,G
1412-1-8-16-3,81,G
1412-1-8-18-3,81,G
1410-2-f-9-4,81,G
1411-1-b-6-4,81,G
1411-1-b-9-3,81,G
1411-1-c-6-3,81,G
1411-1-c-8-3,81,G
1411-1-c-a-4,81,G
1411-1-d-7-4,81,G
1411-1-e-7-3,81,G
1411-1-e-9-3,81,G
1411-1-f-6-3,81,G
1411-1-f-8-3,81,G
1411-1-f-a-4,81,G
1411-2-b-7-4,81,G
1411-2-b-9-4,81,G
1411-2-c-7-3,81,G
1411-2-c-9-3,81,G
1411-2-d-6-3,81,G
1411-2-d-8-4,81,G
1411-2-d-a-4,81,G
1411-2-e-7-4,81,G
1411-2-e-a-3,81,G
1411-2-f-7-3,81,G
1411-2-f-9-3,81,G
1412-1-b-6-4,81,G
1412-1-b-8-4,81,G
1412-1-b-a-4,81,G
1412-1-c-7-4,81,G
1412-1-c-a-3,81,G
1412-1-d-7-3,81,G
1412-1-d-9-3,81,G
1412-1-e-6-4,81,G
1411-1-b-10-4,81,G
1411-1-b-13-3,81,G
1411-1-c-10-3,81,G
1411-1-c-12-3,81,G
1411-1-c-14-4,81,G
1411-1-d-11-4,81,G
1411-1-d-13-4,81,G
1411-1-e-11-3,81,G
1411-1-e-13-3,81,G
1411-1-f-10-3,81,G
1411-1-f-12-3,81,G
1411-1-f-14-4,81,G
1411-2-b-11-4,81,G
1411-2-b-13-4,81,G
1411-2-c-11-3,81,G
1411-2-c-13-3,81,G
1411-2-d-10-3,81,G
1411-2-d-12-4,81,G
1411-2-d-14-4,81,G
1411-2-e-11-4,81,G
1411-2-e-14-3,81,G
1411-2-f-11-3,81,G
1411-2-f-13-3,81,G
1412-1-b-10-4,81,G
1412-1-b-12-4,81,G
1412-1-b-14-4,81,G
1412-1-c-11-4,81,G
1412-1-c-14-3,81,G
1412-1-d-11-3,81,G
1412-1-d-13-3,81,G
1412-1-e-10-4,81,G
1412-1-e-12-4,81,G
1411-1-10-1-4,81,G
1411-1-10-4-3,81,G
1411-1-11-1-3,81,G
1411-1-11-3-3,81,G
1411-1-11-5-4,81,G
1411-1-12-2-4,81,G
1411-1-12-4-4,81,G
1411-1-13-2-3,81,G
1411-1-13-4-3,81,G
1411-1-14-1-3,81,G
1411-1-14-3-3,81,G
1411-1-14-5-4,81,G
1411-2-10-2-4,81,G
1411-2-10-4-4,81,G
1411-2-11-2-3,81,G
1411-2-11-4-3,81,G
1411-2-12-1-3,81,G
1411-2-12-3-4,81,G
1411-2-12-5-4,81,G
1411-2-13-2-4,81,G
1411-2-13-5-3,81,G
1411-2-14-2-3,81,G
1411-2-14-4-3,81,G
1412-1-10-1-4,81,G
1412-1-10-3-4,81,G
1412-1-10-5-4,81,G
1412-1-11-2-4,81,G
1412-1-11-5-3,81,G
1412-1-12-2-3,81,G
1412-1-12-4-3,81,G
1412-1-13-1-4,81,G
1412-1-13-3-4,81,G
1412-1-13-5-4,81,G
1411-1-10-10-2,81,G
1411-1-10-13-1,81,G
1411-1-11-10-1,81,G
1411-1-11-12-1,81,G
1411-1-11-14-2,81,G
1411-1-12-11-2,81,G
1411-1-12-13-2,81,G
1411-1-13-11-1,81,G
1411-1-13-13-1,81,G
1411-1-14-10-1,81,G
1411-1-14-12-1,81,G
1411-1-14-14-2,81,G
1411-2-10-11-2,81,G
1411-2-10-13-2,81,G
1411-2-11-11-1,81,G
1411-2-11-13-1,81,G
1411-2-12-10-1,81,G
1411-2-12-12-2,81,G
1411-2-12-14-2,81,G
1411-2-13-11-2,81,G
1411-2-13-14-1,81,G
1411-2-14-11-1,81,G
1411-2-14-13-1,81,G
1412-1-10-10-2,81,G
1412-1-10-12-2,81,G
1412-1-10-14-2,81,G
1412-1-11-11-2,81,G
1412-1-11-14-1,81,G
1412-1-12-11-1,81,G
1412-1-12-13-1,81,G
1412-1-13-10-2,81,G
1412-1-13-12-2,81,G
1412-1-13-14-2,81,G
1412-1-14-12-1,81,G
1411-1-15-1-2,81,G
1411-1-15-4-1,81,G
1411-1-16-1-1,81,G
1411-1-16-3-1,81,G
1411-1-16-5-2,81,G
1411-1-17-2-2,81,G
1411-1-17-4-2,81,G
1411-1-18-2-1,81,G
1411-1-18-4-1,81,G
1411-1-19-1-1,81,G
1411-1-19-3-1,81,G
1411-1-19-5-2,81,G
1411-2-15-2-2,81,G
1411-2-15-4-2,81,G
1411-2-16-2-1,81,G
1411-2-16-4-1,81,G
1411-2-17-1-1,81,G
1411-2-17-3-2,81,G
1411-2-17-5-2,81,G
1411-2-18-2-2,81,G
1411-2-18-5-1,81,G
1411-2-19-2-1,81,G
1411-2-19-4-1,81,G
1412-1-15-1-2,81,G
1412-1-15-3-2,81,G
1412-1-15-5-2,81,G
1412-1-16-2-2,81,G
1412-1-16-5-1,81,G
1412-1-17-2-1,81,G
1412-1-17-4-1,81,G
1412-1-18-1-2,81,G
1412-1-18-3-2,81,G
1412-1-18-5-2,81,G
1412-1-19-3-1,81,G
1410-2-19-e-2,81,G
1411-1-15-b-2,81,G
1411-1-15-e-1,81,G
1411-1-16-b-1,81,G
1411-1-16-d-1,81,G
1411-1-16-f-2,81,G
1411-1-17-c-2,81,G
1411-1-17-e-2,81,G
1411-1-18-c-1,81,G
1411-1-18-e-1,81,G
1411-1-19-b-1,81,G
1411-1-19-d-1,81,G
1411-1-19-f-2,81,G
1411-2-15-c-2,81,G
1411-2-15-e-2,81,G
1411-2-16-c-1,81,G
1411-2-16-e-1,81,G
1411-2-17-b-1,81,G
1411-2-17-d-2,81,G
1411-2-17-f-2,81,G
1411-2-18-c-2,81,G
1411-2-18-f-1,81,G
1411-2-19-c-1,81,G
1411-2-19-e-1,81,G
1412-1-15-b-2,81,G
1412-1-15-d-2,81,G
1412-1-15-f-2,81,G
1412-1-16-c-2,81,G
1412-1-16-f-1,81,G
1412-1-17-c-1,81,G
1412-1-17-e-1,81,G
1412-1-18-b-2,81,G
1412-1-18-d-2,81,G
1412-1-18-f-2,81,G
1413-1-18-d-1,81,G
1413-1-18-f-2,81,G
1410-2-19-16-4,81,G
1410-2-19-18-4,81,G
1411-1-15-15-4,81,G
1411-1-15-18-3,81,G
1411-1-16-15-3,81,G
1411-1-16-17-3,81,G
1411-1-16-19-4,81,G
1411-1-17-16-4,81,G
1411-1-17-18-4,81,G
1411-1-18-16-3,81,G
1411-1-18-18-3,81,G
1411-1-19-15-3,81,G
1411-1-19-17-3,81,G
1411-1-19-19-4,81,G
1411-2-15-16-4,81,G
1411-2-15-18-4,81,G
1411-2-16-16-3,81,G
1411-2-16-18-3,81,G
1411-2-17-15-3,81,G
1411-2-17-17-4,81,G
1411-2-17-19-4,81,G
1411-2-18-16-4,81,G
1411-2-18-19-3,81,G
1411-2-19-16-3,81,G
1411-2-19-18-3,81,G
1412-1-15-15-4,81,G
1412-1-15-17-4,81,G
1412-1-15-19-4,81,G
1412-1-16-16-4,81,G
1412-1-16-19-3,81,G
1412-1-17-16-3,81,G
1412-1-17-18-3,81,G
1412-1-18-15-4,81,G
1412-1-18-17-4,81,G
1413-1-16-18-4,81,G
1413-1-17-15-4,81,G
1413-1-17-18-3,81,G
1413-1-18-15-3,81,G
1413-1-18-17-3,81,G
1410-4-4-8-3,81,G
1410-4-4-a-3,81,G
1410-4-5-7-4,81,G
1410-4-5-9-4,81,G
1411-3-1-6-4,81,G
1411-3-1-9-3,81,G
1411-3-2-6-3,81,G
1411-3-2-8-3,81,G
1411-3-2-a-4,81,G
1411-3-3-7-4,81,G
1411-3-3-9-4,81,G
1411-3-4-7-3,81,G
1411-3-4-9-3,81,G
1411-3-5-6-3,81,G
1411-3-5-8-3,81,G
1411-3-5-a-4,81,G
1411-4-1-7-4,81,G
1411-4-1-9-4,81,G
1411-4-2-7-3,81,G
1411-4-2-9-3,81,G
1411-4-3-6-3,81,G
1411-4-3-8-4,81,G
1411-4-3-a-4,81,G
1411-4-4-7-4,81,G
1411-4-4-a-3,81,G
1411-4-5-7-3,81,G
1411-4-5-9-3,81,G
1412-3-1-6-4,81,G
1412-3-1-8-4,81,G
1412-3-1-a-4,81,G
1412-3-2-7-4,81,G
1412-3-2-a-3,81,G
1412-3-3-7-3,81,G
1412-3-3-9-3,81,G
1412-4-5-6-4,81,G
1412-4-5-8-4,81,G
1413-3-1-6-3,81,G
1413-3-1-8-3,81,G
1413-3-1-a-3,81,G
1413-3-2-7-4,81,G
1413-3-2-9-4,81,G
1413-3-3-6-4,81,G
1413-3-3-9-3,81,G
1413-3-4-6-3,81,G
1410-4-4-10-3,81,G
1410-4-4-12-3,81,G
1410-4-4-14-3,81,G
1410-4-5-11-4,81,G
1410-4-5-13-4,81,G
1411-3-1-10-4,81,G
1411-3-1-13-3,81,G
1411-3-2-10-3,81,G
1411-3-2-12-3,81,G
1411-3-2-14-4,81,G
1411-3-3-11-4,81,G
1411-3-3-13-4,81,G
1411-3-4-11-3,81,G
1411-3-4-13-3,81,G
1411-3-5-10-3,81,G
1411-3-5-12-3,81,G
1411-3-5-14-4,81,G
1411-4-1-11-4,81,G
1411-4-1-13-4,81,G
1411-4-2-11-3,81,G
1411-4-2-13-3,81,G
1411-4-3-10-3,81,G
1411-4-3-12-4,81,G
1411-4-3-14-4,81,G
1411-4-4-11-4,81,G
1411-4-4-14-3,81,G
1411-4-5-11-3,81,G
1411-4-5-13-3,81,G
1412-3-1-10-4,81,G
1412-3-1-12-4,81,G
1412-3-1-14-4,81,G
1412-3-2-11-4,81,G
1412-3-2-14-3,81,G
1412-4-4-13-4,81,G
1412-4-5-10-4,81,G
1412-4-5-12-4,81,G
1413-3-1-10-3,81,G
1413-3-1-12-3,81,G
1413-3-1-14-3,81,G
1413-3-2-11-4,81,G
1413-3-2-13-4,81,G
1413-3-3-10-4,81,G
1413-3-3-13-3,81,G
1410-4-9-6-1,81,G
1410-4-9-8-1,81,G
1410-4-9-a-1,81,G
1410-4-a-7-2,81,G
1410-4-a-9-2,81,G
1411-3-6-6-2,81,G
1411-3-6-9-1,81,G
1411-3-7-6-1,81,G
1411-3-7-8-1,81,G
1411-3-7-a-2,81,G
1411-3-8-7-2,81,G
1411-3-8-9-2,81,G
1411-3-9-7-1,81,G
1411-3-9-9-1,81,G
1411-3-a-6-1,81,G
1411-3-a-8-1,81,G
1411-3-a-a-2,81,G
1411-4-6-7-2,81,G
1411-4-6-9-2,81,G
1411-4-7-7-1,81,G
1411-4-7-9-1,81,G
1411-4-8-6-1,81,G
1411-4-8-8-2,81,G
1411-4-8-a-2,81,G
1411-4-9-7-2,81,G
1411-4-9-a-1,81,G
1411-4-a-7-1,81,G
1411-4-a-9-1,81,G
1412-3-6-6-2,81,G
1412-3-6-8-2,81,G
1412-3-6-a-2,81,G
1412-3-7-7-2,81,G
1412-3-7-a-1,81,G
1412-4-9-7-2,81,G
1412-4-9-9-2,81,G
1412-4-a-6-2,81,G
1412-4-a-8-2,81,G
1413-3-6-6-1,81,G
1413-3-6-8-1,81,G
1413-3-6-a-1,81,G
1413-3-7-7-2,81,G
1413-3-7-9-2,81,G
1413-3-8-6-2,81,G
1410-4-9-10-1,81,G
1410-4-9-12-1,81,G
1410-4-9-14-1,81,G
1410-4-a-11-2,81,G
1410-4-a-13-2,81,G
1411-3-6-10-2,81,G
1411-3-6-13-1,81,G
1411-3-7-10-1,81,G
1411-3-7-12-1,81,G
1411-3-7-14-2,81,G
1411-3-8-11-2,81,G
1411-3-8-13-2,81,G
1411-3-9-11-1,81,G
1411-3-9-13-1,81,G
1411-3-a-10-1,81,G
1411-3-a-12-1,81,G
1411-3-a-14-2,81,G
1411-4-6-11-2,81,G
1411-4-6-13-2,81,G
1411-4-7-11-1,81,G
1411-4-7-13-1,81,G
1411-4-8-10-1,81,G
1411-4-8-12-2,81,G
1411-4-8-14-2,81,G
1411-4-9-11-2,81,G
1411-4-9-14-1,81,G
1411-4-a-11-1,81,G
1411-4-a-13-1,81,G
1412-3-6-10-2,81,G
1412-3-6-12-2,81,G
1412-3-6-14-2,81,G
1412-3-7-11-2,81,G
1412-3-7-14-1,81,G
1412-3-8-11-1,81,G
1412-3-8-13-1,81,G
1412-3-9-10-2,81,G
1412-3-9-12-2,81,G
1412-3-9-14-2,81,G
1412-3-a-12-1,81,G
1412-3-a-14-1,81,G
1412-4-6-11-1,81,G
1412-4-6-13-2,81,G
1412-4-7-10-2,81,G
1412-4-7-12-2,81,G
1412-4-8-10-1,81,G
1412-4-8-12-1,81,G
1412-4-8-14-1,81,G
1412-4-9-11-2,81,G
1412-4-9-13-2,81,G
1412-4-a-10-2,81,G
1412-4-a-12-2,81,G
1413-3-6-10-1,81,G
1413-3-6-12-1,81,G
1413-3-6-14-1,81,G
1413-3-7-11-2,81,G
1413-3-7-13-2,81,G
1413-3-8-10-2,81,G
1410-4-e-1-1,81,G
1410-4-e-3-1,81,G
1410-4-e-5-1,81,G
1410-4-f-2-2,81,G
1410-4-f-4-2,81,G
1411-3-b-1-2,81,G
1411-3-b-4-1,81,G
1411-3-c-1-1,81,G
1411-3-c-3-1,81,G
1411-3-c-5-2,81,G
1411-3-d-2-2,81,G
1411-3-d-4-2,81,G
1411-3-e-2-1,81,G
1411-3-e-4-1,81,G
1411-3-f-1-1,81,G
1411-3-f-3-1,81,G
1411-3-f-5-2,81,G
1411-4-b-2-2,81,G
1411-4-b-4-2,81,G
1411-4-c-2-1,81,G
1411-4-c-4-1,81,G
1411-4-d-1-1,81,G
1411-4-d-3-2,81,G
1411-4-d-5-2,81,G
1411-4-e-2-2,81,G
1411-4-e-5-1,81,G
1411-4-f-2-1,81,G
1411-4-f-4-1,81,G
1412-3-b-1-2,81,G
1412-3-b-3-2,81,G
1412-3-b-5-2,81,G
1412-3-c-2-2,81,G
1412-3-c-5-1,81,G
1412-3-d-2-1,81,G
1412-3-d-4-1,81,G
1412-3-e-1-2,81,G
1412-3-e-3-2,81,G
1412-3-e-5-2,81,G
1412-3-f-3-1,81,G
1412-3-f-5-1,81,G
1412-4-b-2-1,81,G
1412-4-b-4-2,81,G
1412-4-c-1-2,81,G
1412-4-c-3-2,81,G
1412-4-d-1-1,81,G
1412-4-d-3-1,81,G
1412-4-d-5-1,81,G
1412-4-e-2-2,81,G
1412-4-e-4-2,81,G
1412-4-f-1-2,81,G
1412-4-f-3-2,81,G
1410-4-e-b-3,81,G
1410-4-e-d-3,81,G
1410-4-e-f-3,81,G
1410-4-f-c-4,81,G
1410-4-f-e-4,81,G
1411-3-b-b-4,81,G
1411-3-b-e-3,81,G
1411-3-c-b-3,81,G
1411-3-c-d-3,81,G
1411-3-c-f-4,81,G
1411-3-d-c-4,81,G
1411-3-d-e-4,81,G
1411-3-e-c-3,81,G
1411-3-e-e-3,81,G
1411-3-f-b-3,81,G
1411-3-f-d-3,81,G
1411-3-f-f-4,81,G
1411-4-b-c-4,81,G
1411-4-b-e-4,81,G
1411-4-c-c-3,81,G
1411-4-c-e-3,81,G
1411-4-d-b-3,81,G
1411-4-d-d-4,81,G
1411-4-d-f-4,81,G
1411-4-e-c-4,81,G
1411-4-e-f-3,81,G
1411-4-f-c-3,81,G
1411-4-f-e-3,81,G
1412-3-b-b-4,81,G
1412-3-b-d-4,81,G
1412-3-b-f-4,81,G
1412-3-c-c-4,81,G
1412-3-c-f-3,81,G
1412-3-d-c-3,81,G
1412-3-d-e-3,81,G
1412-3-e-b-4,81,G
1412-3-e-d-4,81,G
1412-3-e-f-4,81,G
1412-3-f-d-3,81,G
1412-3-f-f-3,81,G
1412-4-b-c-3,81,G
1412-4-b-e-4,81,G
1412-4-c-b-4,81,G
1412-4-c-d-4,81,G
1412-4-d-b-3,81,G
1412-4-d-d-3,81,G
1412-4-d-f-3,81,G
1412-4-e-c-4,81,G
1412-4-e-e-4,81,G
1410-4-e-15-3,81,G
1410-4-e-17-3,81,G
1410-4-e-19-3,81,G
1410-4-f-16-4,81,G
1410-4-f-18-4,81,G
1411-3-b-15-4,81,G
1411-3-b-18-3,81,G
1411-3-c-15-3,81,G
1411-3-c-17-3,81,G
1411-3-c-19-4,81,G
1411-3-d-16-4,81,G
1411-3-d-18-4,81,G
1411-3-e-16-3,81,G
1411-3-e-18-3,81,G
1411-3-f-15-3,81,G
1411-3-f-17-3,81,G
1411-3-f-19-4,81,G
1411-4-b-16-4,81,G
1411-4-b-18-4,81,G
1411-4-c-16-3,81,G
1411-4-c-18-3,81,G
1411-4-d-15-3,81,G
1411-4-d-17-4,81,G
1411-4-d-19-4,81,G
1411-4-e-16-4,81,G
1411-4-e-19-3,81,G
1411-4-f-16-3,81,G
1411-4-f-18-3,81,G
1412-3-b-15-4,81,G
1412-3-b-17-4,81,G
1412-3-b-19-4,81,G
1412-3-c-16-4,81,G
1412-3-c-19-3,81,G
1412-3-d-16-3,81,G
1412-3-d-18-3,81,G
1412-3-e-15-4,81,G
1412-3-e-17-4,81,G
1412-3-e-19-4,81,G
1412-3-f-17-3,81,G
1412-3-f-19-3,81,G
1412-4-b-16-3,81,G
1412-4-b-18-4,81,G
1412-4-c-15-4,81,G
1412-4-c-17-4,81,G
1412-4-d-15-3,81,G
1412-4-d-17-3,81,G
1412-4-d-19-3,81,G
1412-4-e-16-4,81,G
1410-4-13-6-3,81,G
1410-4-13-8-3,81,G
1410-4-13-a-3,81,G
1410-4-14-7-4,81,G
1410-4-14-9-4,81,G
1411-3-10-6-4,81,G
1411-3-10-9-3,81,G
1411-3-11-6-3,81,G
1411-3-11-8-3,81,G
1411-3-11-a-4,81,G
1411-3-12-7-4,81,G
1411-3-12-9-4,81,G
1411-3-13-7-3,81,G
1411-3-13-9-3,81,G
1411-3-14-6-3,81,G
1411-3-14-8-3,81,G
1411-3-14-a-4,81,G
1411-4-10-7-4,81,G
1411-4-10-9-4,81,G
1411-4-11-7-3,81,G
1411-4-11-9-3,81,G
1411-4-12-6-3,81,G
1411-4-12-8-4,81,G
1411-4-12-a-4,81,G
1411-4-13-7-4,81,G
1411-4-13-a-3,81,G
1411-4-14-7-3,81,G
1411-4-14-9-3,81,G
1412-3-10-6-4,81,G
1412-3-10-8-4,81,G
1412-3-10-a-4,81,G
1412-3-11-7-4,81,G
1412-3-11-a-3,81,G
1412-3-12-7-3,81,G
1412-3-12-9-3,81,G
1412-3-13-6-4,81,G
1412-3-13-8-4,81,G
1412-3-13-a-4,81,G
1412-3-14-8-3,81,G
1412-3-14-a-3,81,G
1412-4-10-7-3,81,G
1412-4-10-9-4,81,G
1412-4-11-6-4,81,G
1412-4-11-8-4,81,G
1412-4-12-6-3,81,G
1412-4-12-8-3,81,G
1412-4-12-a-3,81,G
1410-4-13-15-1,81,G
1410-4-13-17-1,81,G
1410-4-13-19-1,81,G
1410-4-14-16-2,81,G
1410-4-14-18-2,81,G
1411-3-10-15-2,81,G
1411-3-10-18-1,81,G
1411-3-11-15-1,81,G
1411-3-11-17-1,81,G
1411-3-11-19-2,81,G
1411-3-12-16-2,81,G
1411-3-12-18-2,81,G
1411-3-13-16-1,81,G
1411-3-13-18-1,81,G
1411-3-14-15-1,81,G
1411-3-14-17-1,81,G
1411-3-14-19-2,81,G
1411-4-10-16-2,81,G
1411-4-10-18-2,81,G
1411-4-11-16-1,81,G
1411-4-11-18-1,81,G
1411-4-12-15-1,81,G
1411-4-12-17-2,81,G
1411-4-12-19-2,81,G
1411-4-13-16-2,81,G
1411-4-13-19-1,81,G
1411-4-14-16-1,81,G
1411-4-14-18-1,81,G
1412-3-10-15-2,81,G
1412-3-10-17-2,81,G
1412-3-10-19-2,81,G
1412-3-11-16-2,81,G
1412-3-11-19-1,81,G
1412-3-12-16-1,81,G
1412-3-12-18-1,81,G
1412-3-13-15-2,81,G
1412-3-13-17-2,81,G
1412-3-13-19-2,81,G
1412-3-14-17-1,81,G
1412-3-14-19-1,81,G
1412-4-10-16-1,81,G
1412-4-10-18-2,81,G
1412-4-11-15-2,81,G
1412-4-11-17-2,81,G
1412-4-12-15-1,81,G
1412-4-12-17-1,81,G
1410-4-18-6-1,81,G
1410-4-18-8-1,81,G
1410-4-18-a-1,81,G
1410-4-19-7-2,81,G
1410-4-19-9-2,81,G
1411-3-15-6-2,81,G
1411-3-15-9-1,81,G
1411-3-16-6-1,81,G
1411-3-16-8-1,81,G
1411-3-16-a-2,81,G
1411-3-17-7-2,81,G
1411-3-17-9-2,81,G
1411-3-18-7-1,81,G
1411-3-18-9-1,81,G
1411-3-19-6-1,81,G
1411-3-19-8-1,81,G
1411-3-19-a-2,81,G
1411-4-15-7-2,81,G
1411-4-15-9-2,81,G
1411-4-16-7-1,81,G
1411-4-16-9-1,81,G
1411-4-17-6-1,81,G
1411-4-17-8-2,81,G
1411-4-17-a-2,81,G
1411-4-18-7-2,81,G
1411-4-18-a-1,81,G
1411-4-19-7-1,81,G
1411-4-19-9-1,81,G
1412-3-15-6-2,81,G
1412-3-15-8-2,81,G
1412-3-15-a-2,81,G
1412-3-16-7-2,81,G
1412-3-16-a-1,81,G
1412-3-17-7-1,81,G
1412-3-17-9-1,81,G
1412-3-18-6-2,81,G
1412-3-18-8-2,81,G
1412-3-18-a-2,81,G
1412-3-19-8-1,81,G
1412-3-19-a-1,81,G
1412-4-15-7-1,81,G
1412-4-15-9-2,81,G
1412-4-16-6-2,81,G
1412-4-16-8-2,81,G
1410-4-18-12-1,81,G
1410-4-18-14-1,81,G
1410-4-19-11-2,81,G
1410-4-19-13-2,81,G
1411-3-15-10-2,81,G
1411-3-15-13-1,81,G
1411-3-16-10-1,81,G
1411-3-16-12-1,81,G
1411-3-16-14-2,81,G
1411-3-17-11-2,81,G
1411-3-17-13-2,81,G
1411-3-18-11-1,81,G
1411-3-18-13-1,81,G
1411-3-19-10-1,81,G
1411-3-19-12-1,81,G
1411-3-19-14-2,81,G
1411-4-15-11-2,81,G
1411-4-15-13-2,81,G
1411-4-16-11-1,81,G
1411-4-16-13-1,81,G
1411-4-17-10-1,81,G
1411-4-17-12-2,81,G
1411-4-17-14-2,81,G
1411-4-18-11-2,81,G
1411-4-18-14-1,81,G
1411-4-19-11-1,81,G
1411-4-19-13-1,81,G
1412-3-15-10-2,81,G
1412-3-15-12-2,81,G
1412-3-15-14-2,81,G
1412-3-16-11-2,81,G
1412-3-16-14-1,81,G
1412-3-17-11-1,81,G
1412-3-17-13-1,81,G
1412-3-18-10-2,81,G
1412-3-18-12-2,81,G
1412-3-18-14-2,81,G
1412-3-19-12-1,81,G
1412-3-19-14-1,81,G
1412-4-15-11-1,81,G
1412-4-15-13-2,81,G
1412-4-16-10-2,81,G
1476-2-4-3-3,81,G
1476-2-4-5-3,81,G
1476-2-5-2-4,81,G
1476-2-5-4-4,81,G
1477-1-1-1-4,81,G
1477-1-1-4-3,81,G
1477-1-2-1-3,81,G
1477-1-2-3-3,81,G
1477-1-2-5-4,81,G
1477-1-3-2-4,81,G
1477-1-3-4-4,81,G
1477-1-4-2-3,81,G
1477-1-4-4-3,81,G
1477-1-5-1-3,81,G
1477-1-5-3-3,81,G
1477-1-5-5-4,81,G
1477-2-1-2-4,81,G
1477-2-1-4-4,81,G
1477-2-2-2-3,81,G
1477-2-2-4-3,81,G
1477-2-3-1-3,81,G
1477-2-3-3-4,81,G
1477-2-3-5-4,81,G
1477-2-4-2-4,81,G
1477-2-4-5-3,81,G
1477-2-5-2-3,81,G
1477-2-5-4-3,81,G
1478-1-1-1-4,81,G
1478-1-1-3-4,81,G
1478-1-1-5-4,81,G
1478-1-2-2-4,81,G
1478-1-2-5-3,81,G
1478-1-3-2-3,81,G
1478-1-3-4-3,81,G
1478-1-4-1-4,81,G
1478-1-4-3-4,81,G
1478-1-4-5-4,81,G
1478-1-5-3-3,81,G
1478-1-5-5-3,81,G
1478-2-1-2-3,81,G
1478-2-1-4-4,81,G
1476-2-4-d-3,81,G
1476-2-4-f-3,81,G
1476-2-5-c-4,81,G
1476-2-5-e-4,81,G
1477-1-1-b-4,81,G
1477-1-1-e-3,81,G
1477-1-2-b-3,81,G
1477-1-2-d-3,81,G
1477-1-2-f-4,81,G
1477-1-3-c-4,81,G
1477-1-3-e-4,81,G
1477-1-4-c-3,81,G
1477-1-4-e-3,81,G
1477-1-5-b-3,81,G
1477-1-5-d-3,81,G
1477-1-5-f-4,81,G
1477-2-1-c-4,81,G
1477-2-1-e-4,81,G
1477-2-2-c-3,81,G
1477-2-2-e-3,81,G
1477-2-3-b-3,81,G
1477-2-3-d-4,81,G
1477-2-3-f-4,81,G
1477-2-4-c-4,81,G
1477-2-4-f-3,81,G
1477-2-5-c-3,81,G
1477-2-5-e-3,81,G
1478-1-1-b-4,81,G
1478-1-1-d-4,81,G
1478-1-1-f-4,81,G
1478-1-2-c-4,81,G
1478-1-2-f-3,81,G
1478-1-3-c-3,81,G
1478-1-3-e-3,81,G
1478-1-4-b-4,81,G
1478-1-4-d-4,81,G
1478-1-4-f-4,81,G
1478-1-5-d-3,81,G
1478-1-5-f-3,81,G
1478-2-1-c-3,81,G
1476-2-4-17-3,81,G
1476-2-4-19-3,81,G
1476-2-5-16-4,81,G
1476-2-5-18-4,81,G
1477-1-1-15-4,81,G
1477-1-1-18-3,81,G
1477-1-2-15-3,81,G
1477-1-2-17-3,81,G
1477-1-2-19-4,81,G
1477-1-3-16-4,81,G
1477-1-3-18-4,81,G
1477-1-4-16-3,81,G
1477-1-4-18-3,81,G
1477-1-5-15-3,81,G
1477-1-5-17-3,81,G
1477-1-5-19-4,81,G
1477-2-1-16-4,81,G
1477-2-1-18-4,81,G
1477-2-2-16-3,81,G
1477-2-2-18-3,81,G
1477-2-3-15-3,81,G
1477-2-3-17-4,81,G
1477-2-3-19-4,81,G
1477-2-4-16-4,81,G
1477-2-4-19-3,81,G
1477-2-5-16-3,81,G
1477-2-5-18-3,81,G
1478-1-1-15-4,81,G
1478-1-1-17-4,81,G
1478-1-1-19-4,81,G
1478-1-2-16-4,81,G
1478-1-2-19-3,81,G
1478-1-3-16-3,81,G
1478-1-3-18-3,81,G
1478-1-4-15-4,81,G
1478-1-4-17-4,81,G
1478-1-4-19-4,81,G
1478-1-5-17-3,81,G
1478-1-5-19-3,81,G
1476-2-9-8-3,81,G
1476-2-9-a-3,81,G
1476-2-a-7-4,81,G
1476-2-a-9-4,81,G
1477-1-6-6-4,81,G
1477-1-6-9-3,81,G
1477-1-7-6-3,81,G
1477-1-7-8-3,81,G
1477-1-7-a-4,81,G
1477-1-8-7-4,81,G
1477-1-8-9-4,81,G
1477-1-9-7-3,81,G
1477-1-9-9-3,81,G
1477-1-a-6-3,81,G
1477-1-a-8-3,81,G
1477-1-a-a-4,81,G
1477-2-6-7-4,81,G
1477-2-6-9-4,81,G
1477-2-7-7-3,81,G
1477-2-7-9-3,81,G
1477-2-8-6-3,81,G
1477-2-8-8-4,81,G
1477-2-8-a-4,81,G
1477-2-9-7-4,81,G
1477-2-9-a-3,81,G
1477-2-a-7-3,81,G
1477-2-a-9-3,81,G
1478-1-6-6-4,81,G
1478-1-6-8-4,81,G
1478-1-6-a-4,81,G
1478-1-7-7-4,81,G
1478-1-7-a-3,81,G
1478-1-8-7-3,81,G
1478-1-8-9-3,81,G
1478-1-9-6-4,81,G
1478-1-9-8-4,81,G
1478-1-9-a-4,81,G
1478-1-a-8-3,81,G
1476-2-9-17-1,81,G
1476-2-9-19-1,81,G
1476-2-a-16-2,81,G
1476-2-a-18-2,81,G
1477-1-6-15-2,81,G
1477-1-6-18-1,81,G
1477-1-7-15-1,81,G
1477-1-7-17-1,81,G
1477-1-7-19-2,81,G
1477-1-8-16-2,81,G
1477-1-8-18-2,81,G
1477-1-9-16-1,81,G
1477-1-9-18-1,81,G
1477-1-a-15-1,81,G
1477-1-a-17-1,81,G
1477-1-a-19-2,81,G
1477-2-6-16-2,81,G
1477-2-6-18-2,81,G
1477-2-7-16-1,81,G
1477-2-7-18-1,81,G
1477-2-8-15-1,81,G
1477-2-8-17-2,81,G
1477-2-8-19-2,81,G
1477-2-9-16-2,81,G
1477-2-9-19-1,81,G
1477-2-a-16-1,81,G
1477-2-a-18-1,81,G
1478-1-6-15-2,81,G
1478-1-6-17-2,81,G
1478-1-6-19-2,81,G
1478-1-7-16-2,81,G
1478-1-7-19-1,81,G
1478-1-8-16-1,81,G
1478-1-8-18-1,81,G
1478-1-9-15-2,81,G
1478-1-9-17-2,81,G
1478-1-9-19-2,81,G
1476-2-e-8-1,81,G
1476-2-e-a-1,81,G
1476-2-f-7-2,81,G
1476-2-f-9-2,81,G
1477-1-b-6-2,81,G
1477-1-b-9-1,81,G
1477-1-c-6-1,81,G
1477-1-c-8-1,81,G
1477-1-c-a-2,81,G
1477-1-d-7-2,81,G
1477-1-d-9-2,81,G
1477-1-e-7-1,81,G
1477-1-e-9-1,81,G
1477-1-f-6-1,81,G
1477-1-f-8-1,81,G
1477-1-f-a-2,81,G
1477-2-b-7-2,81,G
1477-2-b-9-2,81,G
1477-2-c-7-1,81,G
1477-2-c-9-1,81,G
1477-2-d-6-1,81,G
1477-2-d-8-2,81,G
1477-2-d-a-2,81,G
1477-2-e-7-2,81,G
1477-2-e-a-1,81,G
1477-2-f-7-1,81,G
1477-2-f-9-1,81,G
1478-1-b-6-2,81,G
1478-1-b-8-2,81,G
1478-1-b-a-2,81,G
1478-1-c-7-2,81,G
1478-1-c-a-1,81,G
1478-1-d-7-1,81,G
1478-1-d-9-1,81,G
1478-1-e-6-2,81,G
1478-1-e-8-2,81,G
1476-2-e-10-1,81,G
1476-2-e-12-1,81,G
1476-2-e-14-1,81,G
1476-2-f-11-2,81,G
1476-2-f-13-2,81,G
1477-1-b-10-2,81,G
1477-1-b-13-1,81,G
1477-1-c-10-1,81,G
1477-1-c-12-1,81,G
1477-1-c-14-2,81,G
1477-1-d-11-2,81,G
1477-1-d-13-2,81,G
1477-1-e-11-1,81,G
1477-1-e-13-1,81,G
1477-1-f-10-1,81,G
1477-1-f-12-1,81,G
1477-1-f-14-2,81,G
1477-2-b-11-2,81,G
1477-2-b-13-2,81,G
1477-2-c-11-1,81,G
1477-2-c-13-1,81,G
1477-2-d-10-1,81,G
1477-2-d-12-2,81,G
1477-2-d-14-2,81,G
1477-2-e-11-2,81,G
1477-2-e-14-1,81,G
1477-2-f-11-1,81,G
1477-2-f-13-1,81,G
1478-1-b-10-2,81,G
1478-1-b-12-2,81,G
1478-1-b-14-2,81,G
1478-1-c-11-2,81,G
1478-1-c-14-1,81,G
1478-1-d-11-1,81,G
1478-1-d-13-1,81,G
1476-2-13-1-3,81,G
1476-2-13-3-3,81,G
1476-2-13-5-3,81,G
1476-2-14-2-4,81,G
1476-2-14-4-4,81,G
1477-1-10-1-4,81,G
1477-1-10-4-3,81,G
1477-1-11-1-3,81,G
1477-1-11-3-3,81,G
1477-1-11-5-4,81,G
1477-1-12-2-4,81,G
1477-1-12-4-4,81,G
1477-1-13-2-3,81,G
1477-1-13-4-3,81,G
1477-1-14-1-3,81,G
1477-1-14-3-3,81,G
1477-1-14-5-4,81,G
1477-2-10-2-4,81,G
1477-2-10-4-4,81,G
1477-2-11-2-3,81,G
1477-2-11-4-3,81,G
1477-2-12-1-3,81,G
1477-2-12-3-4,81,G
1477-2-12-5-4,81,G
1477-2-13-2-4,81,G
1477-2-13-5-3,81,G
1477-2-14-2-3,81,G
1477-2-14-4-3,81,G
1478-1-10-1-4,81,G
1478-1-10-3-4,81,G
1478-1-10-5-4,81,G
1478-1-11-2-4,81,G
1478-1-11-5-3,81,G
1478-1-12-2-3,81,G
1476-2-13-b-3,81,G
1476-2-13-d-3,81,G
1476-2-13-f-3,81,G
1476-2-14-c-4,81,G
1476-2-14-e-4,81,G
1477-1-10-b-4,81,G
1477-1-10-e-3,81,G
1477-1-11-b-3,81,G
1477-1-11-d-3,81,G
1477-1-11-f-4,81,G
1477-1-12-c-4,81,G
1477-1-12-e-4,81,G
1477-1-13-c-3,81,G
1477-1-13-e-3,81,G
1477-1-14-b-3,81,G
1477-1-14-d-3,81,G
1477-1-14-f-4,81,G
1477-2-10-c-4,81,G
1477-2-10-e-4,81,G
1477-2-11-c-3,81,G
1477-2-11-e-3,81,G
1477-2-12-b-3,81,G
1477-2-12-d-4,81,G
1477-2-12-f-4,81,G
1477-2-13-c-4,81,G
1477-2-13-f-3,81,G
1477-2-14-c-3,81,G
1477-2-14-e-3,81,G
1478-1-10-b-4,81,G
1478-1-10-d-4,81,G
1478-1-10-f-4,81,G
1478-1-11-c-4,81,G
1476-2-13-17-3,81,G
1476-2-13-19-3,81,G
1476-2-14-16-4,81,G
1476-2-14-18-4,81,G
1477-1-10-15-4,81,G
1477-1-10-18-3,81,G
1477-1-11-15-3,81,G
1477-1-11-17-3,81,G
1477-1-11-19-4,81,G
1477-1-12-16-4,81,G
1477-1-12-18-4,81,G
1477-1-13-16-3,81,G
1477-1-13-18-3,81,G
1477-1-14-15-3,81,G
1477-1-14-17-3,81,G
1477-1-14-19-4,81,G
1477-2-10-16-4,81,G
1477-2-10-18-4,81,G
1477-2-11-16-3,81,G
1477-2-11-18-3,81,G
1477-2-12-15-3,81,G
1477-2-12-17-4,81,G
1477-2-12-19-4,81,G
1477-2-13-16-4,81,G
1477-2-13-19-3,81,G
1477-2-14-16-3,81,G
1477-2-14-18-3,81,G
1478-1-10-15-4,81,G
1478-1-10-17-4,81,G
1478-1-10-19-4,81,G
1476-2-18-d-1,81,G
1476-2-18-f-1,81,G
1476-2-19-c-2,81,G
1476-2-19-e-2,81,G
1477-1-15-b-2,81,G
1477-1-15-e-1,81,G
1477-1-16-b-1,81,G
1477-1-16-d-1,81,G
1477-1-16-f-2,81,G
1477-1-17-c-2,81,G
1477-1-17-e-2,81,G
1477-1-18-c-1,81,G
1477-1-18-e-1,81,G
1477-1-19-b-1,81,G
1477-1-19-d-1,81,G
1477-1-19-f-2,81,G
1477-2-15-c-2,81,G
1477-2-15-e-2,81,G
1477-2-16-c-1,81,G
1477-2-16-e-1,81,G
1477-2-17-b-1,81,G
1477-2-17-d-2,81,G
1477-2-17-f-2,81,G
1477-2-18-c-2,81,G
1477-2-18-f-1,81,G
1477-2-19-c-1,81,G
1477-2-19-e-1,81,G
1478-1-15-b-2,81,G
1478-1-15-d-2,81,G
1476-2-18-17-1,81,G
1476-2-18-19-1,81,G
1476-2-19-16-2,81,G
1476-2-19-18-2,81,G
1477-1-15-15-2,81,G
1477-1-15-18-1,81,G
1477-1-16-15-1,81,G
1477-1-16-17-1,81,G
1477-1-16-19-2,81,G
1477-1-17-16-2,81,G
1477-1-17-18-2,81,G
1477-1-18-16-1,81,G
1477-1-18-18-1,81,G
1477-1-19-15-1,81,G
1477-1-19-17-1,81,G
1477-1-19-19-2,81,G
1477-2-15-16-2,81,G
1477-2-15-18-2,81,G
1477-2-16-16-1,81,G
1477-2-16-18-1,81,G
1477-2-17-15-1,81,G
1477-2-17-17-2,81,G
1477-2-17-19-2,81,G
1477-2-18-16-2,81,G
1477-2-18-19-1,81,G
1477-2-19-16-1,81,G
1477-2-19-18-1,81,G
1476-4-4-8-1,81,G
1476-4-4-a-1,81,G
1476-4-5-7-2,81,G
1476-4-5-9-2,81,G
1477-3-1-6-2,81,G
1477-3-1-9-1,81,G
1477-3-2-6-1,81,G
1477-3-2-8-1,81,G
1477-3-2-a-2,81,G
1477-3-3-7-2,81,G
1477-3-3-9-2,81,G
1477-3-4-7-1,81,G
1477-3-4-9-1,81,G
1477-3-5-6-1,81,G
1477-3-5-8-1,81,G
1477-3-5-a-2,81,G
1477-4-1-7-2,81,G
1477-4-1-9-2,81,G
1477-4-2-7-1,81,G
1477-4-2-9-1,81,G
1477-4-3-6-1,81,G
1477-4-3-8-2,81,G
1477-4-3-a-2,81,G
1477-4-4-7-2,81,G
1477-4-4-a-1,81,G
1477-4-5-7-1,81,G
1476-4-4-12-3,81,G
1476-4-4-14-3,81,G
1476-4-5-11-4,81,G
1476-4-5-13-4,81,G
1477-3-1-10-4,81,G
1477-3-1-13-3,81,G
1477-3-2-10-3,81,G
1477-3-2-12-3,81,G
1477-3-2-14-4,81,G
1477-3-3-11-4,81,G
1477-3-3-13-4,81,G
1477-3-4-11-3,81,G
1477-3-4-13-3,81,G
1477-3-5-10-3,81,G
1477-3-5-12-3,81,G
1477-3-5-14-4,81,G
1477-4-1-11-4,81,G
1477-4-1-13-4,81,G
1477-4-2-11-3,81,G
1477-4-2-13-3,81,G
1477-4-3-10-3,81,G
1477-4-3-12-4,81,G
1477-4-3-14-4,81,G
1477-4-4-11-4,81,G
1477-4-4-14-3,81,G
1476-4-9-3-3,81,G
1476-4-9-5-3,81,G
1476-4-a-2-4,81,G
1476-4-a-4-4,81,G
1477-3-6-1-4,81,G
1477-3-6-4-3,81,G
1477-3-7-1-3,81,G
1477-3-7-3-3,81,G
1477-3-7-5-4,81,G
1477-3-8-2-4,81,G
1477-3-8-4-4,81,G
1477-3-9-2-3,81,G
1477-3-9-4-3,81,G
1477-3-a-1-3,81,G
1477-3-a-3-3,81,G
1477-3-a-5-4,81,G
1477-4-6-2-4,81,G
1477-4-6-4-4,81,G
1477-4-7-2-3,81,G
1477-4-7-4-3,81,G
1477-4-8-1-3,81,G
1477-4-8-3-4,81,G
1477-4-8-5-4,81,G
1477-4-9-2-4,81,G
1476-4-9-f-3,81,G
1476-4-a-c-4,81,G
1476-4-a-e-4,81,G
1477-3-6-b-4,81,G
1477-3-6-e-3,81,G
1477-3-7-b-3,81,G
1477-3-7-d-3,81,G
1477-3-7-f-4,81,G
1477-3-8-c-4,81,G
1477-3-8-e-4,81,G
1477-3-9-c-3,81,G
1477-3-9-e-3,81,G
1477-3-a-b-3,81,G
1477-3-a-d-3,81,G
1477-3-a-f-4,81,G
1477-4-6-c-4,81,G
1477-4-6-e-4,81,G
1477-4-7-c-3,81,G
1477-4-7-e-3,81,G
1477-4-8-b-3,81,G
1477-4-8-d-4,81,G
1477-4-8-f-4,81,G
1476-4-e-5-1,81,G
1476-4-f-2-2,81,G
1476-4-f-4-2,81,G
1477-3-b-1-2,81,G
1477-3-b-4-1,81,G
1477-3-c-1-1,81,G
1477-3-c-3-1,81,G
1477-3-c-5-2,81,G
1477-3-d-2-2,81,G
1477-3-d-4-2,81,G
1477-3-e-2-1,81,G
1477-3-e-4-1,81,G
1477-3-f-1-1,81,G
1477-3-f-3-1,81,G
1477-3-f-5-2,81,G
1477-4-b-2-2,81,G
1477-4-b-4-2,81,G
1477-4-c-2-1,81,G
1477-4-c-4-1,81,G
1476-4-e-f-1,81,G
1476-4-f-c-2,81,G
1476-4-f-e-2,81,G
1477-3-b-b-2,81,G
1477-3-b-e-1,81,G
1477-3-c-b-1,81,G
1477-3-c-d-1,81,G
1477-3-c-f-2,81,G
1477-3-d-c-2,81,G
1477-3-d-e-2,81,G
1477-3-e-c-1,81,G
1477-3-e-e-1,81,G
1477-3-f-b-1,81,G
1477-3-f-d-1,81,G
1477-3-f-f-2,81,G
1477-4-b-c-2,81,G
1477-4-b-e-2,81,G
1477-4-c-c-1,81,G
1476-4-e-19-1,81,G
1476-4-f-16-2,81,G
1476-4-f-18-2,81,G
1477-3-b-15-2,81,G
1477-3-b-18-1,81,G
1477-3-c-15-1,81,G
1477-3-c-17-1,81,G
1477-3-c-19-2,81,G
1477-3-e-16-1,81,G
1477-3-e-18-1,81,G
1477-3-f-15-1,81,G
1477-3-f-17-1,81,G
1477-3-f-19-2,81,G
1477-4-b-16-2,81,G
1477-4-b-18-2,81,G
1477-4-c-16-1,81,G
1476-4-13-a-1,81,G
1476-4-14-7-2,81,G
1476-4-14-9-2,81,G
1477-3-10-6-2,81,G
1477-3-10-9-1,81,G
1477-3-11-6-1,81,G
1477-3-11-8-1,81,G
1477-3-13-9-1,81,G
1477-3-14-6-1,81,G
1477-3-14-8-1,81,G
1477-3-14-a-2,81,G
1477-4-10-7-2,81,G
1477-4-10-9-2,81,G
1477-4-11-7-1,81,G
1476-4-13-12-3,81,G
1476-4-13-14-3,81,G
1476-4-14-11-4,81,G
1476-4-14-13-4,81,G
1477-3-10-10-4,81,G
1477-3-10-13-3,81,G
1477-3-11-10-3,81,G
1477-3-13-13-3,81,G
1477-3-14-10-3,81,G
1477-3-14-12-3,81,G
1477-3-14-14-4,81,G
1477-4-10-11-4,81,G
1477-4-10-13-4,81,G
1476-4-18-3-3,81,G
1476-4-18-5-3,81,G
1476-4-19-2-4,81,G
1476-4-19-4-4,81,G
1477-3-15-1-4,81,G
1477-3-15-4-3,81,G
1477-3-16-1-3,81,G
1477-3-19-1-3,81,G
1477-3-19-3-3,81,G
1477-3-19-5-4,81,G
1477-4-15-2-4,81,G
1477-4-15-4-4,81,G
1476-4-19-e-4,81,G
1477-3-15-b-4,81,G
1477-3-15-e-3,81,G
1477-3-19-b-3,81,G
1477-3-19-d-3,81,G
1477-3-19-f-4,81,G
1477-4-15-c-4,81,G
1477-4-15-e-4,81,G
1543-1-5-3-1,81,G
1543-1-5-5-2,81,G
1543-2-1-2-2,81,G
1543-2-1-4-2,81,G
1543-1-5-f-2,81,G
1543-2-1-c-2,81,G
1082-3-f-a-3,82,G
1082-4-b-8-3,82,G
1082-4-c-6-4,82,G
1082-4-c-9-4,82,G
1082-4-d-7-4,82,G
1082-4-d-a-4,82,G
1082-3-f-16-3,82,G
1082-3-f-19-3,82,G
1082-4-b-17-3,82,G
1082-4-c-15-4,82,G
1082-4-c-18-4,82,G
1082-4-d-16-4,82,G
1082-4-d-19-4,82,G
1082-4-e-17-4,82,G
1082-4-f-15-4,82,G
1082-4-f-18-4,82,G
1083-3-b-16-4,82,G
1081-4-10-b-4,82,G
1082-3-13-b-3,82,G
1082-3-13-e-3,82,G
1082-3-14-c-3,82,G
1082-3-14-f-3,82,G
1082-4-10-d-3,82,G
1082-4-11-b-4,82,G
1082-4-11-e-4,82,G
1082-4-12-c-4,82,G
1082-4-12-f-4,82,G
1082-4-13-d-4,82,G
1082-4-14-b-4,82,G
1082-4-14-e-4,82,G
1083-3-10-c-4,82,G
1081-3-19-3-4,82,G
1081-4-15-1-4,82,G
1081-4-15-4-4,82,G
1081-4-16-2-4,82,G
1081-4-16-5-4,82,G
1081-4-18-1-4,82,G
1081-4-18-4-4,82,G
1082-3-16-5-3,82,G
1082-3-17-3-3,82,G
1082-3-18-1-3,82,G
1082-3-18-4-3,82,G
1082-3-19-2-3,82,G
1082-3-19-5-3,82,G
1082-4-15-3-3,82,G
1082-4-16-1-4,82,G
1082-4-16-4-4,82,G
1082-4-17-2-4,82,G
1082-4-17-5-4,82,G
1082-4-18-3-4,82,G
1082-4-19-1-4,82,G
1082-4-19-4-4,82,G
1083-3-15-2-4,82,G
1081-3-19-12-4,82,G
1081-4-15-10-4,82,G
1081-4-15-13-4,82,G
1081-4-16-11-4,82,G
1081-4-16-14-4,82,G
1081-4-17-12-4,82,G
1081-4-18-10-4,82,G
1081-4-18-13-4,82,G
1081-4-19-12-3,82,G
1082-3-15-10-3,82,G
1082-3-15-13-3,82,G
1082-3-16-11-3,82,G
1082-3-16-14-3,82,G
1082-3-17-12-3,82,G
1082-3-18-10-3,82,G
1082-3-18-13-3,82,G
1082-3-19-11-3,82,G
1082-3-19-14-3,82,G
1082-4-15-12-3,82,G
1082-4-16-10-4,82,G
1082-4-16-13-4,82,G
1082-4-17-11-4,82,G
1082-4-17-14-4,82,G
1082-4-18-12-4,82,G
1082-4-19-10-4,82,G
1082-4-19-13-4,82,G
1083-3-15-11-4,82,G
1147-2-1-b-2,82,G
1147-2-1-e-2,82,G
1147-2-2-c-2,82,G
1147-2-2-f-2,82,G
1147-2-3-d-2,82,G
1147-2-4-b-2,82,G
1147-2-4-e-2,82,G
1147-2-5-d-1,82,G
1148-1-1-b-1,82,G
1148-1-1-e-1,82,G
1148-1-2-c-1,82,G
1148-1-2-f-1,82,G
1148-1-3-d-1,82,G
1148-1-4-b-1,82,G
1148-1-4-e-1,82,G
1148-1-5-c-1,82,G
1148-1-5-f-1,82,G
1148-2-1-d-1,82,G
1148-2-2-b-2,82,G
1148-2-2-e-2,82,G
1148-2-3-c-2,82,G
1148-2-3-f-2,82,G
1148-2-4-d-2,82,G
1148-2-5-b-2,82,G
1148-2-5-e-2,82,G
1149-1-1-c-2,82,G
1147-2-6-4-2,82,G
1147-2-7-2-2,82,G
1147-2-7-5-2,82,G
1147-2-8-3-2,82,G
1147-2-9-1-2,82,G
1147-2-9-4-2,82,G
1147-2-a-3-1,82,G
1148-1-6-1-1,82,G
1148-1-6-4-1,82,G
1148-1-7-2-1,82,G
1148-1-7-5-1,82,G
1148-1-8-3-1,82,G
1148-1-9-1-1,82,G
1148-1-9-4-1,82,G
1148-1-a-2-1,82,G
1148-1-a-5-1,82,G
1148-2-6-3-1,82,G
1148-2-7-1-2,82,G
1148-2-7-4-2,82,G
1148-2-8-2-2,82,G
1148-2-8-5-2,82,G
1148-2-9-3-2,82,G
1148-2-a-1-2,82,G
1148-2-a-4-2,82,G
1149-1-6-2-2,82,G
1148-1-6-10-1,82,G
1148-1-7-11-1,82,G
1148-1-7-14-1,82,G
1148-1-8-12-1,82,G
1148-1-9-10-1,82,G
1148-1-9-13-1,82,G
1148-1-a-11-1,82,G
1148-1-a-14-1,82,G
1148-2-6-12-1,82,G
1148-2-7-10-2,82,G
1148-2-7-13-2,82,G
1148-2-8-11-2,82,G
1148-2-8-14-2,82,G
1148-2-9-12-2,82,G
1148-2-a-10-2,82,G
1148-2-a-13-2,82,G
1149-1-6-11-2,82,G
1148-1-d-8-1,82,G
1148-1-e-6-1,82,G
1148-1-e-9-1,82,G
1148-1-f-7-1,82,G
1148-1-f-a-1,82,G
1148-2-b-8-1,82,G
1148-2-c-6-2,82,G
1148-2-c-9-2,82,G
1148-2-d-7-2,82,G
1148-2-d-a-2,82,G
1148-2-e-8-2,82,G
1148-2-f-6-2,82,G
1148-2-f-9-2,82,G
1149-1-b-7-2,82,G
1148-1-e-18-1,82,G
1148-1-f-16-1,82,G
1148-1-f-19-1,82,G
1148-2-b-17-1,82,G
1148-2-c-15-2,82,G
1148-2-c-18-2,82,G
1148-2-d-16-2,82,G
1148-2-d-19-2,82,G
1148-2-e-17-2,82,G
1148-2-f-15-2,82,G
1148-2-f-18-2,82,G
1149-1-b-16-2,82,G
1148-1-14-c-1,82,G
1148-1-14-f-1,82,G
1148-2-10-d-1,82,G
1148-2-11-b-2,82,G
1148-2-11-e-2,82,G
1148-2-12-c-2,82,G
1148-2-12-f-2,82,G
1148-2-13-d-2,82,G
1148-2-14-b-2,82,G
1148-2-14-e-2,82,G
1148-1-19-2-1,82,G
1148-1-19-5-1,82,G
1148-2-15-3-1,82,G
1148-2-16-1-2,82,G
1148-2-16-4-2,82,G
1148-2-17-2-2,82,G
1148-2-17-5-2,82,G
1148-2-18-3-2,82,G
1148-2-19-1-2,82,G
1148-2-19-4-2,82,G
1148-1-19-14-1,82,G
1148-2-15-12-1,82,G
1148-2-16-10-2,82,G
1148-2-16-13-2,82,G
1148-2-17-11-2,82,G
1148-2-17-14-2,82,G
1148-2-18-12-2,82,G
1148-2-19-10-2,82,G
1148-2-19-13-2,82,G
1148-4-1-8-1,82,G
1148-4-2-6-2,82,G
1148-4-2-9-2,82,G
1148-4-3-7-2,82,G
1148-4-3-a-2,82,G
1148-4-4-8-2,82,G
1148-4-5-6-2,82,G
1148-4-5-9-2,82,G
1148-4-2-15-2,82,G
1148-4-2-18-2,82,G
1148-4-3-16-2,82,G
1148-4-3-19-2,82,G
1148-4-4-17-2,82,G
1148-4-5-15-2,82,G
1148-4-5-18-2,82,G
1148-4-7-b-2,82,G
1148-4-7-e-2,82,G
1148-4-8-c-2,82,G
1148-4-8-f-2,82,G
1148-4-9-d-2,82,G
1148-4-a-b-2,82,G
1148-4-a-e-2,82,G
1149-3-6-c-2,82,G
1148-4-c-4-2,82,G
1148-4-d-2-2,82,G
1148-4-d-5-2,82,G
1148-4-e-3-2,82,G
1148-4-f-1-2,82,G
1148-4-f-4-2,82,G
1149-3-b-2-2,82,G
1148-4-c-13-4,82,G
1148-4-d-11-4,82,G
1148-4-d-14-4,82,G
1148-4-e-12-4,82,G
1148-4-f-10-4,82,G
1148-4-f-13-4,82,G
1149-3-b-11-4,82,G
1148-4-12-7-4,82,G
1148-4-12-a-4,82,G
1148-4-13-8-4,82,G
1148-4-14-6-4,82,G
1148-4-14-9-4,82,G
1149-3-10-7-4,82,G
1149-3-10-a-4,82,G
1148-4-12-19-4,82,G
1148-4-13-17-4,82,G
1148-4-14-15-4,82,G
1148-4-14-18-4,82,G
1149-3-10-16-4,82,G
1149-3-10-19-4,82,G
1148-4-17-f-4,82,G
1148-4-18-d-4,82,G
1148-4-19-b-4,82,G
1148-4-19-e-4,82,G
1149-3-15-c-4,82,G
1149-3-15-f-4,82,G
1214-2-4-3-4,82,G
1214-2-5-1-4,82,G
1214-2-5-4-4,82,G
1215-1-1-2-4,82,G
1215-1-1-5-4,82,G
1214-2-4-12-4,82,G
1214-2-5-10-4,82,G
1214-2-5-13-4,82,G
1215-1-1-11-4,82,G
1214-2-9-8-4,82,G
1214-2-a-6-4,82,G
1214-2-a-9-4,82,G
1215-1-6-7-4,82,G
1214-2-9-17-4,82,G
1214-2-a-15-4,82,G
1214-2-a-18-4,82,G
1214-2-e-d-4,82,G
1214-2-f-b-4,82,G
1214-2-f-e-4,82,G
1214-2-13-3-4,82,G
1214-2-14-1-4,82,G
1214-2-14-4-4,82,G
1214-1-14-11-3,82,G
1214-1-14-14-3,82,G
1214-2-10-12-3,82,G
1214-2-13-12-4,82,G
1214-2-14-10-4,82,G
1214-1-18-b-1,82,G
1214-1-18-e-1,82,G
1214-1-19-c-1,82,G
1214-1-19-f-1,82,G
1214-2-15-d-1,82,G
1214-2-17-f-2,82,G
1214-2-18-d-2,82,G
1214-2-19-b-2,82,G
1214-3-4-1-1,82,G
1214-3-4-4-1,82,G
1214-3-5-2-1,82,G
1214-3-5-5-1,82,G
1214-4-1-3-1,82,G
1214-4-3-2-2,82,G
1214-4-3-5-2,82,G
1214-4-4-3-2,82,G
1214-4-5-1-2,82,G
1214-4-5-4-2,82,G
1214-3-3-12-1,82,G
1214-3-4-10-1,82,G
1214-3-4-13-1,82,G
1214-3-5-11-1,82,G
1214-3-5-14-1,82,G
1214-4-1-12-1,82,G
1214-4-3-11-2,82,G
1214-4-3-14-2,82,G
1214-4-4-12-2,82,G
1214-4-5-10-2,82,G
1214-4-5-13-2,82,G
1214-3-7-7-1,82,G
1214-3-7-a-1,82,G
1214-3-8-8-1,82,G
1214-3-9-6-1,82,G
1214-3-9-9-1,82,G
1214-3-a-7-1,82,G
1214-3-a-a-1,82,G
1214-4-6-8-1,82,G
1214-4-7-6-2,82,G
1214-4-7-9-2,82,G
1214-4-8-7-2,82,G
1214-4-8-a-2,82,G
1214-4-9-8-2,82,G
1214-4-a-6-2,82,G
1214-4-a-9-2,82,G
1215-3-6-7-2,82,G
1213-4-9-18-2,82,G
1213-4-a-17-1,82,G
1214-3-6-15-1,82,G
1214-3-6-18-1,82,G
1214-3-7-16-1,82,G
1214-3-7-19-1,82,G
1214-3-8-17-1,82,G
1214-3-9-15-1,82,G
1214-3-9-18-1,82,G
1214-3-a-16-1,82,G
1214-3-a-19-1,82,G
1214-4-6-17-1,82,G
1214-4-7-15-2,82,G
1214-4-7-18-2,82,G
1214-4-8-16-2,82,G
1214-4-8-19-2,82,G
1214-4-9-17-2,82,G
1214-4-a-15-2,82,G
1214-4-a-18-2,82,G
1215-3-6-16-2,82,G
1215-3-6-19-2,82,G
1213-4-e-e-2,82,G
1213-4-f-d-1,82,G
1214-3-b-b-1,82,G
1214-3-b-e-1,82,G
1214-3-c-c-1,82,G
1214-3-c-f-1,82,G
1214-3-d-d-1,82,G
1214-3-e-b-1,82,G
1214-3-e-e-1,82,G
1214-3-f-c-1,82,G
1214-3-f-f-1,82,G
1214-4-b-d-1,82,G
1214-4-c-b-2,82,G
1214-4-c-e-2,82,G
1214-4-d-c-2,82,G
1214-4-d-f-2,82,G
1214-4-e-d-2,82,G
1214-4-f-b-2,82,G
1214-4-f-e-2,82,G
1215-3-b-c-2,82,G
1215-3-b-f-2,82,G
1213-4-13-1-2,82,G
1213-4-13-4-2,82,G
1213-4-14-3-1,82,G
1214-3-10-1-1,82,G
1214-3-10-4-1,82,G
1214-3-11-2-1,82,G
1214-3-11-5-1,82,G
1214-3-12-3-1,82,G
1214-3-13-1-1,82,G
1214-3-13-4-1,82,G
1214-3-14-2-1,82,G
1214-3-14-5-1,82,G
1214-4-10-3-1,82,G
1214-4-11-1-2,82,G
1214-4-11-4-2,82,G
1214-4-12-2-2,82,G
1214-4-12-5-2,82,G
1214-4-13-3-2,82,G
1214-4-14-1-2,82,G
1214-4-14-4-2,82,G
1215-3-10-2-2,82,G
1215-3-10-5-2,82,G
1213-4-12-12-2,82,G
1213-4-13-10-2,82,G
1213-4-13-13-2,82,G
1213-4-14-12-1,82,G
1214-3-10-10-1,82,G
1214-3-10-13-1,82,G
1214-3-11-11-1,82,G
1214-3-11-14-1,82,G
1214-3-12-12-1,82,G
1214-3-13-10-1,82,G
1214-3-13-13-1,82,G
1214-3-14-11-1,82,G
1214-3-14-14-1,82,G
1214-4-10-12-1,82,G
1214-4-11-10-2,82,G
1214-4-11-13-2,82,G
1214-4-12-11-2,82,G
1214-4-12-14-2,82,G
1214-4-13-12-2,82,G
1214-4-14-10-2,82,G
1214-4-14-13-2,82,G
1215-3-10-11-2,82,G
1215-3-10-14-2,82,G
1213-4-17-8-2,82,G
1213-4-18-6-2,82,G
1213-4-18-9-2,82,G
1213-4-19-8-1,82,G
1214-3-15-6-1,82,G
1214-3-15-9-1,82,G
1214-3-16-7-1,82,G
1214-3-16-a-1,82,G
1214-3-17-8-1,82,G
1214-3-18-6-1,82,G
1214-3-18-9-1,82,G
1214-3-19-7-1,82,G
1214-3-19-a-1,82,G
1214-4-15-8-1,82,G
1214-4-16-6-2,82,G
1214-4-16-9-2,82,G
1214-4-17-7-2,82,G
1214-4-17-a-2,82,G
1214-4-18-8-2,82,G
1214-4-19-6-2,82,G
1214-4-19-9-2,82,G
1215-3-15-7-2,82,G
1215-3-15-a-2,82,G
1213-4-16-19-2,82,G
1213-4-17-17-2,82,G
1213-4-18-15-2,82,G
1213-4-18-18-2,82,G
1213-4-19-17-1,82,G
1214-3-15-15-1,82,G
1214-3-15-18-1,82,G
1214-3-16-16-1,82,G
1214-3-16-19-1,82,G
1214-3-17-17-1,82,G
1214-3-18-15-1,82,G
1214-3-18-18-1,82,G
1214-3-19-16-1,82,G
1214-3-19-19-1,82,G
1214-4-15-17-1,82,G
1214-4-16-15-2,82,G
1214-4-16-18-2,82,G
1214-4-17-16-2,82,G
1214-4-17-19-2,82,G
1214-4-18-17-2,82,G
1214-4-19-15-2,82,G
1214-4-19-18-2,82,G
1215-3-15-16-2,82,G
1279-2-2-c-2,82,G
1279-2-2-f-2,82,G
1279-2-3-d-2,82,G
1279-2-4-b-2,82,G
1279-2-4-e-2,82,G
1279-2-5-d-1,82,G
1280-1-1-b-1,82,G
1280-1-1-e-1,82,G
1280-1-2-c-1,82,G
1280-1-2-f-1,82,G
1280-1-3-d-1,82,G
1280-1-4-b-1,82,G
1280-1-4-e-1,82,G
1280-1-5-c-1,82,G
1280-1-5-f-1,82,G
1280-2-1-d-1,82,G
1280-2-2-b-2,82,G
1280-2-2-e-2,82,G
1280-2-3-c-2,82,G
1280-2-3-f-2,82,G
1280-2-4-d-2,82,G
1280-2-5-b-2,82,G
1280-2-5-e-2,82,G
1279-2-7-2-4,82,G
1279-2-7-5-4,82,G
1279-2-8-3-4,82,G
1279-2-9-1-4,82,G
1279-2-9-4-4,82,G
1279-2-a-3-3,82,G
1280-1-6-1-3,82,G
1280-1-6-4-3,82,G
1280-1-7-2-3,82,G
1280-1-7-5-3,82,G
1280-1-8-3-3,82,G
1280-1-9-1-3,82,G
1280-1-9-4-3,82,G
1280-1-a-2-3,82,G
1280-1-a-5-3,82,G
1280-2-6-3-3,82,G
1280-2-7-1-4,82,G
1280-2-7-4-4,82,G
1280-2-8-2-4,82,G
1280-2-8-5-4,82,G
1280-2-9-3-4,82,G
1280-2-a-1-4,82,G
1280-2-a-4-4,82,G
1279-2-6-13-4,82,G
1279-2-7-11-4,82,G
1279-2-7-14-4,82,G
1279-2-8-12-4,82,G
1279-2-9-10-4,82,G
1279-2-9-13-4,82,G
1279-2-a-12-3,82,G
1280-1-6-10-3,82,G
1280-1-6-13-3,82,G
1280-1-7-11-3,82,G
1280-1-7-14-3,82,G
1280-1-8-12-3,82,G
1280-1-9-10-3,82,G
1280-1-9-13-3,82,G
1280-1-a-11-3,82,G
1280-1-a-14-3,82,G
1280-2-6-12-3,82,G
1280-2-7-10-4,82,G
1280-2-7-13-4,82,G
1280-2-8-11-4,82,G
1280-2-8-14-4,82,G
1280-2-9-12-4,82,G
1280-2-a-10-4,82,G
1279-2-b-6-4,82,G
1279-2-b-9-4,82,G
1279-2-c-7-4,82,G
1279-2-c-a-4,82,G
1279-2-d-8-4,82,G
1279-2-e-6-4,82,G
1279-2-e-9-4,82,G
1279-2-f-8-3,82,G
1280-1-b-6-3,82,G
1280-1-b-9-3,82,G
1280-1-c-7-3,82,G
1280-1-c-a-3,82,G
1280-1-d-8-3,82,G
1280-1-e-6-3,82,G
1280-1-e-9-3,82,G
1280-1-f-7-3,82,G
1280-1-f-a-3,82,G
1280-2-b-8-3,82,G
1280-2-c-6-4,82,G
1280-2-c-9-4,82,G
1280-2-d-7-4,82,G
1280-2-d-a-4,82,G
1280-2-e-8-4,82,G
1279-2-b-15-4,82,G
1279-2-b-18-4,82,G
1279-2-c-16-4,82,G
1279-2-c-19-4,82,G
1279-2-d-17-4,82,G
1279-2-e-15-4,82,G
1279-2-e-18-4,82,G
1279-2-f-17-3,82,G
1280-1-b-15-3,82,G
1280-1-b-18-3,82,G
1280-1-c-16-3,82,G
1280-1-c-19-3,82,G
1280-1-d-17-3,82,G
1280-1-e-15-3,82,G
1280-1-e-18-3,82,G
1280-1-f-16-3,82,G
1280-1-f-19-3,82,G
1280-2-b-17-3,82,G
1280-2-c-15-4,82,G
1280-2-c-18-4,82,G
1280-2-d-16-4,82,G
1279-2-10-b-4,82,G
1279-2-10-e-4,82,G
1279-2-11-c-4,82,G
1279-2-11-f-4,82,G
1279-2-12-d-4,82,G
1279-2-13-b-4,82,G
1279-2-13-e-4,82,G
1279-2-14-d-3,82,G
1280-1-10-b-3,82,G
1280-1-10-e-3,82,G
1280-1-11-c-3,82,G
1280-1-11-f-3,82,G
1280-1-12-d-3,82,G
1280-1-13-b-3,82,G
1280-1-13-e-3,82,G
1280-1-14-c-3,82,G
1280-1-14-f-3,82,G
1280-2-10-d-3,82,G
1280-2-11-b-4,82,G
1280-2-11-e-4,82,G
1279-2-15-4-4,82,G
1279-2-16-2-4,82,G
1279-2-16-5-4,82,G
1279-2-17-3-4,82,G
1279-2-18-1-4,82,G
1279-2-18-4-4,82,G
1279-2-19-3-3,82,G
1280-1-15-1-3,82,G
1280-1-15-4-3,82,G
1280-1-16-2-3,82,G
1280-1-16-5-3,82,G
1280-1-17-3-3,82,G
1280-1-18-1-3,82,G
1280-1-18-4-3,82,G
1280-1-19-2-3,82,G
1280-1-19-5-3,82,G
1280-2-15-3-3,82,G
1280-2-16-1-4,82,G
1280-2-16-4-4,82,G
1279-2-15-13-4,82,G
1279-2-16-11-4,82,G
1279-2-16-14-4,82,G
1279-2-17-12-4,82,G
1279-2-18-10-4,82,G
1279-2-18-13-4,82,G
1279-2-19-12-3,82,G
1280-1-15-10-3,82,G
1280-1-15-13-3,82,G
1280-1-16-11-3,82,G
1280-1-16-14-3,82,G
1280-1-17-12-3,82,G
1280-1-18-10-3,82,G
1280-1-18-13-3,82,G
1280-1-19-11-3,82,G
1280-1-19-14-3,82,G
1280-2-15-12-3,82,G
1280-2-16-10-4,82,G
1280-2-16-13-4,82,G
1279-4-1-9-4,82,G
1279-4-2-7-4,82,G
1279-4-2-a-4,82,G
1279-4-3-8-4,82,G
1279-4-4-6-4,82,G
1279-4-4-9-4,82,G
1279-4-5-8-3,82,G
1280-3-1-6-3,82,G
1280-3-1-9-3,82,G
1280-3-2-7-3,82,G
1280-3-2-a-3,82,G
1280-3-3-8-3,82,G
1280-3-4-6-3,82,G
1280-3-4-9-3,82,G
1280-3-5-7-3,82,G
1280-3-5-a-3,82,G
1280-4-1-8-3,82,G
1280-4-2-6-4,82,G
1280-4-2-9-4,82,G
1280-4-3-7-4,82,G
1279-4-1-18-4,82,G
1279-4-2-16-4,82,G
1279-4-2-19-4,82,G
1279-4-3-17-4,82,G
1279-4-4-15-4,82,G
1279-4-4-18-4,82,G
1279-4-5-17-3,82,G
1280-3-1-15-3,82,G
1280-3-1-18-3,82,G
1280-3-2-16-3,82,G
1280-3-2-19-3,82,G
1280-3-3-17-3,82,G
1280-3-4-15-3,82,G
1280-3-4-18-3,82,G
1280-3-5-16-3,82,G
1280-3-5-19-3,82,G
1280-4-1-17-3,82,G
1280-4-2-15-4,82,G
1280-4-2-18-4,82,G
1280-4-3-16-4,82,G
1280-4-3-19-4,82,G
1279-3-a-d-4,82,G
1279-4-6-e-4,82,G
1279-4-7-c-4,82,G
1279-4-7-f-4,82,G
1279-4-8-d-4,82,G
1279-4-9-b-4,82,G
1279-4-9-e-4,82,G
1279-4-a-d-3,82,G
1280-3-6-b-3,82,G
1280-3-6-e-3,82,G
1280-3-7-c-3,82,G
1280-3-7-f-3,82,G
1280-3-8-d-3,82,G
1280-3-9-b-3,82,G
1280-3-9-e-3,82,G
1280-3-a-c-3,82,G
1280-3-a-f-3,82,G
1280-4-6-d-3,82,G
1280-4-7-b-4,82,G
1280-4-7-e-4,82,G
1280-4-8-c-4,82,G
1280-4-8-f-4,82,G
1279-3-e-5-4,82,G
1279-3-f-3-4,82,G
1279-4-b-1-4,82,G
1279-4-b-4-4,82,G
1279-4-c-2-4,82,G
1279-4-c-5-4,82,G
1279-4-d-3-4,82,G
1279-4-e-1-4,82,G
1279-4-e-4-4,82,G
1279-4-f-3-3,82,G
1280-3-b-1-3,82,G
1280-3-b-4-3,82,G
1280-3-c-2-3,82,G
1280-3-c-5-3,82,G
1280-3-d-3-3,82,G
1280-3-e-1-3,82,G
1280-3-e-4-3,82,G
1280-3-f-2-3,82,G
1280-3-f-5-3,82,G
1280-4-b-3-3,82,G
1280-4-c-1-4,82,G
1280-4-c-4-4,82,G
1278-4-f-10-3,82,G
1278-4-f-13-3,82,G
1279-3-b-11-3,82,G
1279-3-b-14-3,82,G
1279-3-c-12-3,82,G
1279-3-e-11-4,82,G
1279-3-e-14-4,82,G
1279-3-f-12-4,82,G
1279-4-b-10-4,82,G
1279-4-b-13-4,82,G
1279-4-c-11-4,82,G
1279-4-c-14-4,82,G
1279-4-d-12-4,82,G
1279-4-e-10-4,82,G
1279-4-e-13-4,82,G
1279-4-f-12-3,82,G
1280-3-b-10-3,82,G
1280-3-b-13-3,82,G
1280-3-c-11-3,82,G
1280-3-c-14-3,82,G
1280-3-d-12-3,82,G
1280-3-e-10-3,82,G
1280-3-e-13-3,82,G
1280-3-f-11-3,82,G
1280-3-f-14-3,82,G
1280-4-b-12-3,82,G
1278-4-12-c-1,82,G
1278-4-12-f-1,82,G
1278-4-13-d-1,82,G
1278-4-14-b-1,82,G
1278-4-14-e-1,82,G
1279-3-10-c-1,82,G
1279-3-10-f-1,82,G
1279-3-11-d-1,82,G
1279-3-12-b-1,82,G
1279-3-12-e-2,82,G
1279-3-13-c-2,82,G
1279-3-13-f-2,82,G
1279-3-14-d-2,82,G
1279-4-10-b-2,82,G
1279-4-10-e-2,82,G
1279-4-11-c-2,82,G
1279-4-11-f-2,82,G
1279-4-12-d-2,82,G
1279-4-13-b-2,82,G
1279-4-13-e-2,82,G
1279-4-14-d-1,82,G
1280-3-10-b-1,82,G
1280-3-10-e-1,82,G
1280-3-11-c-1,82,G
1280-3-11-f-1,82,G
1280-3-12-d-1,82,G
1280-3-13-b-1,82,G
1280-3-13-e-1,82,G
1280-3-14-c-1,82,G
1280-3-14-f-1,82,G
1280-4-10-d-1,82,G
1278-4-16-4-1,82,G
1278-4-17-2-1,82,G
1278-4-17-5-1,82,G
1278-4-18-3-1,82,G
1278-4-19-1-1,82,G
1278-4-19-4-1,82,G
1279-3-15-2-1,82,G
1279-3-15-5-1,82,G
1279-3-16-3-1,82,G
1279-3-17-1-1,82,G
1279-3-17-4-2,82,G
1279-3-18-2-2,82,G
1279-3-18-5-2,82,G
1279-3-19-3-2,82,G
1279-4-15-1-2,82,G
1279-4-15-4-2,82,G
1279-4-16-2-2,82,G
1279-4-16-5-2,82,G
1279-4-17-3-2,82,G
1279-4-18-1-2,82,G
1279-4-18-4-2,82,G
1279-4-19-3-1,82,G
1280-3-15-1-1,82,G
1280-3-15-4-1,82,G
1280-3-16-2-1,82,G
1280-3-16-5-1,82,G
1280-3-17-3-1,82,G
1280-3-18-1-1,82,G
1280-3-18-4-1,82,G
1280-3-19-2-1,82,G
1280-3-19-5-1,82,G
1280-4-15-3-1,82,G
1278-4-16-13-1,82,G
1278-4-17-11-1,82,G
1278-4-17-14-1,82,G
1278-4-18-12-1,82,G
1278-4-19-10-1,82,G
1278-4-19-13-1,82,G
1279-3-15-11-1,82,G
1279-3-15-14-1,82,G
1279-3-16-12-1,82,G
1279-3-17-10-1,82,G
1279-3-17-13-2,82,G
1279-3-18-11-2,82,G
1279-3-18-14-2,82,G
1279-3-19-12-2,82,G
1279-4-15-10-2,82,G
1279-4-15-13-2,82,G
1279-4-16-11-2,82,G
1279-4-16-14-2,82,G
1279-4-17-12-2,82,G
1279-4-18-10-2,82,G
1279-4-18-13-2,82,G
1279-4-19-12-1,82,G
1280-3-15-10-1,82,G
1280-3-15-13-1,82,G
1280-3-16-11-1,82,G
1280-3-16-14-1,82,G
1280-3-17-12-1,82,G
1280-3-18-10-1,82,G
1280-3-18-13-1,82,G
1280-3-19-11-1,82,G
1280-3-19-14-1,82,G
1280-4-15-12-1,82,G
1344-2-2-9-1,82,G
1344-2-3-7-1,82,G
1344-2-3-a-1,82,G
1344-2-4-8-1,82,G
1344-2-5-6-1,82,G
1344-2-5-9-1,82,G
1345-1-1-7-1,82,G
1345-1-1-a-1,82,G
1345-1-2-8-1,82,G
1345-1-3-6-1,82,G
1345-1-3-9-2,82,G
1345-1-4-7-2,82,G
1345-1-4-a-2,82,G
1345-1-5-8-2,82,G
1345-2-1-6-2,82,G
1345-2-1-9-2,82,G
1345-2-2-7-2,82,G
1345-2-2-a-2,82,G
1345-2-3-8-2,82,G
1345-2-4-6-2,82,G
1345-2-4-9-2,82,G
1345-2-5-8-1,82,G
1346-1-1-6-1,82,G
1346-1-1-9-1,82,G
1346-1-2-7-1,82,G
1346-1-2-a-1,82,G
1346-1-3-8-1,82,G
1346-1-4-6-1,82,G
1346-1-4-9-1,82,G
1346-1-5-7-1,82,G
1346-1-5-a-1,82,G
1346-2-1-8-1,82,G
1344-2-2-18-1,82,G
1344-2-3-16-1,82,G
1344-2-3-19-1,82,G
1344-2-4-17-1,82,G
1344-2-5-15-1,82,G
1344-2-5-18-1,82,G
1345-1-1-16-1,82,G
1345-1-1-19-1,82,G
1345-1-2-17-1,82,G
1345-1-3-15-1,82,G
1345-1-3-18-2,82,G
1345-1-4-16-2,82,G
1345-1-4-19-2,82,G
1345-1-5-17-2,82,G
1345-2-1-15-2,82,G
1345-2-1-18-2,82,G
1345-2-2-16-2,82,G
1345-2-2-19-2,82,G
1345-2-3-17-2,82,G
1345-2-4-15-2,82,G
1345-2-4-18-2,82,G
1345-2-5-17-1,82,G
1346-1-1-15-1,82,G
1346-1-1-18-1,82,G
1346-1-2-16-1,82,G
1346-1-2-19-1,82,G
1346-1-3-17-1,82,G
1346-1-4-15-1,82,G
1346-1-4-18-1,82,G
1346-1-5-16-1,82,G
1346-1-5-19-1,82,G
1344-2-7-e-1,82,G
1344-2-8-c-1,82,G
1344-2-8-f-1,82,G
1344-2-9-d-1,82,G
1344-2-a-b-1,82,G
1344-2-a-e-1,82,G
1345-1-6-c-1,82,G
1345-1-6-f-1,82,G
1345-1-7-d-1,82,G
1345-1-8-b-1,82,G
1345-1-8-e-2,82,G
1345-1-9-c-2,82,G
1345-1-9-f-2,82,G
1345-1-a-d-2,82,G
1345-2-6-b-2,82,G
1345-2-6-e-2,82,G
1345-2-7-c-2,82,G
1345-2-7-f-2,82,G
1345-2-8-d-2,82,G
1345-2-9-b-2,82,G
1345-2-9-e-2,82,G
1345-2-a-d-1,82,G
1346-1-6-b-1,82,G
1346-1-6-e-1,82,G
1346-1-7-c-1,82,G
1346-1-7-f-1,82,G
1346-1-8-d-1,82,G
1346-1-9-b-1,82,G
1346-1-9-e-1,82,G
1346-1-a-c-1,82,G
1344-2-c-4-1,82,G
1344-2-d-2-1,82,G
1344-2-d-5-1,82,G
1344-2-e-3-1,82,G
1344-2-f-1-1,82,G
1344-2-f-4-1,82,G
1345-1-b-2-1,82,G
1345-1-b-5-1,82,G
1345-1-c-3-1,82,G
1345-1-d-1-1,82,G
1345-1-d-4-2,82,G
1345-1-e-2-2,82,G
1345-1-e-5-2,82,G
1345-1-f-3-2,82,G
1345-2-b-1-2,82,G
1345-2-b-4-2,82,G
1345-2-c-2-2,82,G
1345-2-c-5-2,82,G
1345-2-d-3-2,82,G
1345-2-e-1-2,82,G
1345-2-e-4-2,82,G
1345-2-f-3-1,82,G
1346-1-b-1-1,82,G
1346-1-b-4-1,82,G
1346-1-c-2-1,82,G
1346-1-c-5-1,82,G
1346-1-d-3-1,82,G
1346-1-e-1-1,82,G
1346-1-e-4-1,82,G
1346-1-f-2-1,82,G
1344-2-c-13-1,82,G
1344-2-d-11-1,82,G
1344-2-d-14-1,82,G
1344-2-e-12-1,82,G
1344-2-f-10-1,82,G
1344-2-f-13-1,82,G
1345-1-b-11-1,82,G
1345-1-b-14-1,82,G
1345-1-c-12-1,82,G
1345-1-d-10-1,82,G
1345-1-d-13-2,82,G
1345-1-e-11-2,82,G
1345-1-e-14-2,82,G
1345-1-f-12-2,82,G
1345-2-b-10-2,82,G
1345-2-b-13-2,82,G
1345-2-c-11-2,82,G
1345-2-c-14-2,82,G
1345-2-d-12-2,82,G
1345-2-e-10-2,82,G
1345-2-e-13-2,82,G
1345-2-f-12-1,82,G
1346-1-b-10-1,82,G
1346-1-b-13-1,82,G
1346-1-c-11-1,82,G
1346-1-c-14-1,82,G
1346-1-d-12-1,82,G
1346-1-e-10-1,82,G
1346-1-e-13-1,82,G
1344-2-11-9-1,82,G
1344-2-12-7-1,82,G
1344-2-12-a-1,82,G
1344-2-13-8-1,82,G
1344-2-14-6-1,82,G
1344-2-14-9-1,82,G
1345-1-10-7-1,82,G
1345-1-10-a-1,82,G
1345-1-11-8-1,82,G
1345-1-12-6-1,82,G
1345-1-12-9-2,82,G
1345-1-13-7-2,82,G
1345-1-13-a-2,82,G
1345-1-14-8-2,82,G
1345-2-10-6-2,82,G
1345-2-10-9-2,82,G
1345-2-11-7-2,82,G
1345-2-11-a-2,82,G
1345-2-12-8-2,82,G
1345-2-13-6-2,82,G
1345-2-13-9-2,82,G
1345-2-14-8-1,82,G
1346-1-10-6-1,82,G
1346-1-10-9-1,82,G
1346-1-11-7-1,82,G
1346-1-11-a-1,82,G
1346-1-12-8-1,82,G
1346-1-13-6-1,82,G
1346-1-13-9-1,82,G
1346-1-14-7-1,82,G
1344-2-11-18-1,82,G
1344-2-12-16-1,82,G
1344-2-12-19-1,82,G
1344-2-13-17-1,82,G
1344-2-14-15-1,82,G
1344-2-14-18-1,82,G
1345-1-10-16-1,82,G
1345-1-10-19-1,82,G
1345-1-11-17-1,82,G
1345-1-12-15-1,82,G
1345-1-12-18-2,82,G
1345-1-13-16-2,82,G
1345-1-13-19-2,82,G
1345-1-14-17-2,82,G
1345-2-10-15-2,82,G
1345-2-10-18-2,82,G
1345-2-11-16-2,82,G
1345-2-11-19-2,82,G
1345-2-12-17-2,82,G
1345-2-13-15-2,82,G
1345-2-13-18-2,82,G
1345-2-14-17-1,82,G
1346-1-10-15-1,82,G
1346-1-10-18-1,82,G
1346-1-11-16-1,82,G
1346-1-11-19-1,82,G
1346-1-12-17-1,82,G
1346-1-13-15-1,82,G
1346-1-13-18-1,82,G
1346-1-14-16-1,82,G
1344-2-16-e-1,82,G
1344-2-17-c-1,82,G
1344-2-17-f-1,82,G
1344-2-18-d-1,82,G
1344-2-19-b-1,82,G
1344-2-19-e-1,82,G
1345-1-15-c-1,82,G
1345-1-15-f-1,82,G
1345-1-16-d-1,82,G
1345-1-17-b-1,82,G
1345-1-17-e-2,82,G
1345-1-18-c-2,82,G
1345-1-18-f-2,82,G
1345-1-19-d-2,82,G
1345-2-15-b-2,82,G
1345-2-15-e-2,82,G
1345-2-16-c-2,82,G
1345-2-16-f-2,82,G
1345-2-17-d-2,82,G
1345-2-18-b-2,82,G
1345-2-18-e-2,82,G
1345-2-19-d-1,82,G
1346-1-15-b-1,82,G
1346-1-15-e-1,82,G
1346-1-16-c-1,82,G
1346-1-16-f-1,82,G
1346-1-17-d-1,82,G
1346-1-18-b-1,82,G
1346-1-18-e-1,82,G
1344-4-3-2-3,82,G
1344-4-3-5-3,82,G
1344-4-4-3-3,82,G
1344-4-5-1-3,82,G
1344-4-5-4-3,82,G
1345-3-1-2-3,82,G
1345-3-1-5-3,82,G
1345-3-2-3-3,82,G
1345-3-3-1-3,82,G
1345-3-3-4-4,82,G
1345-3-4-2-4,82,G
1345-3-4-5-4,82,G
1345-3-5-3-4,82,G
1345-4-1-1-4,82,G
1345-4-1-4-4,82,G
1345-4-2-2-4,82,G
1345-4-2-5-4,82,G
1345-4-3-3-4,82,G
1345-4-4-1-4,82,G
1345-4-4-4-4,82,G
1345-4-5-3-3,82,G
1346-3-1-1-3,82,G
1346-3-1-4-3,82,G
1346-3-2-2-3,82,G
1346-3-2-5-3,82,G
1346-3-3-3-3,82,G
1346-3-4-1-3,82,G
1346-3-4-4-3,82,G
1344-4-3-11-3,82,G
1344-4-3-14-3,82,G
1344-4-4-12-3,82,G
1344-4-5-10-3,82,G
1344-4-5-13-3,82,G
1345-3-1-11-3,82,G
1345-3-1-14-3,82,G
1345-3-2-12-3,82,G
1345-3-3-10-3,82,G
1345-3-3-13-4,82,G
1345-3-4-11-4,82,G
1345-3-4-14-4,82,G
1345-3-5-12-4,82,G
1345-4-1-10-4,82,G
1345-4-1-13-4,82,G
1345-4-2-11-4,82,G
1345-4-2-14-4,82,G
1345-4-3-12-4,82,G
1345-4-4-10-4,82,G
1345-4-4-13-4,82,G
1345-4-5-12-3,82,G
1346-3-1-10-3,82,G
1346-3-1-13-3,82,G
1346-3-2-11-3,82,G
1346-3-2-14-3,82,G
1346-3-3-12-3,82,G
1346-3-4-10-3,82,G
1344-4-8-7-3,82,G
1344-4-8-a-3,82,G
1344-4-9-8-3,82,G
1344-4-a-6-3,82,G
1344-4-a-9-3,82,G
1345-3-6-7-3,82,G
1345-3-6-a-3,82,G
1345-3-7-8-3,82,G
1345-3-8-6-3,82,G
1345-3-8-9-4,82,G
1345-3-9-7-4,82,G
1345-3-9-a-4,82,G
1345-3-a-8-4,82,G
1345-4-6-6-4,82,G
1345-4-6-9-4,82,G
1345-4-7-7-4,82,G
1345-4-7-a-4,82,G
1345-4-8-8-4,82,G
1345-4-9-6-4,82,G
1345-4-9-9-4,82,G
1345-4-a-8-3,82,G
1346-3-6-6-3,82,G
1346-3-6-9-3,82,G
1346-3-7-7-3,82,G
1346-3-7-a-3,82,G
1346-3-8-8-3,82,G
1346-3-9-6-3,82,G
1344-4-8-19-3,82,G
1344-4-9-17-3,82,G
1344-4-a-15-3,82,G
1344-4-a-18-3,82,G
1345-3-6-16-3,82,G
1345-3-6-19-3,82,G
1345-3-7-17-3,82,G
1345-3-8-15-3,82,G
1345-3-8-18-4,82,G
1345-3-9-16-4,82,G
1345-3-9-19-4,82,G
1345-3-a-17-4,82,G
1345-4-6-15-4,82,G
1345-4-6-18-4,82,G
1345-4-7-16-4,82,G
1345-4-7-19-4,82,G
1345-4-8-17-4,82,G
1345-4-9-15-4,82,G
1345-4-9-18-4,82,G
1345-4-a-17-3,82,G
1346-3-6-15-3,82,G
1346-3-6-18-3,82,G
1346-3-7-16-3,82,G
1346-3-7-19-3,82,G
1346-3-8-17-3,82,G
1346-3-9-15-3,82,G
1346-3-9-18-3,82,G
1344-4-d-f-3,82,G
1344-4-e-d-3,82,G
1344-4-f-b-3,82,G
1344-4-f-e-3,82,G
1345-3-b-c-3,82,G
1345-3-b-f-3,82,G
1345-3-c-d-3,82,G
1345-3-d-b-3,82,G
1345-3-d-e-4,82,G
1345-3-e-c-4,82,G
1345-3-e-f-4,82,G
1345-3-f-d-4,82,G
1345-4-b-b-4,82,G
1345-4-b-e-4,82,G
1345-4-c-c-4,82,G
1345-4-c-f-4,82,G
1345-4-d-d-4,82,G
1345-4-e-b-4,82,G
1345-4-e-e-4,82,G
1345-4-f-d-3,82,G
1346-3-b-b-3,82,G
1346-3-b-e-3,82,G
1346-3-c-c-3,82,G
1346-3-c-f-3,82,G
1346-3-d-d-3,82,G
1346-3-e-b-3,82,G
1346-3-e-e-3,82,G
1344-4-12-5-3,82,G
1344-4-13-3-3,82,G
1344-4-14-1-3,82,G
1344-4-14-4-3,82,G
1345-3-10-2-3,82,G
1345-3-10-5-3,82,G
1345-3-11-3-3,82,G
1345-3-12-1-3,82,G
1345-3-12-4-4,82,G
1345-3-13-2-4,82,G
1345-3-13-5-4,82,G
1345-3-14-3-4,82,G
1345-4-10-1-4,82,G
1345-4-10-4-4,82,G
1345-4-11-2-4,82,G
1345-4-11-5-4,82,G
1345-4-12-3-4,82,G
1345-4-13-1-4,82,G
1345-4-13-4-4,82,G
1345-4-14-3-3,82,G
1346-3-10-1-3,82,G
1346-3-10-4-3,82,G
1346-3-11-2-3,82,G
1346-3-11-5-3,82,G
1346-3-12-3-3,82,G
1346-3-13-1-3,82,G
1346-3-13-4-3,82,G
1344-4-12-14-3,82,G
1344-4-13-12-3,82,G
1344-4-14-10-3,82,G
1344-4-14-13-3,82,G
1345-3-10-11-3,82,G
1345-3-10-14-3,82,G
1345-3-11-12-3,82,G
1345-3-12-10-3,82,G
1345-3-12-13-4,82,G
1345-3-13-11-4,82,G
1345-3-13-14-4,82,G
1345-3-14-12-4,82,G
1345-4-10-10-4,82,G
1345-4-10-13-4,82,G
1345-4-11-11-4,82,G
1345-4-11-14-4,82,G
1345-4-12-12-4,82,G
1345-4-13-10-4,82,G
1345-4-13-13-4,82,G
1345-4-14-12-3,82,G
1346-3-10-10-3,82,G
1346-3-10-13-3,82,G
1346-3-11-11-3,82,G
1346-3-11-14-3,82,G
1346-3-12-12-3,82,G
1346-3-13-10-3,82,G
1346-3-13-13-3,82,G
1346-3-14-11-3,82,G
1344-4-17-a-3,82,G
1344-4-18-8-3,82,G
1344-4-19-6-3,82,G
1344-4-19-9-3,82,G
1345-3-15-7-3,82,G
1345-3-15-a-3,82,G
1345-3-16-8-3,82,G
1345-3-17-6-3,82,G
1345-3-17-9-4,82,G
1345-3-18-7-4,82,G
1345-3-18-a-4,82,G
1345-3-19-8-4,82,G
1345-4-15-6-4,82,G
1345-4-15-9-4,82,G
1345-4-16-7-4,82,G
1345-4-16-a-4,82,G
1345-4-17-8-4,82,G
1345-4-18-6-4,82,G
1345-4-18-9-4,82,G
1345-4-19-8-3,82,G
1346-3-15-6-3,82,G
1346-3-15-9-3,82,G
1346-3-16-7-3,82,G
1346-3-16-a-3,82,G
1346-3-17-8-3,82,G
1346-3-18-6-3,82,G
1346-3-18-9-3,82,G
1346-3-19-7-3,82,G
1344-4-17-19-3,82,G
1344-4-18-17-3,82,G
1344-4-19-15-3,82,G
1344-4-19-18-3,82,G
1345-3-15-16-3,82,G
1345-3-15-19-3,82,G
1345-3-16-17-3,82,G
1345-3-17-15-3,82,G
1345-3-17-18-4,82,G
1345-3-18-16-4,82,G
1345-3-18-19-4,82,G
1345-3-19-17-4,82,G
1345-4-15-15-4,82,G
1345-4-15-18-4,82,G
1345-4-16-16-4,82,G
1345-4-16-19-4,82,G
1345-4-17-17-4,82,G
1345-4-18-15-4,82,G
1345-4-18-18-4,82,G
1345-4-19-17-3,82,G
1346-3-15-15-3,82,G
1346-3-15-18-3,82,G
1346-3-16-16-3,82,G
1346-3-16-19-3,82,G
1346-3-17-17-3,82,G
1346-3-18-15-3,82,G
1346-3-18-18-3,82,G
1346-3-19-16-3,82,G
1410-2-3-f-3,82,G
1410-2-4-d-3,82,G
1410-2-5-b-3,82,G
1410-2-5-e-3,82,G
1411-1-1-c-3,82,G
1411-1-1-f-3,82,G
1411-1-2-d-3,82,G
1411-1-3-b-3,82,G
1411-1-3-e-4,82,G
1411-1-4-c-4,82,G
1411-1-4-f-4,82,G
1411-1-5-d-4,82,G
1411-2-1-b-4,82,G
1411-2-1-e-4,82,G
1411-2-2-c-4,82,G
1411-2-2-f-4,82,G
1411-2-3-d-4,82,G
1411-2-4-b-4,82,G
1411-2-4-e-4,82,G
1411-2-5-d-3,82,G
1412-1-1-b-3,82,G
1412-1-1-e-3,82,G
1412-1-2-c-3,82,G
1412-1-2-f-3,82,G
1412-1-3-d-3,82,G
1412-1-4-b-3,82,G
1412-1-4-e-3,82,G
1412-1-5-c-3,82,G
1410-2-8-5-3,82,G
1410-2-9-3-3,82,G
1410-2-a-1-3,82,G
1410-2-a-4-3,82,G
1411-1-6-2-3,82,G
1411-1-6-5-3,82,G
1411-1-7-3-3,82,G
1411-1-8-1-3,82,G
1411-1-8-4-4,82,G
1411-1-9-2-4,82,G
1411-1-9-5-4,82,G
1411-1-a-3-4,82,G
1411-2-6-1-4,82,G
1411-2-6-4-4,82,G
1411-2-7-2-4,82,G
1411-2-9-1-4,82,G
1411-2-9-4-4,82,G
1411-2-a-3-3,82,G
1412-1-6-1-3,82,G
1412-1-6-4-3,82,G
1412-1-7-2-3,82,G
1412-1-7-5-3,82,G
1412-1-8-3-3,82,G
1412-1-9-1-3,82,G
1410-2-8-19-1,82,G
1410-2-9-17-1,82,G
1410-2-a-15-1,82,G
1410-2-a-18-1,82,G
1411-1-6-16-1,82,G
1411-1-6-19-1,82,G
1411-1-7-17-1,82,G
1411-1-8-15-1,82,G
1411-1-8-18-2,82,G
1411-1-9-16-2,82,G
1411-1-9-19-2,82,G
1411-1-a-17-2,82,G
1411-2-6-15-2,82,G
1410-2-e-d-1,82,G
1410-2-f-b-1,82,G
1410-2-f-e-1,82,G
1411-1-d-e-2,82,G
1081-3-12-2-4,83,G
1081-3-12-5-3,83,G
1081-3-13-2-3,83,G
1081-3-13-4-4,83,G
1081-3-14-2-3,83,G
1081-3-14-4-4,83,G
1081-4-10-1-4,83,G
1081-4-10-4-3,83,G
1081-4-11-1-4,83,G
1081-3-11-11-2,83,G
1081-3-11-14-1,83,G
1081-3-12-11-2,83,G
1081-3-12-14-1,83,G
1081-3-13-11-1,83,G
1081-3-13-13-2,83,G
1081-3-14-11-1,83,G
1081-3-14-13-2,83,G
1081-4-10-13-1,83,G
1081-4-11-10-2,83,G
1081-3-15-5-2,83,G
1081-3-16-2-2,83,G
1081-3-16-5-1,83,G
1081-3-17-2-2,83,G
1081-3-17-5-1,83,G
1081-3-18-2-1,83,G
1081-3-18-4-2,83,G
1081-3-19-2-1,83,G
1081-3-15-d-3,83,G
1081-3-15-f-4,83,G
1081-3-16-c-4,83,G
1081-3-16-f-3,83,G
1081-3-17-c-4,83,G
1081-3-17-f-3,83,G
1081-3-18-c-3,83,G
1081-3-18-e-4,83,G
1081-3-19-c-3,83,G
1146-2-5-5-2,83,G
1147-1-1-3-1,83,G
1147-1-1-5-2,83,G
1147-1-2-2-2,83,G
1147-1-2-5-1,83,G
1147-1-3-2-2,83,G
1147-1-3-5-1,83,G
1147-1-4-2-1,83,G
1147-1-4-4-2,83,G
1147-1-5-2-1,83,G
1146-2-5-d-4,83,G
1146-2-5-f-4,83,G
1147-1-1-d-3,83,G
1147-1-1-f-4,83,G
1147-1-2-c-4,83,G
1147-1-2-f-3,83,G
1147-1-3-c-4,83,G
1147-1-3-f-3,83,G
1147-1-4-c-3,83,G
1147-1-4-e-4,83,G
1147-1-5-c-3,83,G
1147-1-5-e-4,83,G
1146-2-5-17-4,83,G
1146-2-5-19-4,83,G
1147-1-1-17-3,83,G
1147-1-1-19-4,83,G
1147-1-2-16-4,83,G
1147-1-2-19-3,83,G
1147-1-3-16-4,83,G
1147-1-3-19-3,83,G
1147-1-4-16-3,83,G
1147-1-4-18-4,83,G
1147-1-5-16-3,83,G
1147-1-5-18-4,83,G
1147-2-1-15-4,83,G
1147-2-1-18-3,83,G
1146-2-a-b-1,83,G
1146-2-a-d-2,83,G
1146-2-a-f-2,83,G
1147-1-6-d-1,83,G
1147-1-6-f-2,83,G
1147-1-7-c-2,83,G
1147-1-7-f-1,83,G
1147-1-8-c-2,83,G
1147-1-8-f-1,83,G
1147-1-9-c-1,83,G
1147-1-9-e-2,83,G
1147-1-a-c-1,83,G
1147-1-a-e-2,83,G
1147-2-6-b-2,83,G
1147-2-6-e-1,83,G
1147-2-7-b-2,83,G
1147-2-7-e-1,83,G
1147-2-8-b-1,83,G
1147-2-8-d-2,83,G
1147-2-9-b-1,83,G
1147-2-9-d-1,83,G
1147-2-9-f-2,83,G
1147-2-a-d-1,83,G
1146-2-a-15-3,83,G
1146-2-a-17-4,83,G
1146-2-a-19-4,83,G
1147-1-6-17-3,83,G
1147-1-6-19-4,83,G
1147-1-7-16-4,83,G
1147-1-7-19-3,83,G
1147-1-8-16-4,83,G
1147-1-8-19-3,83,G
1147-1-9-16-3,83,G
1147-1-9-18-4,83,G
1147-1-a-16-3,83,G
1147-1-a-18-4,83,G
1147-2-6-15-4,83,G
1147-2-6-18-3,83,G
1147-2-7-15-4,83,G
1147-2-7-18-3,83,G
1147-2-8-15-3,83,G
1147-2-8-17-4,83,G
1147-2-9-15-3,83,G
1147-2-9-17-3,83,G
1147-2-9-19-4,83,G
1147-2-a-17-3,83,G
1147-2-a-19-4,83,G
1148-1-6-16-4,83,G
1148-1-6-19-3,83,G
1148-1-7-16-4,83,G
1148-1-7-19-3,83,G
1146-2-e-d-2,83,G
1146-2-f-b-1,83,G
1146-2-f-d-2,83,G
1146-2-f-f-2,83,G
1147-1-b-d-1,83,G
1147-1-b-f-2,83,G
1147-1-c-c-2,83,G
1147-1-c-f-1,83,G
1147-1-d-c-2,83,G
1147-1-d-f-1,83,G
1147-1-e-c-1,83,G
1147-1-e-e-2,83,G
1147-1-f-c-1,83,G
1147-1-f-e-2,83,G
1147-2-b-b-2,83,G
1147-2-b-e-1,83,G
1147-2-c-b-2,83,G
1147-2-c-e-1,83,G
1147-2-d-b-1,83,G
1147-2-d-d-2,83,G
1147-2-e-b-1,83,G
1147-2-e-d-1,83,G
1147-2-e-f-2,83,G
1147-2-f-d-1,83,G
1147-2-f-f-2,83,G
1148-1-b-c-2,83,G
1148-1-b-f-1,83,G
1148-1-c-c-2,83,G
1148-1-c-f-1,83,G
1148-1-d-c-1,83,G
1148-1-d-e-2,83,G
1146-2-e-17-2,83,G
1146-2-f-15-1,83,G
1146-2-f-17-2,83,G
1146-2-f-19-2,83,G
1147-1-b-17-1,83,G
1147-1-b-19-2,83,G
1147-1-c-16-2,83,G
1147-1-c-19-1,83,G
1147-1-d-16-2,83,G
1147-1-d-19-1,83,G
1147-1-e-16-1,83,G
1147-1-e-18-2,83,G
1147-1-f-16-1,83,G
1147-1-f-18-2,83,G
1147-2-b-15-2,83,G
1147-2-b-18-1,83,G
1147-2-c-15-2,83,G
1147-2-c-18-1,83,G
1147-2-d-15-1,83,G
1147-2-d-17-2,83,G
1147-2-e-15-1,83,G
1147-2-e-17-1,83,G
1147-2-e-19-2,83,G
1147-2-f-17-1,83,G
1147-2-f-19-2,83,G
1148-1-b-16-2,83,G
1148-1-b-19-1,83,G
1148-1-c-16-2,83,G
1148-1-c-19-1,83,G
1148-1-d-16-1,83,G
1148-1-d-18-2,83,G
1148-1-e-16-1,83,G
1146-2-13-8-4,83,G
1146-2-14-6-3,83,G
1146-2-14-8-4,83,G
1146-2-14-a-4,83,G
1147-1-10-8-3,83,G
1147-1-10-a-4,83,G
1147-1-11-7-4,83,G
1147-1-11-a-3,83,G
1147-1-12-7-4,83,G
1147-1-12-a-3,83,G
1147-1-13-7-3,83,G
1147-1-13-9-4,83,G
1147-1-14-7-3,83,G
1147-1-14-9-4,83,G
1147-2-10-6-4,83,G
1147-2-10-9-3,83,G
1147-2-11-6-4,83,G
1147-2-11-9-3,83,G
1147-2-12-6-3,83,G
1147-2-12-8-4,83,G
1147-2-13-6-3,83,G
1147-2-13-8-3,83,G
1147-2-13-a-4,83,G
1147-2-14-8-3,83,G
1147-2-14-a-4,83,G
1148-1-10-7-4,83,G
1148-1-10-a-3,83,G
1148-1-11-7-4,83,G
1148-1-11-a-3,83,G
1148-1-12-7-3,83,G
1148-1-12-9-4,83,G
1148-1-13-7-3,83,G
1148-1-13-9-4,83,G
1146-2-13-15-1,83,G
1146-2-13-17-2,83,G
1146-2-14-15-1,83,G
1146-2-14-17-2,83,G
1146-2-14-19-2,83,G
1147-1-10-17-1,83,G
1147-1-10-19-2,83,G
1147-1-11-16-2,83,G
1147-1-11-19-1,83,G
1147-1-12-16-2,83,G
1147-1-12-19-1,83,G
1147-1-13-16-1,83,G
1147-1-13-18-2,83,G
1147-1-14-16-1,83,G
1147-1-14-18-2,83,G
1147-2-10-15-2,83,G
1147-2-10-18-1,83,G
1147-2-11-15-2,83,G
1147-2-11-18-1,83,G
1147-2-12-15-1,83,G
1147-2-12-17-2,83,G
1147-2-13-15-1,83,G
1147-2-13-17-1,83,G
1147-2-13-19-2,83,G
1147-2-14-17-1,83,G
1147-2-14-19-2,83,G
1148-1-10-16-2,83,G
1148-1-10-19-1,83,G
1148-1-11-16-2,83,G
1148-1-11-19-1,83,G
1148-1-12-16-1,83,G
1148-1-12-18-2,83,G
1148-1-13-16-1,83,G
1148-1-13-18-2,83,G
1148-1-14-15-2,83,G
1146-2-18-6-1,83,G
1146-2-18-8-2,83,G
1146-2-19-6-1,83,G
1146-2-19-8-2,83,G
1146-2-19-a-2,83,G
1147-1-15-8-1,83,G
1147-1-15-a-2,83,G
1147-1-16-7-2,83,G
1147-1-16-a-1,83,G
1147-1-17-7-2,83,G
1147-1-17-a-1,83,G
1147-1-18-7-1,83,G
1147-1-18-9-2,83,G
1147-1-19-7-1,83,G
1147-1-19-9-2,83,G
1147-2-15-6-2,83,G
1147-2-15-9-1,83,G
1147-2-16-6-2,83,G
1147-2-16-9-1,83,G
1147-2-17-6-1,83,G
1147-2-17-8-2,83,G
1147-2-18-6-1,83,G
1147-2-18-8-1,83,G
1147-2-18-a-2,83,G
1147-2-19-8-1,83,G
1147-2-19-a-2,83,G
1148-1-15-7-2,83,G
1148-1-15-a-1,83,G
1148-1-16-7-2,83,G
1148-1-16-a-1,83,G
1148-1-17-7-1,83,G
1148-1-17-9-2,83,G
1148-1-18-7-1,83,G
1148-1-18-9-2,83,G
1148-1-19-6-2,83,G
1146-2-17-13-3,83,G
1146-2-18-10-3,83,G
1146-2-18-12-4,83,G
1146-2-19-10-3,83,G
1146-2-19-12-4,83,G
1146-2-19-14-4,83,G
1147-1-15-12-3,83,G
1147-1-15-14-4,83,G
1147-1-16-11-4,83,G
1147-1-16-14-3,83,G
1147-1-17-11-4,83,G
1147-1-17-14-3,83,G
1147-1-18-11-3,83,G
1147-1-18-13-4,83,G
1147-1-19-11-3,83,G
1147-1-19-13-4,83,G
1147-2-15-10-4,83,G
1147-2-15-13-3,83,G
1147-2-16-10-4,83,G
1147-2-16-13-3,83,G
1147-2-17-10-3,83,G
1147-2-17-12-4,83,G
1147-2-18-10-3,83,G
1147-2-18-12-3,83,G
1147-2-18-14-4,83,G
1147-2-19-12-3,83,G
1147-2-19-14-4,83,G
1148-1-15-11-4,83,G
1148-1-15-14-3,83,G
1148-1-16-11-4,83,G
1148-1-16-14-3,83,G
1148-1-17-11-3,83,G
1148-1-17-13-4,83,G
1148-1-18-11-3,83,G
1148-1-18-13-4,83,G
1148-1-19-10-4,83,G
1148-1-19-13-3,83,G
1146-4-3-9-1,83,G
1146-4-4-6-1,83,G
1146-4-4-8-2,83,G
1146-4-5-6-1,83,G
1146-4-5-8-2,83,G
1146-4-5-a-2,83,G
1147-3-1-8-1,83,G
1147-3-1-a-2,83,G
1147-3-2-7-2,83,G
1147-3-2-a-1,83,G
1147-3-3-7-2,83,G
1147-3-3-a-1,83,G
1147-3-4-7-1,83,G
1147-3-4-9-2,83,G
1147-3-5-7-1,83,G
1147-3-5-9-2,83,G
1147-4-1-6-2,83,G
1147-4-1-9-1,83,G
1147-4-2-6-2,83,G
1147-4-2-9-1,83,G
1147-4-3-6-1,83,G
1147-4-3-8-2,83,G
1147-4-4-6-1,83,G
1147-4-4-8-1,83,G
1147-4-4-a-2,83,G
1147-4-5-8-1,83,G
1147-4-5-a-2,83,G
1148-3-1-7-2,83,G
1148-3-1-a-1,83,G
1148-3-2-7-2,83,G
1148-3-2-a-1,83,G
1148-3-3-7-1,83,G
1148-3-3-9-2,83,G
1148-3-4-7-1,83,G
1148-3-4-9-2,83,G
1148-3-5-6-2,83,G
1148-3-5-9-1,83,G
1148-4-1-6-2,83,G
1146-4-3-10-4,83,G
1146-4-3-13-3,83,G
1146-4-4-10-3,83,G
1146-4-4-12-4,83,G
1146-4-5-10-3,83,G
1146-4-5-12-4,83,G
1146-4-5-14-4,83,G
1147-3-1-12-3,83,G
1147-3-1-14-4,83,G
1147-3-2-11-4,83,G
1147-3-2-14-3,83,G
1147-3-3-11-4,83,G
1147-3-3-14-3,83,G
1147-3-4-11-3,83,G
1147-3-4-13-4,83,G
1147-3-5-11-3,83,G
1147-3-5-13-4,83,G
1147-4-1-10-4,83,G
1147-4-1-13-3,83,G
1147-4-2-10-4,83,G
1147-4-2-13-3,83,G
1147-4-3-10-3,83,G
1147-4-3-12-4,83,G
1147-4-4-10-3,83,G
1147-4-4-12-3,83,G
1147-4-4-14-4,83,G
1147-4-5-12-3,83,G
1147-4-5-14-4,83,G
1148-3-1-11-4,83,G
1148-3-1-14-3,83,G
1148-3-2-11-4,83,G
1148-3-2-14-3,83,G
1148-3-3-11-3,83,G
1148-3-3-13-4,83,G
1148-3-4-11-3,83,G
1148-3-4-13-4,83,G
1148-3-5-10-4,83,G
1148-3-5-13-3,83,G
1148-4-1-10-4,83,G
1148-4-1-12-4,83,G
1146-4-7-4-3,83,G
1146-4-8-1-4,83,G
1146-4-8-4-3,83,G
1146-4-9-1-3,83,G
1146-4-9-3-4,83,G
1146-4-a-1-3,83,G
1146-4-a-3-4,83,G
1146-4-a-5-4,83,G
1147-3-6-3-3,83,G
1147-3-6-5-4,83,G
1147-3-7-2-4,83,G
1147-3-7-5-3,83,G
1147-3-8-2-4,83,G
1147-3-8-5-3,83,G
1147-3-9-2-3,83,G
1147-3-9-4-4,83,G
1147-3-a-2-3,83,G
1147-3-a-4-4,83,G
1147-4-6-1-4,83,G
1147-4-6-4-3,83,G
1147-4-7-1-4,83,G
1147-4-7-4-3,83,G
1147-4-8-1-3,83,G
1147-4-8-3-4,83,G
1147-4-9-1-3,83,G
1147-4-9-3-3,83,G
1147-4-9-5-4,83,G
1147-4-a-3-3,83,G
1147-4-a-5-4,83,G
1148-3-6-2-4,83,G
1148-3-6-5-3,83,G
1148-3-7-2-4,83,G
1148-3-7-5-3,83,G
1148-3-8-2-3,83,G
1148-3-8-4-4,83,G
1148-3-9-2-3,83,G
1148-3-9-4-4,83,G
1148-3-a-1-4,83,G
1148-3-a-4-3,83,G
1148-4-6-1-4,83,G
1148-4-6-3-4,83,G
1146-4-7-13-1,83,G
1146-4-8-10-2,83,G
1146-4-8-13-1,83,G
1146-4-9-10-1,83,G
1146-4-9-12-2,83,G
1146-4-a-10-1,83,G
1146-4-a-12-2,83,G
1146-4-a-14-2,83,G
1147-3-6-12-1,83,G
1147-3-6-14-2,83,G
1147-3-7-11-2,83,G
1147-3-7-14-1,83,G
1147-3-8-11-2,83,G
1147-3-8-14-1,83,G
1147-3-9-11-1,83,G
1147-3-9-13-2,83,G
1147-3-a-11-1,83,G
1147-3-a-13-2,83,G
1147-4-6-10-2,83,G
1147-4-6-13-1,83,G
1147-4-7-10-2,83,G
1147-4-7-13-1,83,G
1147-4-8-10-1,83,G
1147-4-8-12-2,83,G
1147-4-9-10-1,83,G
1147-4-9-12-1,83,G
1147-4-9-14-2,83,G
1147-4-a-12-1,83,G
1147-4-a-14-2,83,G
1148-3-6-11-2,83,G
1148-3-6-14-1,83,G
1148-3-7-11-2,83,G
1148-3-7-14-1,83,G
1148-3-8-11-1,83,G
1148-3-8-13-2,83,G
1148-3-9-11-1,83,G
1148-3-9-13-2,83,G
1148-3-a-10-2,83,G
1148-3-a-13-1,83,G
1148-4-6-10-2,83,G
1148-4-6-12-2,83,G
1148-4-7-10-1,83,G
1146-4-c-4-3,83,G
1146-4-d-1-4,83,G
1146-4-d-4-3,83,G
1146-4-e-1-3,83,G
1146-4-e-3-4,83,G
1146-4-f-1-3,83,G
1146-4-f-3-4,83,G
1146-4-f-5-4,83,G
1147-3-b-3-3,83,G
1147-3-b-5-4,83,G
1147-3-c-2-4,83,G
1147-3-c-5-3,83,G
1147-3-d-2-4,83,G
1147-3-d-5-3,83,G
1147-3-e-2-3,83,G
1147-3-e-4-4,83,G
1147-3-f-2-3,83,G
1147-3-f-4-4,83,G
1147-4-b-1-4,83,G
1147-4-b-4-3,83,G
1147-4-c-1-4,83,G
1147-4-c-4-3,83,G
1147-4-d-1-3,83,G
1147-4-d-3-4,83,G
1147-4-e-1-3,83,G
1147-4-e-3-3,83,G
1147-4-e-5-4,83,G
1147-4-f-3-3,83,G
1147-4-f-5-4,83,G
1148-3-b-2-4,83,G
1148-3-b-5-3,83,G
1148-3-c-2-4,83,G
1148-3-c-5-3,83,G
1148-3-d-2-3,83,G
1148-3-d-4-4,83,G
1148-3-e-2-3,83,G
1148-3-e-4-4,83,G
1148-3-f-1-4,83,G
1148-3-f-4-3,83,G
1148-4-b-1-4,83,G
1148-4-b-3-4,83,G
1148-4-c-1-3,83,G
1146-4-d-10-2,83,G
1146-4-d-13-1,83,G
1146-4-e-10-1,83,G
1146-4-e-12-2,83,G
1146-4-f-10-1,83,G
1146-4-f-12-2,83,G
1146-4-f-14-2,83,G
1147-3-b-12-1,83,G
1147-3-b-14-2,83,G
1147-3-c-11-2,83,G
1147-3-c-14-1,83,G
1147-3-d-11-2,83,G
1147-3-d-14-1,83,G
1147-3-e-11-1,83,G
1147-3-e-13-2,83,G
1147-3-f-11-1,83,G
1147-3-f-13-2,83,G
1147-4-b-10-2,83,G
1147-4-b-13-1,83,G
1147-4-c-10-2,83,G
1147-4-c-13-1,83,G
1147-4-d-10-1,83,G
1147-4-d-12-2,83,G
1147-4-e-10-1,83,G
1147-4-e-12-1,83,G
1147-4-e-14-2,83,G
1147-4-f-12-1,83,G
1147-4-f-14-2,83,G
1148-3-b-11-2,83,G
1148-3-b-14-1,83,G
1148-3-c-11-2,83,G
1148-3-c-14-1,83,G
1148-3-d-11-1,83,G
1148-3-d-13-2,83,G
1148-3-e-11-1,83,G
1148-3-e-13-2,83,G
1148-3-f-10-2,83,G
1148-3-f-13-1,83,G
1148-4-b-10-2,83,G
1148-4-b-12-2,83,G
1148-4-c-10-1,83,G
1148-4-c-12-2,83,G
1146-4-12-1-2,83,G
1146-4-12-4-1,83,G
1146-4-13-1-1,83,G
1146-4-13-3-2,83,G
1146-4-14-1-1,83,G
1146-4-14-3-2,83,G
1146-4-14-5-2,83,G
1147-3-10-3-1,83,G
1147-3-10-5-2,83,G
1147-3-11-2-2,83,G
1147-3-11-5-1,83,G
1147-3-12-2-2,83,G
1147-3-12-5-1,83,G
1147-3-13-2-1,83,G
1147-3-13-4-2,83,G
1147-3-14-2-1,83,G
1147-3-14-4-2,83,G
1147-4-10-1-2,83,G
1147-4-10-4-1,83,G
1147-4-11-1-2,83,G
1147-4-11-4-1,83,G
1147-4-12-1-1,83,G
1147-4-12-3-2,83,G
1147-4-13-1-1,83,G
1147-4-13-3-1,83,G
1147-4-13-5-2,83,G
1147-4-14-3-1,83,G
1147-4-14-5-2,83,G
1148-3-10-2-2,83,G
1148-3-10-5-1,83,G
1148-3-11-2-2,83,G
1148-3-11-5-1,83,G
1148-3-12-2-1,83,G
1148-3-12-4-2,83,G
1148-3-13-2-1,83,G
1148-3-13-4-2,83,G
1148-3-14-1-2,83,G
1148-3-14-4-1,83,G
1148-4-10-1-2,83,G
1148-4-10-3-2,83,G
1148-4-11-1-1,83,G
1148-4-11-3-2,83,G
1146-4-12-e-3,83,G
1146-4-13-b-3,83,G
1146-4-13-d-4,83,G
1146-4-14-b-3,83,G
1146-4-14-d-4,83,G
1146-4-14-f-4,83,G
1147-3-10-d-3,83,G
1147-3-10-f-4,83,G
1147-3-11-c-4,83,G
1147-3-11-f-3,83,G
1147-3-12-c-4,83,G
1147-3-12-f-3,83,G
1147-3-13-c-3,83,G
1147-3-13-e-4,83,G
1147-3-14-c-3,83,G
1147-3-14-e-4,83,G
1147-4-10-b-4,83,G
1147-4-10-e-3,83,G
1147-4-11-b-4,83,G
1147-4-11-e-3,83,G
1147-4-12-b-3,83,G
1147-4-12-d-4,83,G
1147-4-13-b-3,83,G
1147-4-13-d-3,83,G
1147-4-13-f-4,83,G
1147-4-14-d-3,83,G
1147-4-14-f-4,83,G
1148-3-10-c-4,83,G
1148-3-10-f-3,83,G
1148-3-11-c-4,83,G
1148-3-11-f-3,83,G
1148-3-12-c-3,83,G
1148-3-12-e-4,83,G
1148-3-13-c-3,83,G
1148-3-13-e-4,83,G
1148-3-14-b-4,83,G
1148-3-14-e-3,83,G
1148-4-10-b-4,83,G
1148-4-10-d-4,83,G
1148-4-11-b-3,83,G
1148-4-11-d-4,83,G
1148-4-12-b-3,83,G
1146-4-17-4-1,83,G
1146-4-18-1-1,83,G
1146-4-18-3-2,83,G
1146-4-19-1-1,83,G
1146-4-19-3-2,83,G
1146-4-19-5-2,83,G
1147-3-15-3-1,83,G
1147-3-15-5-2,83,G
1147-3-16-2-2,83,G
1147-3-16-5-1,83,G
1147-3-17-2-2,83,G
1147-3-17-5-1,83,G
1147-3-18-2-1,83,G
1147-3-18-4-2,83,G
1147-3-19-2-1,83,G
1147-3-19-4-2,83,G
1147-4-15-1-2,83,G
1147-4-15-4-1,83,G
1147-4-16-1-2,83,G
1147-4-16-4-1,83,G
1147-4-17-1-1,83,G
1147-4-17-3-2,83,G
1147-4-18-1-1,83,G
1147-4-18-3-1,83,G
1147-4-18-5-2,83,G
1147-4-19-3-1,83,G
1147-4-19-5-2,83,G
1148-3-15-2-2,83,G
1148-3-15-5-1,83,G
1148-3-16-2-2,83,G
1148-3-16-5-1,83,G
1148-3-17-2-1,83,G
1148-3-17-4-2,83,G
1148-3-18-2-1,83,G
1148-3-18-4-2,83,G
1148-3-19-1-2,83,G
1148-3-19-4-1,83,G
1148-4-15-1-2,83,G
1148-4-15-3-2,83,G
1148-4-16-1-1,83,G
1148-4-16-3-2,83,G
1148-4-17-1-1,83,G
1148-4-17-3-1,83,G
1146-4-17-e-1,83,G
1146-4-18-b-1,83,G
1146-4-18-d-2,83,G
1146-4-19-b-1,83,G
1146-4-19-d-2,83,G
1146-4-19-f-2,83,G
1147-3-15-d-1,83,G
1147-3-15-f-2,83,G
1147-3-16-c-2,83,G
1147-3-16-f-1,83,G
1147-3-17-c-2,83,G
1147-3-17-f-1,83,G
1147-3-18-c-1,83,G
1147-3-18-e-2,83,G
1147-3-19-c-1,83,G
1147-3-19-e-2,83,G
1147-4-15-b-2,83,G
1147-4-15-e-1,83,G
1147-4-16-b-2,83,G
1147-4-16-e-1,83,G
1147-4-17-b-1,83,G
1147-4-17-d-2,83,G
1147-4-18-b-1,83,G
1147-4-18-d-1,83,G
1147-4-18-f-2,83,G
1147-4-19-d-1,83,G
1147-4-19-f-2,83,G
1148-3-15-c-2,83,G
1148-3-15-f-1,83,G
1148-3-16-c-2,83,G
1148-3-16-f-1,83,G
1148-3-17-c-1,83,G
1148-3-17-e-2,83,G
1148-3-18-c-1,83,G
1148-3-18-e-2,83,G
1148-3-19-b-2,83,G
1148-3-19-e-1,83,G
1148-4-15-b-2,83,G
1148-4-15-d-2,83,G
1148-4-16-b-1,83,G
1148-4-16-d-2,83,G
1148-4-17-b-1,83,G
1148-4-17-d-1,83,G
1146-4-17-18-3,83,G
1146-4-18-15-3,83,G
1146-4-18-17-4,83,G
1146-4-19-15-3,83,G
1146-4-19-17-4,83,G
1146-4-19-19-4,83,G
1147-3-15-17-3,83,G
1147-3-15-19-4,83,G
1147-3-16-16-4,83,G
1147-3-16-19-3,83,G
1147-3-17-16-4,83,G
1147-3-17-19-3,83,G
1147-3-18-16-3,83,G
1147-3-18-18-4,83,G
1147-3-19-16-3,83,G
1147-3-19-18-4,83,G
1147-4-15-15-4,83,G
1147-4-15-18-3,83,G
1147-4-16-15-4,83,G
1147-4-16-18-3,83,G
1147-4-17-15-3,83,G
1147-4-17-17-4,83,G
1147-4-18-15-3,83,G
1147-4-18-17-3,83,G
1147-4-18-19-4,83,G
1147-4-19-17-3,83,G
1147-4-19-19-4,83,G
1148-3-15-16-4,83,G
1148-3-15-19-3,83,G
1148-3-16-16-4,83,G
1148-3-16-19-3,83,G
1148-3-17-16-3,83,G
1148-3-17-18-4,83,G
1148-3-18-16-3,83,G
1148-3-18-18-4,83,G
1148-3-19-15-4,83,G
1148-3-19-18-3,83,G
1148-4-15-15-4,83,G
1148-4-15-17-4,83,G
1148-4-16-15-3,83,G
1148-4-16-17-4,83,G
1148-4-17-15-3,83,G
1148-4-17-17-3,83,G
1148-4-17-19-4,83,G
1212-2-3-e-1,83,G
1212-2-4-b-1,83,G
1212-2-4-d-2,83,G
1212-2-5-b-1,83,G
1212-2-5-d-2,83,G
1212-2-5-f-2,83,G
1213-1-1-d-1,83,G
1213-1-1-f-2,83,G
1213-1-2-c-2,83,G
1213-1-2-f-1,83,G
1213-1-3-c-2,83,G
1213-1-3-f-1,83,G
1213-1-4-c-1,83,G
1213-1-4-e-2,83,G
1213-1-5-c-1,83,G
1213-1-5-e-2,83,G
1213-2-1-b-2,83,G
1213-2-1-e-1,83,G
1213-2-2-b-2,83,G
1213-2-2-e-1,83,G
1213-2-3-b-1,83,G
1213-2-3-d-2,83,G
1213-2-4-b-1,83,G
1213-2-4-d-1,83,G
1213-2-4-f-2,83,G
1213-2-5-d-1,83,G
1213-2-5-f-2,83,G
1214-1-1-c-2,83,G
1214-1-1-f-1,83,G
1214-1-2-c-2,83,G
1214-1-2-f-1,83,G
1214-1-3-c-1,83,G
1214-1-3-e-2,83,G
1214-1-4-c-1,83,G
1214-1-4-e-2,83,G
1214-1-5-b-2,83,G
1214-1-5-e-1,83,G
1214-2-1-b-2,83,G
1214-2-1-d-2,83,G
1214-2-2-b-1,83,G
1214-2-2-d-2,83,G
1214-2-3-b-1,83,G
1214-2-3-d-1,83,G
1214-2-3-f-2,83,G
1212-2-3-15-4,83,G
1212-2-3-18-3,83,G
1212-2-4-15-3,83,G
1212-2-4-17-4,83,G
1212-2-5-15-3,83,G
1212-2-5-17-4,83,G
1212-2-5-19-4,83,G
1213-1-1-17-3,83,G
1213-1-1-19-4,83,G
1213-1-2-16-4,83,G
1213-1-2-19-3,83,G
1213-1-3-16-4,83,G
1213-1-3-19-3,83,G
1213-1-4-16-3,83,G
1213-1-4-18-4,83,G
1213-1-5-16-3,83,G
1213-1-5-18-4,83,G
1213-2-1-15-4,83,G
1213-2-1-18-3,83,G
1213-2-2-15-4,83,G
1213-2-2-18-3,83,G
1213-2-3-15-3,83,G
1213-2-3-17-4,83,G
1213-2-4-15-3,83,G
1213-2-4-17-3,83,G
1213-2-4-19-4,83,G
1213-2-5-17-3,83,G
1213-2-5-19-4,83,G
1214-1-1-16-4,83,G
1214-1-1-19-3,83,G
1214-1-2-16-4,83,G
1214-1-2-19-3,83,G
1214-1-3-16-3,83,G
1214-1-3-18-4,83,G
1214-1-4-16-3,83,G
1214-1-4-18-4,83,G
1214-1-5-15-4,83,G
1214-1-5-18-3,83,G
1214-2-1-15-4,83,G
1214-2-1-17-4,83,G
1214-2-2-15-3,83,G
1214-2-2-17-4,83,G
1214-2-3-15-3,83,G
1214-2-3-17-3,83,G
1214-2-3-19-4,83,G
1212-2-8-6-4,83,G
1212-2-8-9-3,83,G
1212-2-9-6-3,83,G
1212-2-9-8-4,83,G
1212-2-a-6-3,83,G
1212-2-a-8-4,83,G
1212-2-a-a-4,83,G
1213-1-6-8-3,83,G
1213-1-6-a-4,83,G
1213-1-7-7-4,83,G
1213-1-7-a-3,83,G
1213-1-8-7-4,83,G
1213-1-8-a-3,83,G
1213-1-9-7-3,83,G
1213-1-9-9-4,83,G
1213-1-a-7-3,83,G
1213-1-a-9-4,83,G
1213-2-6-6-4,83,G
1213-2-6-9-3,83,G
1213-2-7-6-4,83,G
1213-2-7-9-3,83,G
1213-2-8-6-3,83,G
1213-2-8-8-4,83,G
1213-2-9-6-3,83,G
1213-2-9-8-3,83,G
1213-2-9-a-4,83,G
1213-2-a-8-3,83,G
1213-2-a-a-4,83,G
1214-1-6-7-4,83,G
1214-1-6-a-3,83,G
1214-1-7-7-4,83,G
1214-1-7-a-3,83,G
1214-1-8-7-3,83,G
1214-1-8-9-4,83,G
1214-1-9-7-3,83,G
1214-1-9-9-4,83,G
1214-1-a-6-4,83,G
1214-1-a-9-3,83,G
1214-2-6-6-4,83,G
1214-2-6-8-4,83,G
1214-2-7-6-3,83,G
1214-2-7-8-4,83,G
1214-2-8-6-3,83,G
1214-2-8-8-3,83,G
1214-2-8-a-4,83,G
1212-2-7-18-1,83,G
1212-2-8-15-2,83,G
1212-2-8-18-1,83,G
1212-2-9-15-1,83,G
1212-2-9-17-2,83,G
1212-2-a-15-1,83,G
1212-2-a-17-2,83,G
1212-2-a-19-2,83,G
1213-1-6-17-1,83,G
1213-1-6-19-2,83,G
1213-1-7-16-2,83,G
1213-1-7-19-1,83,G
1213-1-8-16-2,83,G
1213-1-8-19-1,83,G
1213-1-9-16-1,83,G
1213-1-9-18-2,83,G
1213-1-a-16-1,83,G
1213-1-a-18-2,83,G
1213-2-6-15-2,83,G
1213-2-6-18-1,83,G
1213-2-7-15-2,83,G
1213-2-7-18-1,83,G
1213-2-8-15-1,83,G
1213-2-8-17-2,83,G
1213-2-9-15-1,83,G
1213-2-9-17-1,83,G
1213-2-9-19-2,83,G
1213-2-a-17-1,83,G
1213-2-a-19-2,83,G
1214-1-6-16-2,83,G
1214-1-6-19-1,83,G
1214-1-7-16-2,83,G
1214-1-7-19-1,83,G
1214-1-8-16-1,83,G
1214-1-8-18-2,83,G
1214-1-9-16-1,83,G
1214-1-9-18-2,83,G
1214-1-a-15-2,83,G
1214-1-a-18-1,83,G
1214-2-6-15-2,83,G
1214-2-6-17-2,83,G
1214-2-7-15-1,83,G
1214-2-7-17-2,83,G
1214-2-8-15-1,83,G
1214-2-8-17-1,83,G
1214-2-8-19-2,83,G
1214-2-9-17-1,83,G
1212-2-c-6-4,83,G
1212-2-c-9-3,83,G
1212-2-d-6-4,83,G
1212-2-d-9-3,83,G
1212-2-e-6-3,83,G
1212-2-e-8-4,83,G
1212-2-f-6-3,83,G
1212-2-f-8-4,83,G
1212-2-f-a-4,83,G
1213-1-b-8-3,83,G
1213-1-b-a-4,83,G
1213-1-c-7-4,83,G
1213-1-c-a-3,83,G
1213-1-d-7-4,83,G
1213-1-d-a-3,83,G
1213-1-e-7-3,83,G
1213-1-e-9-4,83,G
1213-1-f-7-3,83,G
1213-1-f-9-4,83,G
1213-2-b-6-4,83,G
1213-2-b-9-3,83,G
1213-2-c-6-4,83,G
1213-2-c-9-3,83,G
1213-2-d-6-3,83,G
1213-2-d-8-4,83,G
1213-2-e-6-3,83,G
1213-2-e-8-3,83,G
1213-2-e-a-4,83,G
1213-2-f-8-3,83,G
1213-2-f-a-4,83,G
1214-1-b-7-4,83,G
1214-1-b-a-3,83,G
1214-1-c-7-4,83,G
1214-1-c-a-3,83,G
1214-1-d-7-3,83,G
1214-1-d-9-4,83,G
1214-1-e-7-3,83,G
1214-1-e-9-4,83,G
1214-1-f-6-4,83,G
1214-1-f-9-3,83,G
1214-2-b-6-4,83,G
1214-2-b-8-4,83,G
1214-2-c-6-3,83,G
1214-2-c-8-4,83,G
1214-2-d-6-3,83,G
1214-2-d-8-3,83,G
1214-2-d-a-4,83,G
1214-2-e-8-3,83,G
1212-2-c-15-2,83,G
1212-2-c-18-1,83,G
1212-2-d-15-2,83,G
1212-2-d-18-1,83,G
1212-2-e-15-1,83,G
1212-2-e-17-2,83,G
1212-2-f-15-1,83,G
1212-2-f-17-2,83,G
1212-2-f-19-2,83,G
1213-1-b-17-1,83,G
1213-1-b-19-2,83,G
1213-1-c-16-2,83,G
1213-1-c-19-1,83,G
1213-1-d-16-2,83,G
1213-1-d-19-1,83,G
1213-1-e-16-1,83,G
1213-1-e-18-2,83,G
1213-1-f-16-1,83,G
1213-1-f-18-2,83,G
1213-2-b-15-2,83,G
1213-2-b-18-1,83,G
1213-2-c-15-2,83,G
1213-2-c-18-1,83,G
1213-2-d-15-1,83,G
1213-2-d-17-2,83,G
1213-2-e-15-1,83,G
1213-2-e-17-1,83,G
1213-2-e-19-2,83,G
1213-2-f-17-1,83,G
1213-2-f-19-2,83,G
1214-1-b-16-2,83,G
1214-1-b-19-1,83,G
1214-1-c-16-2,83,G
1214-1-c-19-1,83,G
1214-1-d-16-1,83,G
1214-1-d-18-2,83,G
1214-1-e-16-1,83,G
1214-1-e-18-2,83,G
1214-1-f-15-2,83,G
1214-1-f-18-1,83,G
1214-2-b-15-2,83,G
1214-2-b-17-2,83,G
1214-2-c-15-1,83,G
1214-2-c-17-2,83,G
1214-2-d-15-1,83,G
1214-2-d-17-1,83,G
1214-2-d-19-2,83,G
1212-2-10-9-2,83,G
1212-2-11-6-2,83,G
1212-2-11-9-1,83,G
1212-2-12-6-2,83,G
1212-2-12-9-1,83,G
1212-2-13-6-1,83,G
1212-2-13-8-2,83,G
1212-2-14-6-1,83,G
1212-2-14-8-2,83,G
1212-2-14-a-2,83,G
1213-1-10-8-1,83,G
1213-1-10-a-2,83,G
1213-1-11-7-2,83,G
1213-1-11-a-1,83,G
1213-1-12-7-2,83,G
1213-1-12-a-1,83,G
1213-1-13-7-1,83,G
1213-1-13-9-2,83,G
1213-1-14-7-1,83,G
1213-1-14-9-2,83,G
1213-2-10-6-2,83,G
1213-2-10-9-1,83,G
1213-2-11-6-2,83,G
1213-2-11-9-1,83,G
1213-2-12-6-1,83,G
1213-2-12-8-2,83,G
1213-2-13-6-1,83,G
1213-2-13-8-1,83,G
1213-2-13-a-2,83,G
1213-2-14-8-1,83,G
1213-2-14-a-2,83,G
1214-1-10-7-2,83,G
1214-1-10-a-1,83,G
1214-1-11-7-2,83,G
1214-1-11-a-1,83,G
1214-1-12-7-1,83,G
1214-1-12-9-2,83,G
1214-1-13-7-1,83,G
1214-1-13-9-2,83,G
1214-1-14-6-2,83,G
1214-1-14-9-1,83,G
1214-2-10-6-2,83,G
1214-2-10-8-2,83,G
1214-2-11-6-1,83,G
1214-2-11-8-2,83,G
1214-2-12-6-1,83,G
1214-2-12-8-1,83,G
1214-2-12-a-2,83,G
1212-2-10-11-3,83,G
1212-2-10-13-4,83,G
1212-2-11-10-4,83,G
1212-2-11-13-3,83,G
1212-2-12-10-4,83,G
1212-2-12-13-3,83,G
1212-2-13-10-3,83,G
1212-2-13-12-4,83,G
1212-2-14-10-3,83,G
1212-2-14-12-4,83,G
1212-2-14-14-4,83,G
1213-1-10-12-3,83,G
1213-1-10-14-4,83,G
1213-1-11-11-4,83,G
1213-1-11-14-3,83,G
1213-1-12-11-4,83,G
1213-1-12-14-3,83,G
1213-1-13-11-3,83,G
1213-1-13-13-4,83,G
1213-1-14-11-3,83,G
1213-1-14-13-4,83,G
1213-2-10-10-4,83,G
1213-2-10-13-3,83,G
1213-2-11-10-4,83,G
1213-2-11-13-3,83,G
1213-2-12-10-3,83,G
1213-2-12-12-4,83,G
1213-2-13-10-3,83,G
1213-2-13-12-3,83,G
1213-2-13-14-4,83,G
1213-2-14-12-3,83,G
1213-2-14-14-4,83,G
1214-1-10-11-4,83,G
1214-1-10-14-3,83,G
1214-1-11-11-4,83,G
1214-1-11-14-3,83,G
1214-1-12-11-3,83,G
1214-1-12-13-4,83,G
1214-1-13-11-3,83,G
1214-1-13-13-4,83,G
1214-2-10-12-4,83,G
1214-2-11-10-3,83,G
1214-2-11-12-4,83,G
1214-2-12-10-3,83,G
1214-2-12-12-3,83,G
1214-2-12-14-4,83,G
1212-1-19-9-2,83,G
1212-2-15-7-1,83,G
1212-2-15-9-2,83,G
1212-2-16-6-2,83,G
1212-2-16-9-1,83,G
1212-2-17-6-2,83,G
1212-2-17-9-1,83,G
1212-2-18-6-1,83,G
1212-2-18-8-2,83,G
1212-2-19-6-1,83,G
1212-2-19-8-2,83,G
1212-2-19-a-2,83,G
1213-1-15-8-1,83,G
1213-1-15-a-2,83,G
1213-1-16-7-2,83,G
1213-1-16-a-1,83,G
1213-1-17-7-2,83,G
1213-1-17-a-1,83,G
1213-1-18-7-1,83,G
1213-1-18-9-2,83,G
1213-1-19-7-1,83,G
1213-1-19-9-2,83,G
1213-2-15-6-2,83,G
1213-2-15-9-1,83,G
1213-2-16-6-2,83,G
1213-2-16-9-1,83,G
1213-2-17-6-1,83,G
1213-2-17-8-2,83,G
1213-2-18-6-1,83,G
1213-2-18-8-1,83,G
1213-2-18-a-2,83,G
1213-2-19-8-1,83,G
1213-2-19-a-2,83,G
1214-1-15-7-2,83,G
1214-1-15-a-1,83,G
1214-1-16-7-2,83,G
1214-1-16-a-1,83,G
1214-1-17-7-1,83,G
1214-1-17-9-2,83,G
1214-1-18-7-1,83,G
1214-2-16-6-1,83,G
1214-2-16-8-2,83,G
1214-2-17-6-1,83,G
1214-2-17-8-1,83,G
1214-2-17-a-2,83,G
1212-1-19-13-4,83,G
1212-2-15-11-3,83,G
1212-2-15-13-4,83,G
1212-2-16-10-4,83,G
1212-2-16-13-3,83,G
1212-2-17-10-4,83,G
1212-2-17-13-3,83,G
1212-2-18-10-3,83,G
1212-2-18-12-4,83,G
1212-2-19-10-3,83,G
1212-2-19-12-4,83,G
1212-2-19-14-4,83,G
1213-1-15-12-3,83,G
1213-1-15-14-4,83,G
1213-1-16-11-4,83,G
1213-1-16-14-3,83,G
1213-1-17-11-4,83,G
1213-1-17-14-3,83,G
1213-1-18-11-3,83,G
1213-1-18-13-4,83,G
1213-1-19-11-3,83,G
1213-1-19-13-4,83,G
1213-2-15-10-4,83,G
1213-2-15-13-3,83,G
1213-2-16-10-4,83,G
1213-2-16-13-3,83,G
1213-2-17-10-3,83,G
1213-2-17-12-4,83,G
1213-2-18-10-3,83,G
1213-2-18-12-3,83,G
1213-2-18-14-4,83,G
1213-2-19-12-3,83,G
1213-2-19-14-4,83,G
1214-1-15-11-4,83,G
1214-1-15-14-3,83,G
1214-1-16-11-4,83,G
1214-1-16-14-3,83,G
1214-1-17-11-3,83,G
1214-1-17-13-4,83,G
1214-2-16-10-3,83,G
1214-2-16-12-4,83,G
1214-2-17-10-3,83,G
1214-2-17-12-3,83,G
1212-3-5-4-4,83,G
1212-4-1-2-3,83,G
1212-4-1-4-4,83,G
1212-4-3-4-3,83,G
1212-4-4-1-3,83,G
1212-4-4-3-4,83,G
1212-4-5-1-3,83,G
1212-4-5-3-4,83,G
1212-4-5-5-4,83,G
1213-3-1-3-3,83,G
1213-3-1-5-4,83,G
1213-3-2-2-4,83,G
1213-3-2-5-3,83,G
1213-3-3-2-4,83,G
1213-3-3-5-3,83,G
1213-3-4-2-3,83,G
1213-3-4-4-4,83,G
1213-3-5-2-3,83,G
1213-3-5-4-4,83,G
1213-4-1-1-4,83,G
1213-4-1-4-3,83,G
1213-4-2-1-4,83,G
1213-4-2-4-3,83,G
1213-4-3-1-3,83,G
1213-4-3-3-4,83,G
1213-4-4-1-3,83,G
1213-4-4-3-3,83,G
1213-4-4-5-4,83,G
1213-4-5-3-3,83,G
1213-4-5-5-4,83,G
1214-3-1-2-4,83,G
1214-3-1-5-3,83,G
1214-3-2-2-4,83,G
1214-3-2-5-3,83,G
1214-3-3-2-3,83,G
1214-4-2-1-3,83,G
1214-4-2-3-4,83,G
1214-4-3-1-3,83,G
1212-4-5-12-2,83,G
1212-4-5-14-2,83,G
1213-3-1-12-1,83,G
1213-3-1-14-2,83,G
1213-3-2-11-2,83,G
1213-3-2-14-1,83,G
1213-3-3-11-2,83,G
1213-3-3-14-1,83,G
1213-3-4-11-1,83,G
1213-3-4-13-2,83,G
1213-3-5-11-1,83,G
1213-3-5-13-2,83,G
1213-4-1-10-2,83,G
1213-4-1-13-1,83,G
1213-4-2-10-2,83,G
1213-4-2-13-1,83,G
1213-4-3-10-1,83,G
1213-4-3-12-2,83,G
1213-4-4-10-1,83,G
1213-4-4-12-1,83,G
1213-4-4-14-2,83,G
1213-4-5-12-1,83,G
1213-4-5-14-2,83,G
1214-3-1-11-2,83,G
1214-3-1-14-1,83,G
1214-3-2-11-2,83,G
1214-3-2-14-1,83,G
1214-4-2-10-1,83,G
1214-4-2-12-2,83,G
1214-4-3-10-1,83,G
1213-3-6-3-3,83,G
1213-3-6-5-4,83,G
1213-3-7-2-4,83,G
1213-3-7-5-3,83,G
1213-3-8-2-4,83,G
1213-3-8-5-3,83,G
1213-3-9-2-3,83,G
1213-3-9-4-4,83,G
1213-3-a-2-3,83,G
1213-3-a-4-4,83,G
1213-4-6-1-4,83,G
1213-4-6-4-3,83,G
1213-4-7-1-4,83,G
1213-4-7-4-3,83,G
1213-4-8-1-3,83,G
1213-4-8-3-4,83,G
1213-4-9-1-3,83,G
1213-4-9-3-3,83,G
1213-4-9-5-4,83,G
1213-4-a-3-3,83,G
1213-4-a-5-4,83,G
1214-3-6-2-4,83,G
1214-3-6-5-3,83,G
1214-3-7-2-4,83,G
1214-4-7-3-4,83,G
1213-3-6-d-3,83,G
1213-3-6-f-4,83,G
1213-3-7-c-4,83,G
1213-3-7-f-3,83,G
1213-3-8-c-4,83,G
1213-3-8-f-3,83,G
1213-3-9-c-3,83,G
1213-3-9-e-4,83,G
1213-3-a-c-3,83,G
1213-3-a-e-4,83,G
1213-4-6-b-4,83,G
1213-4-6-e-3,83,G
1213-4-7-b-4,83,G
1213-4-7-e-3,83,G
1213-4-8-b-3,83,G
1213-4-8-d-4,83,G
1213-4-9-b-3,83,G
1213-4-9-d-3,83,G
1213-4-9-f-4,83,G
1213-4-a-d-3,83,G
1213-4-a-f-4,83,G
1214-3-6-c-4,83,G
1213-3-e-4-2,83,G
1213-3-f-2-1,83,G
1213-3-f-4-2,83,G
1213-4-b-1-2,83,G
1213-4-b-4-1,83,G
1213-4-c-1-2,83,G
1213-4-c-4-1,83,G
1213-4-d-1-1,83,G
1213-4-d-3-2,83,G
1213-4-e-1-1,83,G
1213-4-e-3-1,83,G
1213-3-f-e-4,83,G
1213-4-b-b-4,83,G
1213-4-b-e-3,83,G
1213-4-c-b-4,83,G
1213-4-c-e-3,83,G
1213-4-d-b-3,83,G
1213-4-d-d-4,83,G
1213-4-e-b-3,83,G
1213-4-10-1-2,83,G
1213-4-10-4-1,83,G
1213-4-11-1-2,83,G
1213-4-11-4-1,83,G
1213-4-12-1-1,83,G
1213-4-12-3-2,83,G
1213-4-10-b-2,83,G
1213-4-10-e-1,83,G
1213-4-11-b-2,83,G
1213-4-11-e-1,83,G
1213-4-12-b-1,83,G
1213-4-12-d-2,83,G
1213-4-10-18-3,83,G
1213-4-11-15-4,83,G
1213-4-11-18-3,83,G
1213-4-12-15-3,83,G
1213-4-16-b-2,83,G
1213-4-16-e-1,83,G
949-3-8-8-2,84,G
949-3-8-a-2,84,G
949-3-9-7-2,84,G
949-3-8-12-2,84,G
949-3-8-14-2,84,G
949-3-9-11-2,84,G
949-3-9-13-2,84,G
949-3-d-1-2,84,G
949-3-d-3-2,84,G
949-3-d-5-2,84,G
949-3-e-2-2,84,G
949-3-e-4-2,84,G
949-3-b-f-3,84,G
949-3-c-c-3,84,G
949-3-c-e-3,84,G
949-3-d-b-4,84,G
949-3-d-d-4,84,G
949-3-d-f-4,84,G
949-3-e-c-4,84,G
949-3-e-e-4,84,G
949-3-b-17-3,84,G
949-3-b-19-3,84,G
949-3-c-16-3,84,G
949-3-c-18-3,84,G
949-3-d-15-4,84,G
949-3-d-17-4,84,G
949-3-d-19-4,84,G
949-3-e-16-4,84,G
949-3-10-8-3,84,G
949-3-10-a-3,84,G
949-3-11-7-3,84,G
949-3-11-9-3,84,G
949-3-12-6-4,84,G
949-3-12-8-4,84,G
949-3-12-a-4,84,G
949-3-10-14-3,84,G
949-3-11-11-3,84,G
949-3-11-13-3,84,G
949-3-12-10-4,84,G
949-3-12-12-4,84,G
949-3-16-4-3,84,G
949-3-17-1-4,84,G
949-3-17-3-4,84,G
949-3-17-5-4,84,G
949-3-18-2-4,84,G
949-3-17-10-2,84,G
949-3-17-12-2,84,G
949-3-17-14-2,84,G
949-3-18-11-2,84,G
949-3-18-13-2,84,G
949-3-19-11-1,84,G
1015-1-3-1-2,84,G
1015-1-3-3-2,84,G
1015-1-3-5-2,84,G
1015-1-4-2-2,84,G
1015-1-4-4-2,84,G
1015-1-5-2-1,84,G
1014-1-2-d-2,84,G
1015-1-3-b-2,84,G
1015-1-3-d-2,84,G
1015-1-3-f-2,84,G
1015-1-4-c-2,84,G
1015-1-4-e-2,84,G
1015-1-5-c-1,84,G
1014-1-2-17-2,84,G
1014-1-2-19-2,84,G
1015-1-3-15-2,84,G
1015-1-3-17-2,84,G
1015-1-3-19-2,84,G
1015-1-4-16-2,84,G
1015-1-4-18-2,84,G
1015-1-5-16-1,84,G
1014-1-7-8-2,84,G
1014-1-7-a-2,84,G
1014-2-6-7-2,84,G
1015-1-8-8-2,84,G
1015-1-8-a-2,84,G
1015-1-9-7-2,84,G
1015-1-9-9-2,84,G
1015-1-a-7-1,84,G
1014-1-7-12-4,84,G
1014-1-7-14-4,84,G
1014-1-8-12-3,84,G
1014-1-8-14-3,84,G
1014-1-9-11-3,84,G
1014-1-9-13-3,84,G
1014-1-a-10-4,84,G
1014-1-a-12-4,84,G
1014-1-a-14-4,84,G
1014-2-6-11-4,84,G
1014-2-6-13-4,84,G
1014-2-7-11-3,84,G
1015-1-8-12-4,84,G
1015-1-8-14-4,84,G
1015-1-9-11-4,84,G
1015-1-9-13-4,84,G
1015-1-a-11-3,84,G
1014-1-c-3-4,84,G
1014-1-c-5-4,84,G
1014-1-d-3-3,84,G
1014-1-d-5-3,84,G
1014-1-e-2-3,84,G
1014-1-e-4-3,84,G
1014-1-f-1-4,84,G
1014-1-f-3-4,84,G
1014-1-f-5-4,84,G
1014-2-b-2-4,84,G
1014-2-b-4-4,84,G
1014-2-c-2-3,84,G
1014-2-c-4-3,84,G
1014-2-d-1-3,84,G
1015-1-d-3-4,84,G
1015-1-d-5-4,84,G
1015-1-e-2-4,84,G
1015-1-e-4-4,84,G
1015-1-f-2-3,84,G
1014-1-c-b-4,84,G
1014-1-c-d-4,84,G
1014-1-c-f-4,84,G
1014-1-d-d-3,84,G
1014-1-d-f-3,84,G
1014-1-e-c-3,84,G
1014-1-e-e-3,84,G
1014-1-f-b-4,84,G
1014-1-f-d-4,84,G
1014-1-f-f-4,84,G
1014-2-b-c-4,84,G
1014-2-b-e-4,84,G
1014-2-c-c-3,84,G
1014-2-c-e-3,84,G
1014-2-d-b-3,84,G
1014-2-d-d-3,84,G
1015-1-d-b-4,84,G
1015-1-d-d-4,84,G
1015-1-d-f-4,84,G
1015-1-e-c-4,84,G
1015-1-e-e-4,84,G
1015-1-f-c-3,84,G
1014-1-c-15-4,84,G
1014-1-c-17-4,84,G
1014-1-c-19-4,84,G
1014-1-d-17-3,84,G
1014-1-d-19-3,84,G
1014-1-e-16-3,84,G
1014-1-e-18-3,84,G
1014-1-f-15-4,84,G
1014-1-f-17-4,84,G
1014-1-f-19-4,84,G
1014-2-b-16-4,84,G
1014-2-b-18-4,84,G
1014-2-c-16-3,84,G
1014-2-c-18-3,84,G
1014-2-d-15-3,84,G
1014-2-d-17-3,84,G
1014-2-d-19-3,84,G
1015-1-d-15-4,84,G
1015-1-d-17-4,84,G
1015-1-d-19-4,84,G
1015-1-e-16-4,84,G
1015-1-e-18-4,84,G
1014-1-11-b-2,84,G
1014-1-11-d-2,84,G
1014-1-11-f-2,84,G
1014-1-12-d-1,84,G
1014-1-12-f-1,84,G
1014-1-13-c-1,84,G
1014-1-13-e-1,84,G
1014-1-14-b-2,84,G
1014-1-14-d-2,84,G
1014-1-14-f-2,84,G
1014-2-10-c-2,84,G
1014-2-10-e-2,84,G
1014-2-11-c-1,84,G
1014-2-11-e-1,84,G
1014-2-12-b-1,84,G
1014-2-12-d-1,84,G
1014-2-12-f-1,84,G
1014-2-13-c-2,84,G
1014-2-13-e-2,84,G
1015-1-12-b-2,84,G
1015-1-12-d-2,84,G
1015-1-12-f-2,84,G
1015-1-13-c-2,84,G
1015-1-13-e-2,84,G
1014-1-11-15-2,84,G
1014-1-11-17-2,84,G
1014-1-11-19-2,84,G
1014-1-12-17-1,84,G
1014-1-12-19-1,84,G
1014-1-13-16-1,84,G
1014-1-13-18-1,84,G
1014-1-14-15-2,84,G
1014-1-14-17-2,84,G
1014-1-14-19-2,84,G
1014-2-10-16-2,84,G
1014-2-10-18-2,84,G
1014-2-11-16-1,84,G
1014-2-11-18-1,84,G
1014-2-12-15-1,84,G
1014-2-12-17-1,84,G
1014-2-12-19-1,84,G
1014-2-13-16-2,84,G
1014-2-13-18-2,84,G
1014-2-14-15-2,84,G
1014-2-14-17-2,84,G
1014-2-14-19-2,84,G
1015-1-11-18-1,84,G
1015-1-12-15-2,84,G
1015-1-12-17-2,84,G
1015-1-12-19-2,84,G
1015-1-13-16-2,84,G
1015-1-13-18-2,84,G
1014-1-16-6-2,84,G
1014-1-16-8-2,84,G
1014-1-16-a-2,84,G
1014-1-17-8-1,84,G
1014-1-17-a-1,84,G
1014-1-18-7-1,84,G
1014-1-18-9-1,84,G
1014-1-19-6-2,84,G
1014-1-19-8-2,84,G
1014-1-19-a-2,84,G
1014-2-15-7-2,84,G
1014-2-15-9-2,84,G
1014-2-16-7-1,84,G
1014-2-16-9-1,84,G
1014-2-17-6-1,84,G
1014-2-17-8-1,84,G
1014-2-17-a-1,84,G
1014-2-18-7-2,84,G
1014-2-18-9-2,84,G
1014-2-19-6-2,84,G
1014-2-19-8-2,84,G
1014-2-19-a-2,84,G
1015-1-15-8-1,84,G
1015-1-16-7-1,84,G
1015-1-16-9-1,84,G
1015-1-17-6-2,84,G
1015-1-17-8-2,84,G
1015-1-17-a-2,84,G
1015-1-18-7-2,84,G
1015-1-18-9-2,84,G
1014-1-16-10-2,84,G
1014-1-16-12-2,84,G
1014-1-16-14-2,84,G
1014-1-17-12-1,84,G
1014-1-17-14-1,84,G
1014-1-18-11-1,84,G
1014-1-18-13-1,84,G
1014-1-19-10-2,84,G
1014-1-19-12-2,84,G
1014-1-19-14-2,84,G
1014-2-15-11-2,84,G
1014-2-15-13-2,84,G
1014-2-16-11-1,84,G
1014-2-16-13-1,84,G
1014-2-17-10-1,84,G
1014-2-17-12-1,84,G
1014-2-17-14-1,84,G
1014-2-18-11-2,84,G
1014-2-18-13-2,84,G
1014-2-19-10-2,84,G
1014-2-19-12-2,84,G
1014-2-19-14-2,84,G
1015-1-15-12-1,84,G
1015-1-15-14-1,84,G
1015-1-16-11-1,84,G
1015-1-16-13-1,84,G
1015-1-17-10-2,84,G
1015-1-17-12-2,84,G
1015-1-17-14-2,84,G
1015-1-18-11-2,84,G
1015-1-18-13-2,84,G
1014-3-2-3-2,84,G
1014-3-2-5-2,84,G
1014-3-3-3-1,84,G
1014-3-3-5-1,84,G
1014-3-4-2-1,84,G
1014-3-4-4-1,84,G
1014-3-5-1-2,84,G
1014-3-5-3-2,84,G
1014-3-5-5-2,84,G
1014-4-1-2-2,84,G
1014-4-1-4-2,84,G
1014-4-2-2-1,84,G
1014-4-2-4-1,84,G
1014-4-3-1-1,84,G
1014-4-3-3-1,84,G
1014-4-3-5-1,84,G
1014-4-4-2-2,84,G
1014-4-4-4-2,84,G
1014-4-5-1-2,84,G
1014-4-5-3-2,84,G
1014-4-5-5-2,84,G
1015-3-1-3-1,84,G
1015-3-1-5-1,84,G
1015-3-2-2-1,84,G
1015-3-2-4-1,84,G
1015-3-3-1-2,84,G
1015-3-3-3-2,84,G
1015-3-3-5-2,84,G
1015-3-4-2-2,84,G
1015-3-4-4-2,84,G
1014-3-2-d-4,84,G
1014-3-2-f-4,84,G
1014-3-3-d-3,84,G
1014-3-3-f-3,84,G
1014-3-4-c-3,84,G
1014-3-4-e-3,84,G
1014-3-5-b-4,84,G
1014-3-5-d-4,84,G
1014-3-5-f-4,84,G
1014-4-1-c-4,84,G
1014-4-1-e-4,84,G
1014-4-2-c-3,84,G
1014-4-2-e-3,84,G
1014-4-3-b-3,84,G
1014-4-3-d-3,84,G
1014-4-3-f-3,84,G
1014-4-4-c-4,84,G
1014-4-4-e-4,84,G
1014-4-5-b-4,84,G
1014-4-5-d-4,84,G
1014-4-5-f-4,84,G
1015-3-1-d-3,84,G
1015-3-1-f-3,84,G
1015-3-2-c-3,84,G
1015-3-2-e-3,84,G
1015-3-3-b-4,84,G
1015-3-3-d-4,84,G
1015-3-3-f-4,84,G
1015-3-4-c-4,84,G
1015-3-4-e-4,84,G
1014-3-2-17-4,84,G
1014-3-2-19-4,84,G
1014-3-3-17-3,84,G
1014-3-3-19-3,84,G
1014-3-4-16-3,84,G
1014-3-4-18-3,84,G
1014-3-5-15-4,84,G
1014-3-5-17-4,84,G
1014-3-5-19-4,84,G
1014-4-1-16-4,84,G
1014-4-1-18-4,84,G
1014-4-2-16-3,84,G
1014-4-2-18-3,84,G
1014-4-3-15-3,84,G
1014-4-3-17-3,84,G
1014-4-3-19-3,84,G
1014-4-4-16-4,84,G
1014-4-4-18-4,84,G
1014-4-5-15-4,84,G
1014-4-5-17-4,84,G
1014-4-5-19-4,84,G
1015-3-1-17-3,84,G
1015-3-1-19-3,84,G
1015-3-2-16-3,84,G
1015-3-2-18-3,84,G
1015-3-3-15-4,84,G
1015-3-3-17-4,84,G
1015-3-3-19-4,84,G
1015-3-4-16-4,84,G
1015-3-4-18-4,84,G
1015-3-5-16-3,84,G
1015-3-5-18-3,84,G
1014-3-7-a-4,84,G
1014-3-8-8-3,84,G
1014-3-8-a-3,84,G
1014-3-9-7-3,84,G
1014-3-9-9-3,84,G
1014-3-a-6-4,84,G
1014-3-a-8-4,84,G
1014-3-a-a-4,84,G
1014-4-6-7-4,84,G
1014-4-6-9-4,84,G
1014-4-7-7-3,84,G
1014-4-7-9-3,84,G
1014-4-8-6-3,84,G
1014-4-8-8-3,84,G
1014-4-8-a-3,84,G
1014-4-9-7-4,84,G
1014-4-9-9-4,84,G
1014-4-a-6-4,84,G
1014-4-a-8-4,84,G
1014-4-a-a-4,84,G
1015-3-6-8-3,84,G
1015-3-6-a-3,84,G
1015-3-7-7-3,84,G
1015-3-7-9-3,84,G
1015-3-8-6-4,84,G
1015-3-8-8-4,84,G
1015-3-8-a-4,84,G
1015-3-9-7-4,84,G
1015-3-9-9-4,84,G
1015-3-a-7-3,84,G
1015-3-a-9-3,84,G
1015-4-8-6-4,84,G
1015-4-8-8-4,84,G
1015-4-8-a-4,84,G
1015-4-9-8-3,84,G
1014-3-7-14-4,84,G
1014-3-8-12-3,84,G
1014-3-8-14-3,84,G
1014-3-9-11-3,84,G
1014-3-9-13-3,84,G
1014-3-a-10-4,84,G
1014-3-a-12-4,84,G
1014-3-a-14-4,84,G
1014-4-6-11-4,84,G
1014-4-6-13-4,84,G
1014-4-7-11-3,84,G
1014-4-7-13-3,84,G
1014-4-8-10-3,84,G
1014-4-8-12-3,84,G
1014-4-8-14-3,84,G
1014-4-9-11-4,84,G
1014-4-9-13-4,84,G
1014-4-a-10-4,84,G
1014-4-a-12-4,84,G
1014-4-a-14-4,84,G
1015-3-6-12-3,84,G
1015-3-6-14-3,84,G
1015-3-7-11-3,84,G
1015-3-7-13-3,84,G
1015-3-8-10-4,84,G
1015-3-8-12-4,84,G
1015-3-8-14-4,84,G
1015-3-9-11-4,84,G
1015-3-9-13-4,84,G
1015-3-a-11-3,84,G
1015-3-a-13-3,84,G
1015-4-6-10-3,84,G
1015-4-7-11-4,84,G
1015-4-7-13-4,84,G
1015-4-8-10-4,84,G
1015-4-8-12-4,84,G
1015-4-8-14-4,84,G
1015-4-9-12-3,84,G
1015-4-9-14-3,84,G
1015-4-a-11-3,84,G
1014-3-d-3-3,84,G
1014-3-d-5-3,84,G
1014-3-e-2-3,84,G
1014-3-e-4-3,84,G
1014-3-f-1-4,84,G
1014-3-f-3-4,84,G
1014-3-f-5-4,84,G
1014-4-b-2-4,84,G
1014-4-b-4-4,84,G
1014-4-c-2-3,84,G
1014-4-c-4-3,84,G
1014-4-d-1-3,84,G
1014-4-d-3-3,84,G
1014-4-d-5-3,84,G
1014-4-e-2-4,84,G
1014-4-e-4-4,84,G
1014-4-f-1-4,84,G
1014-4-f-3-4,84,G
1014-4-f-5-4,84,G
1015-3-b-3-3,84,G
1015-3-b-5-3,84,G
1015-3-c-2-3,84,G
1015-3-c-4-3,84,G
1015-3-d-1-4,84,G
1015-3-d-3-4,84,G
1015-3-d-5-4,84,G
1015-3-e-2-4,84,G
1015-3-e-4-4,84,G
1015-3-f-2-3,84,G
1015-3-f-4-3,84,G
1015-4-b-1-3,84,G
1015-4-b-3-3,84,G
1015-4-b-5-3,84,G
1015-4-c-2-4,84,G
1015-4-c-4-4,84,G
1015-4-d-1-4,84,G
1015-4-d-3-4,84,G
1015-4-d-5-4,84,G
1015-4-e-3-3,84,G
1015-4-e-5-3,84,G
1015-4-f-2-3,84,G
1014-3-d-12-1,84,G
1014-3-d-14-1,84,G
1014-3-e-11-1,84,G
1014-3-e-13-1,84,G
1014-3-f-10-2,84,G
1014-3-f-12-2,84,G
1014-3-f-14-2,84,G
1014-4-b-11-2,84,G
1014-4-b-13-2,84,G
1014-4-c-11-1,84,G
1014-4-c-13-1,84,G
1014-4-d-10-1,84,G
1014-4-d-12-1,84,G
1014-4-d-14-1,84,G
1014-4-e-11-2,84,G
1014-4-e-13-2,84,G
1014-4-f-10-2,84,G
1014-4-f-12-2,84,G
1014-4-f-14-2,84,G
1015-3-b-12-1,84,G
1015-3-b-14-1,84,G
1015-3-c-11-1,84,G
1015-3-c-13-1,84,G
1015-3-d-10-2,84,G
1015-3-d-12-2,84,G
1015-3-d-14-2,84,G
1015-3-e-11-2,84,G
1015-3-e-13-2,84,G
1015-3-f-11-1,84,G
1015-3-f-13-1,84,G
1015-4-b-10-1,84,G
1015-4-b-12-1,84,G
1015-4-b-14-1,84,G
1015-4-c-11-2,84,G
1015-4-c-13-2,84,G
1015-4-d-10-2,84,G
1015-4-d-12-2,84,G
1015-4-d-14-2,84,G
1015-4-e-12-1,84,G
1015-4-e-14-1,84,G
1014-3-12-5-1,84,G
1014-3-13-2-1,84,G
1014-3-13-4-1,84,G
1014-3-14-1-2,84,G
1014-3-14-3-2,84,G
1014-3-14-5-2,84,G
1014-4-10-2-2,84,G
1014-4-10-4-2,84,G
1014-4-11-2-1,84,G
1014-4-11-4-1,84,G
1014-4-12-1-1,84,G
1014-4-12-3-1,84,G
1014-4-12-5-1,84,G
1014-4-13-2-2,84,G
1014-4-13-4-2,84,G
1014-4-14-1-2,84,G
1014-4-14-3-2,84,G
1014-4-14-5-2,84,G
1015-3-10-3-1,84,G
1015-3-10-5-1,84,G
1015-3-11-2-1,84,G
1015-3-11-4-1,84,G
1015-3-12-1-2,84,G
1015-3-12-3-2,84,G
1015-3-12-5-2,84,G
1015-3-13-2-2,84,G
1015-3-13-4-2,84,G
1015-3-14-2-1,84,G
1015-3-14-4-1,84,G
1015-4-10-1-1,84,G
1015-4-10-3-1,84,G
1015-4-10-5-1,84,G
1015-4-11-2-2,84,G
1015-4-11-4-2,84,G
1015-4-12-1-2,84,G
1015-4-12-3-2,84,G
1015-4-12-5-2,84,G
1015-4-13-3-1,84,G
1015-4-13-5-1,84,G
1014-3-13-c-1,84,G
1014-3-13-e-1,84,G
1014-3-14-b-2,84,G
1014-3-14-d-2,84,G
1014-3-14-f-2,84,G
1014-4-10-c-2,84,G
1014-4-10-e-2,84,G
1014-4-11-c-1,84,G
1014-4-11-e-1,84,G
1014-4-12-b-1,84,G
1014-4-12-d-1,84,G
1014-4-12-f-1,84,G
1014-4-13-c-2,84,G
1014-4-13-e-2,84,G
1014-4-14-b-2,84,G
1014-4-14-d-2,84,G
1014-4-14-f-2,84,G
1015-3-10-d-1,84,G
1015-3-10-f-1,84,G
1015-3-11-c-1,84,G
1015-3-11-e-1,84,G
1015-3-12-b-2,84,G
1015-3-12-d-2,84,G
1015-3-12-f-2,84,G
1015-3-13-c-2,84,G
1015-3-13-e-2,84,G
1015-3-14-c-1,84,G
1015-3-14-e-1,84,G
1015-4-10-b-1,84,G
1015-4-10-d-1,84,G
1015-4-10-f-1,84,G
1015-4-11-c-2,84,G
1015-4-11-e-2,84,G
1015-4-12-b-2,84,G
1015-4-12-d-2,84,G
1015-4-12-f-2,84,G
1015-4-13-d-1,84,G
1015-4-13-f-1,84,G
1014-3-13-18-1,84,G
1014-3-14-15-2,84,G
1014-3-14-17-2,84,G
1014-3-14-19-2,84,G
1014-4-10-16-2,84,G
1014-4-10-18-2,84,G
1014-4-11-16-1,84,G
1014-4-11-18-1,84,G
1014-4-12-15-1,84,G
1014-4-12-17-1,84,G
1014-4-12-19-1,84,G
1014-4-13-16-2,84,G
1014-4-13-18-2,84,G
1014-4-14-15-2,84,G
1014-4-14-17-2,84,G
1014-4-14-19-2,84,G
1015-3-10-17-1,84,G
1015-3-10-19-1,84,G
1015-3-11-16-1,84,G
1015-3-11-18-1,84,G
1015-3-12-15-2,84,G
1015-3-12-17-2,84,G
1015-3-12-19-2,84,G
1015-3-13-16-2,84,G
1015-3-13-18-2,84,G
1015-3-14-16-1,84,G
1015-3-14-18-1,84,G
1015-4-10-15-1,84,G
1015-4-10-17-1,84,G
1015-4-10-19-1,84,G
1015-4-11-16-2,84,G
1015-4-11-18-2,84,G
1015-4-12-15-2,84,G
1015-4-12-17-2,84,G
1015-4-12-19-2,84,G
1015-4-13-17-1,84,G
1015-4-13-19-1,84,G
1014-3-19-6-2,84,G
1014-3-19-8-2,84,G
1014-3-19-a-2,84,G
1014-4-15-7-2,84,G
1014-4-15-9-2,84,G
1014-4-16-7-1,84,G
1014-4-16-9-1,84,G
1014-4-17-6-1,84,G
1014-4-17-8-1,84,G
1014-4-17-a-1,84,G
1014-4-18-7-2,84,G
1014-4-18-9-2,84,G
1014-4-19-6-2,84,G
1014-4-19-8-2,84,G
1014-4-19-a-2,84,G
1015-3-15-8-1,84,G
1015-3-15-a-1,84,G
1015-3-16-7-1,84,G
1015-3-16-9-1,84,G
1015-3-17-6-2,84,G
1015-3-17-8-2,84,G
1015-3-17-a-2,84,G
1015-3-18-7-2,84,G
1015-3-18-9-2,84,G
1015-3-19-7-1,84,G
1015-3-19-9-1,84,G
1015-4-15-6-1,84,G
1015-4-15-8-1,84,G
1015-4-15-a-1,84,G
1015-4-16-7-2,84,G
1015-4-16-9-2,84,G
1015-4-17-6-2,84,G
1015-4-17-8-2,84,G
1015-4-17-a-2,84,G
1014-3-19-14-4,84,G
1014-4-15-11-4,84,G
1014-4-15-13-4,84,G
1014-4-16-11-3,84,G
1014-4-16-13-3,84,G
1014-4-17-10-3,84,G
1014-4-17-12-3,84,G
1014-4-17-14-3,84,G
1014-4-18-11-4,84,G
1014-4-18-13-4,84,G
1014-4-19-10-4,84,G
1014-4-19-12-4,84,G
1014-4-19-14-4,84,G
1015-3-15-12-3,84,G
1015-3-15-14-3,84,G
1015-3-16-11-3,84,G
1015-3-16-13-3,84,G
1015-3-17-10-4,84,G
1015-3-17-12-4,84,G
1015-3-17-14-4,84,G
1015-3-18-11-4,84,G
1015-3-18-13-4,84,G
1015-3-19-11-3,84,G
1015-3-19-13-3,84,G
1015-4-15-10-3,84,G
1015-4-15-12-3,84,G
1015-4-15-14-3,84,G
1015-4-16-11-4,84,G
1015-4-16-13-4,84,G
1015-4-17-10-4,84,G
1080-2-1-4-4,84,G
1080-2-2-2-3,84,G
1080-2-2-4-3,84,G
1080-2-3-1-3,84,G
1080-2-3-3-3,84,G
1080-2-3-5-3,84,G
1080-2-4-2-4,84,G
1080-2-4-4-4,84,G
1080-2-5-1-4,84,G
1080-2-5-3-4,84,G
1080-2-5-5-4,84,G
1081-1-1-3-3,84,G
1081-1-1-5-3,84,G
1081-1-2-2-3,84,G
1081-1-2-4-3,84,G
1081-1-3-1-4,84,G
1081-1-3-3-4,84,G
1081-1-3-5-4,84,G
1081-1-4-2-4,84,G
1081-1-4-4-4,84,G
1081-1-5-2-3,84,G
1081-1-5-4-3,84,G
1081-2-1-1-3,84,G
1081-2-1-3-3,84,G
1081-2-1-5-3,84,G
1081-2-2-2-4,84,G
1081-2-2-4-4,84,G
1081-2-3-1-4,84,G
1080-2-2-c-3,84,G
1080-2-2-e-3,84,G
1080-2-3-b-3,84,G
1080-2-3-d-3,84,G
1080-2-3-f-3,84,G
1080-2-4-c-4,84,G
1080-2-4-e-4,84,G
1080-2-5-b-4,84,G
1080-2-5-d-4,84,G
1080-2-5-f-4,84,G
1081-1-1-d-3,84,G
1081-1-1-f-3,84,G
1081-1-2-c-3,84,G
1081-1-2-e-3,84,G
1081-1-3-b-4,84,G
1081-1-3-d-4,84,G
1081-1-3-f-4,84,G
1081-1-4-c-4,84,G
1081-1-4-e-4,84,G
1081-1-5-c-3,84,G
1081-1-5-e-3,84,G
1081-2-1-b-3,84,G
1081-2-1-d-3,84,G
1081-2-1-f-3,84,G
1081-2-2-c-4,84,G
1081-2-2-e-4,84,G
1081-2-3-b-4,84,G
1080-2-1-18-4,84,G
1080-2-2-16-3,84,G
1080-2-2-18-3,84,G
1080-2-3-15-3,84,G
1080-2-3-17-3,84,G
1080-2-3-19-3,84,G
1080-2-4-16-4,84,G
1080-2-4-18-4,84,G
1080-2-5-15-4,84,G
1080-2-5-17-4,84,G
1080-2-5-19-4,84,G
1081-1-1-17-3,84,G
1081-1-1-19-3,84,G
1081-1-2-16-3,84,G
1081-1-2-18-3,84,G
1081-1-3-15-4,84,G
1081-1-3-17-4,84,G
1081-1-3-19-4,84,G
1081-1-4-16-4,84,G
1081-1-4-18-4,84,G
1081-1-5-16-3,84,G
1081-1-5-18-3,84,G
1081-2-1-15-3,84,G
1081-2-1-17-3,84,G
1081-2-1-19-3,84,G
1081-2-2-16-4,84,G
1081-2-2-18-4,84,G
1081-2-3-15-4,84,G
1080-1-a-f-2,84,G
1080-2-6-c-2,84,G
1080-2-6-e-2,84,G
1080-2-7-c-1,84,G
1080-2-7-e-1,84,G
1080-2-8-b-1,84,G
1080-2-8-d-1,84,G
1080-2-8-f-1,84,G
1080-2-9-c-2,84,G
1080-2-9-e-2,84,G
1080-2-a-b-2,84,G
1080-2-a-d-2,84,G
1080-2-a-f-2,84,G
1081-1-6-d-1,84,G
1081-1-6-f-1,84,G
1081-1-7-c-1,84,G
1081-1-7-e-1,84,G
1081-1-8-b-2,84,G
1081-1-8-d-2,84,G
1081-1-8-f-2,84,G
1081-1-9-c-2,84,G
1081-1-9-e-2,84,G
1081-1-a-c-1,84,G
1081-1-a-e-1,84,G
1081-2-6-b-1,84,G
1081-2-6-d-1,84,G
1081-2-6-f-1,84,G
1081-2-7-c-2,84,G
1081-2-7-e-2,84,G
1081-2-8-b-2,84,G
1081-2-8-d-2,84,G
1081-2-8-f-2,84,G
1081-2-9-d-1,84,G
1080-1-a-17-2,84,G
1080-1-a-19-2,84,G
1080-2-6-16-2,84,G
1080-2-6-18-2,84,G
1080-2-7-16-1,84,G
1080-2-7-18-1,84,G
1080-2-8-15-1,84,G
1080-2-8-17-1,84,G
1080-2-8-19-1,84,G
1080-2-9-16-2,84,G
1080-2-9-18-2,84,G
1080-2-a-15-2,84,G
1080-2-a-17-2,84,G
1080-2-a-19-2,84,G
1081-1-6-17-1,84,G
1081-1-6-19-1,84,G
1081-1-7-16-1,84,G
1081-1-7-18-1,84,G
1081-1-8-15-2,84,G
1081-1-8-17-2,84,G
1081-1-8-19-2,84,G
1081-1-9-16-2,84,G
1081-1-9-18-2,84,G
1081-1-a-16-1,84,G
1081-1-a-18-1,84,G
1081-2-6-15-1,84,G
1081-2-6-17-1,84,G
1081-2-6-19-1,84,G
1081-2-7-16-2,84,G
1081-2-7-18-2,84,G
1081-2-8-15-2,84,G
1081-2-8-17-2,84,G
1081-2-8-19-2,84,G
1081-2-9-17-1,84,G
1081-2-9-19-1,84,G
1081-2-a-16-1,84,G
1081-2-a-18-1,84,G
1082-1-6-15-2,84,G
1082-1-6-17-2,84,G
1080-1-f-8-2,84,G
1080-1-f-a-2,84,G
1080-2-b-7-2,84,G
1080-2-b-9-2,84,G
1080-2-c-7-1,84,G
1080-2-c-9-1,84,G
1080-2-d-6-1,84,G
1080-2-d-8-1,84,G
1080-2-d-a-1,84,G
1080-2-e-7-2,84,G
1080-2-e-9-2,84,G
1080-2-f-6-2,84,G
1080-2-f-8-2,84,G
1080-2-f-a-2,84,G
1081-1-b-8-1,84,G
1081-1-b-a-1,84,G
1081-1-c-7-1,84,G
1081-1-c-9-1,84,G
1081-1-d-6-2,84,G
1081-1-d-8-2,84,G
1081-1-d-a-2,84,G
1081-1-e-7-2,84,G
1081-1-e-9-2,84,G
1081-1-f-7-1,84,G
1081-1-f-9-1,84,G
1081-2-b-6-1,84,G
1081-2-b-8-1,84,G
1081-2-b-a-1,84,G
1081-2-c-7-2,84,G
1081-2-c-9-2,84,G
1081-2-d-6-2,84,G
1081-2-d-8-2,84,G
1081-2-d-a-2,84,G
1081-2-e-8-1,84,G
1081-2-e-a-1,84,G
1081-2-f-7-1,84,G
1081-2-f-9-1,84,G
1082-1-b-6-2,84,G
1082-1-b-8-2,84,G
1080-1-f-12-2,84,G
1080-1-f-14-2,84,G
1080-2-b-11-2,84,G
1080-2-b-13-2,84,G
1080-2-c-11-1,84,G
1080-2-c-13-1,84,G
1080-2-d-10-1,84,G
1080-2-d-12-1,84,G
1080-2-d-14-1,84,G
1080-2-e-11-2,84,G
1080-2-e-13-2,84,G
1080-2-f-10-2,84,G
1080-2-f-12-2,84,G
1080-2-f-14-2,84,G
1081-1-b-12-1,84,G
1081-1-b-14-1,84,G
1081-1-c-11-1,84,G
1081-1-c-13-1,84,G
1081-1-d-10-2,84,G
1081-1-d-12-2,84,G
1081-1-d-14-2,84,G
1081-1-e-11-2,84,G
1081-1-e-13-2,84,G
1081-1-f-11-1,84,G
1081-1-f-13-1,84,G
1081-2-b-10-1,84,G
1081-2-b-12-1,84,G
1081-2-b-14-1,84,G
1081-2-c-11-2,84,G
1081-2-c-13-2,84,G
1081-2-d-10-2,84,G
1081-2-d-12-2,84,G
1081-2-d-14-2,84,G
1081-2-e-12-1,84,G
1081-2-e-14-1,84,G
1081-2-f-11-1,84,G
1081-2-f-13-1,84,G
1082-1-b-10-2,84,G
1080-1-14-5-2,84,G
1080-2-10-2-2,84,G
1080-2-10-4-2,84,G
1080-2-11-2-1,84,G
1080-2-11-4-1,84,G
1080-2-12-1-1,84,G
1080-2-12-3-1,84,G
1080-2-12-5-1,84,G
1080-2-13-2-2,84,G
1080-2-13-4-2,84,G
1080-2-14-1-2,84,G
1080-2-14-3-2,84,G
1080-2-14-5-2,84,G
1081-1-10-3-1,84,G
1081-1-10-5-1,84,G
1081-1-11-2-1,84,G
1081-1-11-4-1,84,G
1081-1-12-1-2,84,G
1081-1-12-3-2,84,G
1081-1-12-5-2,84,G
1081-1-13-2-2,84,G
1081-1-13-4-2,84,G
1081-1-14-2-1,84,G
1081-1-14-4-1,84,G
1081-2-10-1-1,84,G
1081-2-10-3-1,84,G
1081-2-10-5-1,84,G
1081-2-11-2-2,84,G
1081-2-11-4-2,84,G
1081-2-12-1-2,84,G
1081-2-12-3-2,84,G
1081-2-12-5-2,84,G
1081-2-13-3-1,84,G
1081-2-13-5-1,84,G
1080-2-10-e-4,84,G
1080-2-11-c-3,84,G
1080-2-11-e-3,84,G
1080-2-12-b-3,84,G
1080-2-12-d-3,84,G
1080-2-12-f-3,84,G
1080-2-13-c-4,84,G
1080-2-13-e-4,84,G
1080-2-14-b-4,84,G
1080-2-14-d-4,84,G
1080-2-14-f-4,84,G
1081-1-10-d-3,84,G
1081-1-10-f-3,84,G
1081-1-11-c-3,84,G
1081-1-11-e-3,84,G
1081-1-12-b-4,84,G
1081-1-12-d-4,84,G
1081-1-12-f-4,84,G
1081-1-13-c-4,84,G
1081-1-13-e-4,84,G
1081-1-14-c-3,84,G
1081-1-14-e-3,84,G
1081-2-10-b-3,84,G
1081-2-10-d-3,84,G
1081-2-10-f-3,84,G
1081-2-11-c-4,84,G
1081-2-11-e-4,84,G
1081-2-12-b-4,84,G
1081-2-13-d-3,84,G
1081-2-13-f-3,84,G
1081-2-14-c-3,84,G
1080-2-11-16-3,84,G
1080-2-11-18-3,84,G
1080-2-12-15-3,84,G
1080-2-12-17-3,84,G
1080-2-12-19-3,84,G
1080-2-13-16-4,84,G
1080-2-13-18-4,84,G
1080-2-14-15-4,84,G
1080-2-14-17-4,84,G
1080-2-14-19-4,84,G
1081-1-10-17-3,84,G
1081-1-10-19-3,84,G
1081-1-11-16-3,84,G
1081-1-11-18-3,84,G
1081-1-12-15-4,84,G
1081-1-12-17-4,84,G
1081-1-12-19-4,84,G
1081-1-13-16-4,84,G
1081-1-13-18-4,84,G
1081-1-14-16-3,84,G
1081-1-14-18-3,84,G
1081-2-10-15-3,84,G
1081-2-10-17-3,84,G
1081-2-10-19-3,84,G
1081-2-11-16-4,84,G
1081-2-11-18-4,84,G
1081-2-12-15-4,84,G
1081-2-12-17-4,84,G
1081-2-12-19-4,84,G
1081-2-13-17-3,84,G
1081-2-13-19-3,84,G
1081-2-14-16-3,84,G
1081-2-14-18-3,84,G
1082-1-10-15-4,84,G
1080-2-16-9-3,84,G
1080-2-17-6-3,84,G
1080-2-17-8-3,84,G
1080-2-17-a-3,84,G
1080-2-18-7-4,84,G
1080-2-18-9-4,84,G
1080-2-19-6-4,84,G
1080-2-19-8-4,84,G
1080-2-19-a-4,84,G
1081-1-15-8-3,84,G
1081-1-15-a-3,84,G
1081-1-16-7-3,84,G
1081-1-16-9-3,84,G
1081-1-17-6-4,84,G
1081-1-17-8-4,84,G
1081-1-17-a-4,84,G
1081-1-18-7-4,84,G
1081-1-18-9-4,84,G
1081-1-19-7-3,84,G
1081-1-19-9-3,84,G
1081-2-15-6-3,84,G
1081-2-15-8-3,84,G
1081-2-15-a-3,84,G
1081-2-16-7-4,84,G
1081-2-16-9-4,84,G
1081-2-17-6-4,84,G
1081-2-17-8-4,84,G
1081-2-17-a-4,84,G
1081-2-18-8-3,84,G
1081-2-18-a-3,84,G
1081-2-19-7-3,84,G
1081-2-19-9-3,84,G
1082-1-17-9-3,84,G
1082-1-18-6-3,84,G
1080-2-17-12-3,84,G
1080-2-17-14-3,84,G
1080-2-18-11-4,84,G
1080-2-18-13-4,84,G
1080-2-19-10-4,84,G
1080-2-19-12-4,84,G
1080-2-19-14-4,84,G
1081-1-15-12-3,84,G
1081-1-15-14-3,84,G
1081-1-16-11-3,84,G
1081-1-16-13-3,84,G
1081-1-17-10-4,84,G
1081-1-17-12-4,84,G
1081-1-17-14-4,84,G
1081-1-18-11-4,84,G
1081-1-18-13-4,84,G
1081-1-19-11-3,84,G
1081-1-19-13-3,84,G
1081-2-15-10-3,84,G
1081-2-15-12-3,84,G
1081-2-15-14-3,84,G
1081-2-16-11-4,84,G
1081-2-16-13-4,84,G
1081-2-17-10-4,84,G
1081-2-17-12-4,84,G
1081-2-17-14-4,84,G
1081-2-18-12-3,84,G
1081-2-18-14-3,84,G
1081-2-19-11-3,84,G
1082-1-15-12-4,84,G
1082-1-15-14-4,84,G
1082-1-16-11-4,84,G
1082-1-16-13-4,84,G
1082-1-17-11-3,84,G
1082-1-17-13-3,84,G
1082-1-18-10-3,84,G
1082-1-18-12-3,84,G
1080-4-3-5-3,84,G
1080-4-4-2-4,84,G
1080-4-4-4-4,84,G
1080-4-5-1-4,84,G
1080-4-5-3-4,84,G
1080-4-5-5-4,84,G
1081-3-1-3-3,84,G
1081-3-1-5-3,84,G
1081-3-2-2-3,84,G
1081-3-2-4-3,84,G
1081-3-3-1-4,84,G
1081-3-3-3-4,84,G
1081-3-3-5-4,84,G
1081-3-4-2-4,84,G
1081-3-4-4-4,84,G
1081-3-5-2-3,84,G
1081-3-5-4-3,84,G
1081-4-1-1-3,84,G
1081-4-1-3-3,84,G
1081-4-1-5-3,84,G
1081-4-2-2-4,84,G
1081-4-2-4-4,84,G
1081-4-3-1-4,84,G
1081-4-3-3-4,84,G
1081-4-3-5-4,84,G
1081-4-4-3-3,84,G
1081-4-4-5-3,84,G
1081-4-5-2-3,84,G
1081-4-5-4-3,84,G
1082-3-1-1-4,84,G
1082-3-1-3-4,84,G
1082-3-1-5-4,84,G
1082-3-2-2-4,84,G
1082-3-2-4-4,84,G
1082-3-3-2-3,84,G
1082-3-3-4-3,84,G
1082-3-4-1-3,84,G
1082-3-4-3-3,84,G
1082-3-4-5-3,84,G
1082-4-1-1-4,84,G
1082-4-1-3-4,84,G
1082-4-1-5-4,84,G
1082-4-2-3-3,84,G
1082-4-2-5-3,84,G
1080-4-4-11-2,84,G
1080-4-4-13-2,84,G
1080-4-5-10-2,84,G
1080-4-5-12-2,84,G
1080-4-5-14-2,84,G
1081-3-1-12-1,84,G
1081-3-1-14-1,84,G
1081-3-2-11-1,84,G
1081-3-2-13-1,84,G
1081-3-3-10-2,84,G
1081-3-3-12-2,84,G
1081-3-3-14-2,84,G
1081-3-4-11-2,84,G
1081-3-4-13-2,84,G
1081-3-5-11-1,84,G
1081-3-5-13-1,84,G
1081-4-1-10-1,84,G
1081-4-1-12-1,84,G
1081-4-1-14-1,84,G
1081-4-2-11-2,84,G
1081-4-2-13-2,84,G
1081-4-3-10-2,84,G
1081-4-3-12-2,84,G
1081-4-3-14-2,84,G
1081-4-4-12-1,84,G
1081-4-4-14-1,84,G
1081-4-5-11-1,84,G
1081-4-5-13-1,84,G
1082-3-1-10-2,84,G
1082-3-1-12-2,84,G
1082-3-1-14-2,84,G
1082-3-2-11-2,84,G
1082-3-2-13-2,84,G
1082-3-3-11-1,84,G
1082-3-3-13-1,84,G
1082-3-4-10-1,84,G
1082-3-4-12-1,84,G
1082-3-4-14-1,84,G
1082-3-5-11-2,84,G
1082-3-5-13-2,84,G
1082-4-1-10-2,84,G
1082-4-1-12-2,84,G
1082-4-1-14-2,84,G
1082-4-2-12-1,84,G
1082-4-2-14-1,84,G
1082-4-3-11-1,84,G
1080-4-9-4-2,84,G
1080-4-a-1-2,84,G
1080-4-a-3-2,84,G
1080-4-a-5-2,84,G
1081-3-6-3-1,84,G
1081-3-6-5-1,84,G
1081-3-7-2-1,84,G
1081-3-8-5-2,84,G
1081-3-9-2-2,84,G
1081-3-9-4-2,84,G
1081-3-a-2-1,84,G
1081-3-a-4-1,84,G
1081-4-6-1-1,84,G
1081-4-6-3-1,84,G
1081-4-6-5-1,84,G
1081-4-7-2-2,84,G
1081-4-7-4-2,84,G
1081-4-8-1-2,84,G
1081-4-8-3-2,84,G
1081-4-8-5-2,84,G
1081-4-9-3-1,84,G
1081-4-9-5-1,84,G
1081-4-a-2-1,84,G
1081-4-a-4-1,84,G
1082-3-6-1-2,84,G
1082-3-6-3-2,84,G
1082-3-6-5-2,84,G
1082-3-7-2-2,84,G
1082-3-7-4-2,84,G
1082-3-8-2-1,84,G
1082-3-8-4-1,84,G
1082-3-9-1-1,84,G
1082-3-9-3-1,84,G
1082-3-9-5-1,84,G
1082-3-a-2-2,84,G
1082-3-a-4-2,84,G
1082-4-6-1-2,84,G
1082-4-6-3-2,84,G
1082-4-6-5-2,84,G
1082-4-7-3-1,84,G
1082-4-7-5-1,84,G
1082-4-8-2-1,84,G
1080-4-a-b-2,84,G
1080-4-a-d-2,84,G
1080-4-a-f-2,84,G
1081-3-6-d-1,84,G
1081-3-a-c-1,84,G
1081-3-a-e-1,84,G
1081-4-6-b-1,84,G
1081-4-6-d-1,84,G
1081-4-6-f-1,84,G
1081-4-7-c-2,84,G
1081-4-7-e-2,84,G
1081-4-8-b-2,84,G
1081-4-8-d-2,84,G
1081-4-8-f-2,84,G
1081-4-9-d-1,84,G
1081-4-9-f-1,84,G
1081-4-a-c-1,84,G
1081-4-a-e-1,84,G
1082-3-6-b-2,84,G
1082-3-6-d-2,84,G
1082-3-6-f-2,84,G
1082-3-7-c-2,84,G
1082-3-7-e-2,84,G
1082-3-8-c-1,84,G
1082-3-8-e-1,84,G
1082-3-9-b-1,84,G
1082-3-9-d-1,84,G
1082-3-9-f-1,84,G
1082-3-a-c-2,84,G
1082-3-a-e-2,84,G
1082-4-6-b-2,84,G
1082-4-6-d-2,84,G
1082-4-6-f-2,84,G
1082-4-7-d-1,84,G
1082-4-7-f-1,84,G
1080-4-a-17-2,84,G
1080-4-a-19-2,84,G
1081-3-a-18-1,84,G
1081-4-6-15-1,84,G
1081-4-6-17-1,84,G
1081-4-6-19-1,84,G
1081-4-7-16-2,84,G
1081-4-7-18-2,84,G
1081-4-8-15-2,84,G
1081-4-8-17-2,84,G
1081-4-8-19-2,84,G
1081-4-9-17-1,84,G
1081-4-9-19-1,84,G
1081-4-a-16-1,84,G
1081-4-a-18-1,84,G
1082-3-6-15-2,84,G
1082-3-6-17-2,84,G
1082-3-6-19-2,84,G
1082-3-7-16-2,84,G
1082-3-7-18-2,84,G
1082-3-8-16-1,84,G
1082-3-8-18-1,84,G
1082-3-9-15-1,84,G
1082-3-9-17-1,84,G
1082-3-9-19-1,84,G
1082-3-a-16-2,84,G
1082-3-a-18-2,84,G
1082-4-6-15-2,84,G
1082-4-6-17-2,84,G
1082-4-6-19-2,84,G
1082-4-7-17-1,84,G
1081-4-b-6-1,84,G
1081-4-b-8-1,84,G
1081-4-b-a-1,84,G
1081-4-c-7-2,84,G
1081-4-c-9-2,84,G
1081-4-d-6-2,84,G
1081-4-d-8-2,84,G
1081-4-d-a-2,84,G
1081-4-e-8-1,84,G
1081-4-e-a-1,84,G
1081-4-f-7-1,84,G
1081-4-f-9-1,84,G
1082-3-b-6-2,84,G
1082-3-b-8-2,84,G
1082-3-b-a-2,84,G
1082-3-c-7-2,84,G
1082-3-c-9-2,84,G
1082-3-d-7-1,84,G
1082-3-d-9-1,84,G
1082-3-e-6-1,84,G
1082-3-e-8-1,84,G
1082-3-e-a-1,84,G
1082-3-f-7-2,84,G
1082-3-f-9-2,84,G
1082-4-b-6-2,84,G
1081-4-b-12-3,84,G
1081-4-b-14-3,84,G
1081-4-c-11-4,84,G
1081-4-c-13-4,84,G
1081-4-d-10-4,84,G
1081-4-d-12-4,84,G
1081-4-d-14-4,84,G
1081-4-e-12-3,84,G
1081-4-e-14-3,84,G
1081-4-f-11-3,84,G
1081-4-f-13-3,84,G
1082-3-b-10-4,84,G
1082-3-b-12-4,84,G
1082-3-b-14-4,84,G
1082-3-c-11-4,84,G
1082-3-c-13-4,84,G
1082-3-d-11-3,84,G
1082-3-d-13-3,84,G
1082-3-e-10-3,84,G
1082-3-e-12-3,84,G
1082-3-e-14-3,84,G
1081-4-11-2-4,84,G
1081-4-11-4-4,84,G
1081-4-12-1-4,84,G
1081-4-12-3-4,84,G
1081-4-12-5-4,84,G
1081-4-13-3-3,84,G
1081-4-13-5-3,84,G
1081-4-14-2-3,84,G
1081-4-14-4-3,84,G
1082-3-10-1-4,84,G
1082-3-10-3-4,84,G
1082-3-10-5-4,84,G
1082-3-11-2-4,84,G
1082-3-11-4-4,84,G
1082-3-12-2-3,84,G
1082-3-12-4-3,84,G
1082-3-13-1-3,84,G
1082-3-13-3-3,84,G
1081-4-11-c-4,84,G
1081-4-11-e-4,84,G
1081-4-12-b-4,84,G
1081-4-12-d-4,84,G
1081-4-12-f-4,84,G
1081-4-13-d-3,84,G
1081-4-13-f-3,84,G
1081-4-14-c-3,84,G
1081-4-14-e-3,84,G
1082-3-10-b-4,84,G
1082-3-10-d-4,84,G
1082-3-10-f-4,84,G
1082-3-11-c-4,84,G
1082-3-11-e-4,84,G
1082-3-12-c-3,84,G
1082-3-12-e-3,84,G
1082-3-13-b-3,84,G
1081-4-11-16-4,84,G
1081-4-11-18-4,84,G
1081-4-12-15-4,84,G
1081-4-12-17-4,84,G
1081-4-12-19-4,84,G
1081-4-13-17-3,84,G
1081-4-13-19-3,84,G
1081-4-14-16-3,84,G
1081-4-14-18-3,84,G
1082-3-10-15-4,84,G
1082-3-10-17-4,84,G
1082-3-10-19-4,84,G
1082-3-11-16-4,84,G
1082-3-11-18-4,84,G
1082-3-12-16-3,84,G
619-1-18-13-4,85,G
619-3-4-e-2,85,G
619-3-5-d-1,85,G
619-3-9-4-4,85,G
619-3-a-3-3,85,G
619-4-6-1-4,85,G
619-3-9-13-4,85,G
619-3-a-12-3,85,G
619-4-6-10-4,85,G
619-4-6-13-4,85,G
619-3-e-e-2,85,G
619-3-f-d-1,85,G
619-4-b-b-2,85,G
619-4-b-e-2,85,G
619-4-c-d-1,85,G
619-3-13-1-3,85,G
619-3-13-4-4,85,G
619-3-14-3-3,85,G
619-4-10-1-4,85,G
619-4-10-4-4,85,G
619-4-11-3-3,85,G
619-4-12-5-3,85,G
619-4-13-3-3,85,G
619-3-13-15-1,85,G
619-3-13-18-2,85,G
619-3-14-17-1,85,G
619-4-10-15-2,85,G
619-4-10-18-2,85,G
619-4-11-17-1,85,G
619-4-12-15-2,85,G
619-4-12-19-1,85,G
619-4-13-17-1,85,G
619-3-16-e-2,85,G
619-3-17-c-2,85,G
619-3-18-b-1,85,G
619-3-18-e-2,85,G
619-3-19-d-1,85,G
619-4-15-b-2,85,G
619-4-15-e-2,85,G
619-4-16-d-1,85,G
619-4-17-b-2,85,G
619-4-17-f-1,85,G
619-4-18-d-1,85,G
619-4-19-b-2,85,G
619-4-19-f-1,85,G
684-2-5-4-3,85,G
685-1-1-2-4,85,G
685-1-2-1-3,85,G
685-1-2-4-4,85,G
685-1-3-2-4,85,G
685-1-4-1-3,85,G
685-1-4-4-4,85,G
685-1-5-3-3,85,G
685-2-1-1-4,85,G
685-2-1-4-4,85,G
685-2-2-3-3,85,G
685-2-3-1-4,85,G
685-2-3-5-3,85,G
685-2-4-3-3,85,G
685-2-5-1-4,85,G
685-2-5-5-3,85,G
686-1-1-3-4,85,G
686-1-2-1-4,85,G
686-1-2-5-3,85,G
686-2-1-5-4,85,G
684-2-5-15-1,85,G
684-2-5-18-1,85,G
685-1-1-16-2,85,G
685-1-2-15-1,85,G
685-1-2-18-2,85,G
685-1-3-16-2,85,G
685-1-4-15-1,85,G
685-1-4-18-2,85,G
685-1-5-17-1,85,G
685-2-1-15-2,85,G
685-2-1-18-2,85,G
685-2-2-17-1,85,G
685-2-3-15-2,85,G
685-2-3-19-1,85,G
685-2-4-17-1,85,G
685-2-5-15-2,85,G
685-2-5-19-1,85,G
686-1-1-17-2,85,G
686-1-2-15-2,85,G
686-1-2-19-1,85,G
686-1-3-17-2,85,G
686-2-1-19-2,85,G
684-2-a-b-3,85,G
684-2-a-e-3,85,G
685-1-6-c-4,85,G
685-1-7-b-3,85,G
685-1-7-e-4,85,G
685-1-8-c-4,85,G
685-1-9-b-3,85,G
685-1-9-e-4,85,G
685-1-a-d-3,85,G
685-2-6-b-4,85,G
685-2-6-e-4,85,G
685-2-7-d-3,85,G
685-2-8-b-4,85,G
685-2-8-f-3,85,G
685-2-9-d-3,85,G
685-2-a-b-4,85,G
685-2-a-f-3,85,G
686-1-6-d-4,85,G
686-1-7-b-4,85,G
686-1-7-f-3,85,G
686-1-8-d-4,85,G
686-1-9-c-3,85,G
686-1-9-f-3,85,G
686-1-a-d-4,85,G
686-2-6-c-3,85,G
686-2-6-f-4,85,G
684-2-e-2-4,85,G
684-2-f-1-3,85,G
684-2-f-4-3,85,G
685-1-b-2-4,85,G
685-1-c-1-3,85,G
685-1-c-4-4,85,G
685-1-d-2-4,85,G
685-1-e-1-3,85,G
685-1-e-4-4,85,G
685-1-f-3-3,85,G
685-2-b-1-4,85,G
685-2-b-4-4,85,G
685-2-c-3-3,85,G
685-2-d-1-4,85,G
685-2-d-5-3,85,G
685-2-e-3-3,85,G
685-2-f-1-4,85,G
685-2-f-5-3,85,G
686-1-b-3-4,85,G
686-1-c-1-4,85,G
686-1-c-5-3,85,G
686-1-d-3-4,85,G
686-1-e-2-3,85,G
686-1-e-5-3,85,G
686-1-f-3-4,85,G
686-2-b-2-3,85,G
686-2-b-5-4,85,G
686-2-c-3-4,85,G
684-2-e-16-2,85,G
684-2-f-15-1,85,G
684-2-f-18-1,85,G
685-1-b-16-2,85,G
685-1-c-15-1,85,G
685-1-c-18-2,85,G
685-1-d-16-2,85,G
685-1-e-15-1,85,G
685-1-e-18-2,85,G
685-1-f-17-1,85,G
685-2-b-15-2,85,G
685-2-b-18-2,85,G
685-2-c-17-1,85,G
685-2-d-15-2,85,G
685-2-d-19-1,85,G
685-2-e-17-1,85,G
685-2-f-15-2,85,G
685-2-f-19-1,85,G
686-1-b-17-2,85,G
686-1-c-15-2,85,G
686-1-c-19-1,85,G
686-1-d-17-2,85,G
686-1-e-16-1,85,G
686-1-e-19-1,85,G
686-1-f-17-2,85,G
686-2-b-16-1,85,G
686-2-b-19-2,85,G
686-2-c-17-2,85,G
684-2-12-e-3,85,G
684-2-13-c-4,85,G
684-2-14-b-3,85,G
684-2-14-e-3,85,G
685-1-10-c-4,85,G
685-1-11-b-3,85,G
685-1-11-e-4,85,G
685-1-12-c-4,85,G
685-1-13-b-3,85,G
685-1-13-e-4,85,G
685-1-14-d-3,85,G
685-2-10-b-4,85,G
685-2-10-e-4,85,G
685-2-11-d-3,85,G
685-2-12-b-4,85,G
685-2-12-f-3,85,G
685-2-13-d-3,85,G
685-2-14-b-4,85,G
685-2-14-f-3,85,G
686-1-10-d-4,85,G
686-1-11-b-4,85,G
686-1-11-f-3,85,G
686-1-12-d-4,85,G
686-1-13-c-3,85,G
686-1-13-f-3,85,G
686-1-14-d-4,85,G
686-2-10-c-3,85,G
686-2-10-f-4,85,G
684-2-16-a-2,85,G
684-2-17-9-1,85,G
684-2-18-7-2,85,G
684-2-19-6-1,85,G
684-2-19-9-1,85,G
685-1-15-7-2,85,G
685-1-16-6-1,85,G
685-1-16-9-2,85,G
685-1-17-7-2,85,G
685-1-18-6-1,85,G
685-1-18-9-2,85,G
685-1-19-8-1,85,G
685-2-15-6-2,85,G
685-2-15-9-2,85,G
685-2-16-8-1,85,G
685-2-17-6-2,85,G
685-2-17-a-1,85,G
685-2-18-8-1,85,G
685-2-19-6-2,85,G
685-2-19-a-1,85,G
686-1-15-8-2,85,G
686-1-16-6-2,85,G
686-1-16-a-1,85,G
686-1-17-8-2,85,G
686-1-18-7-1,85,G
686-1-18-a-1,85,G
686-1-19-8-2,85,G
686-2-15-7-1,85,G
686-2-15-a-2,85,G
684-2-16-19-2,85,G
684-2-17-18-1,85,G
684-2-18-16-2,85,G
684-2-19-15-1,85,G
684-2-19-18-1,85,G
685-1-15-16-2,85,G
685-1-16-15-1,85,G
685-1-16-18-2,85,G
685-1-17-16-2,85,G
685-1-18-15-1,85,G
685-1-18-18-2,85,G
685-1-19-17-1,85,G
685-2-15-15-2,85,G
685-2-15-18-2,85,G
685-2-16-17-1,85,G
685-2-17-15-2,85,G
685-2-17-19-1,85,G
685-2-18-17-1,85,G
685-2-19-15-2,85,G
685-2-19-19-1,85,G
686-1-15-17-2,85,G
686-1-16-15-2,85,G
686-1-16-19-1,85,G
686-1-17-17-2,85,G
686-1-18-16-1,85,G
686-1-18-19-1,85,G
686-1-19-17-2,85,G
686-2-15-16-1,85,G
684-4-3-e-3,85,G
684-4-4-c-4,85,G
684-4-5-b-3,85,G
684-4-5-e-3,85,G
685-3-1-c-4,85,G
685-3-2-b-3,85,G
685-3-2-e-4,85,G
685-3-3-c-4,85,G
685-3-4-b-3,85,G
685-3-4-e-4,85,G
685-3-5-d-3,85,G
685-4-1-b-4,85,G
685-4-1-e-4,85,G
685-4-2-d-3,85,G
685-4-3-b-4,85,G
685-4-3-f-3,85,G
685-4-4-d-3,85,G
685-4-5-b-4,85,G
685-4-5-f-3,85,G
686-3-1-d-4,85,G
686-3-2-b-4,85,G
686-3-2-f-3,85,G
686-3-3-d-4,85,G
686-3-4-c-3,85,G
686-3-4-f-3,85,G
686-3-5-d-4,85,G
684-4-8-9-1,85,G
684-4-9-7-2,85,G
684-4-a-6-1,85,G
684-4-a-9-1,85,G
685-3-6-7-2,85,G
685-3-7-6-1,85,G
685-3-7-9-2,85,G
685-3-8-7-2,85,G
685-3-9-6-1,85,G
685-3-9-9-2,85,G
685-3-a-8-1,85,G
685-4-6-6-2,85,G
685-4-6-9-2,85,G
685-4-7-8-1,85,G
685-4-8-6-2,85,G
685-4-8-a-1,85,G
685-4-9-8-1,85,G
685-4-a-6-2,85,G
685-4-a-a-1,85,G
686-3-6-8-2,85,G
686-3-7-6-2,85,G
686-3-7-a-1,85,G
686-3-8-8-2,85,G
686-3-9-7-1,85,G
686-3-9-a-1,85,G
684-4-8-18-3,85,G
684-4-9-16-4,85,G
684-4-a-15-3,85,G
684-4-a-18-3,85,G
685-3-6-16-4,85,G
685-3-7-15-3,85,G
685-3-7-18-4,85,G
685-3-8-16-4,85,G
685-3-9-15-3,85,G
685-3-9-18-4,85,G
685-3-a-17-3,85,G
685-4-6-15-4,85,G
685-4-6-18-4,85,G
685-4-7-17-3,85,G
685-4-8-15-4,85,G
685-4-8-19-3,85,G
685-4-9-17-3,85,G
685-4-a-15-4,85,G
685-4-a-19-3,85,G
686-3-6-17-4,85,G
686-3-7-15-4,85,G
686-3-7-19-3,85,G
686-3-8-17-4,85,G
686-3-9-16-3,85,G
684-4-e-c-4,85,G
684-4-f-b-3,85,G
684-4-f-e-3,85,G
685-3-b-c-4,85,G
685-3-c-b-3,85,G
685-3-c-e-4,85,G
685-3-d-c-4,85,G
685-3-e-b-3,85,G
685-3-e-e-4,85,G
685-3-f-d-3,85,G
685-4-b-b-4,85,G
685-4-b-e-4,85,G
685-4-c-d-3,85,G
685-4-d-b-4,85,G
685-4-d-f-3,85,G
685-4-e-d-3,85,G
685-4-f-b-4,85,G
685-4-f-f-3,85,G
686-3-b-d-4,85,G
686-3-c-b-4,85,G
686-3-c-f-3,85,G
686-3-d-d-4,85,G
684-4-13-7-2,85,G
684-4-14-6-1,85,G
684-4-14-9-1,85,G
685-3-10-7-2,85,G
685-3-11-6-1,85,G
685-3-11-9-2,85,G
685-3-12-7-2,85,G
685-3-13-6-1,85,G
685-3-13-9-2,85,G
685-3-14-8-1,85,G
685-4-10-6-2,85,G
685-4-10-9-2,85,G
685-4-11-8-1,85,G
685-4-12-6-2,85,G
685-4-12-a-1,85,G
685-4-13-8-1,85,G
685-4-14-6-2,85,G
685-4-14-a-1,85,G
686-3-10-8-2,85,G
686-3-11-6-2,85,G
686-3-11-a-1,85,G
684-4-13-16-4,85,G
684-4-14-15-3,85,G
684-4-14-18-3,85,G
685-3-10-16-4,85,G
685-3-11-15-3,85,G
685-3-11-18-4,85,G
685-3-12-16-4,85,G
685-3-13-15-3,85,G
685-3-13-18-4,85,G
685-3-14-17-3,85,G
685-4-10-15-4,85,G
685-4-10-18-4,85,G
685-4-11-17-3,85,G
685-4-12-15-4,85,G
685-4-12-19-3,85,G
685-4-13-17-3,85,G
685-4-14-15-4,85,G
685-4-14-19-3,85,G
686-3-10-17-4,85,G
686-3-11-15-4,85,G
684-4-19-10-1,85,G
684-4-19-13-1,85,G
685-3-15-11-2,85,G
685-3-16-10-1,85,G
685-3-16-13-2,85,G
685-3-17-11-2,85,G
685-3-18-10-1,85,G
685-3-18-13-2,85,G
685-3-19-12-1,85,G
685-4-15-10-2,85,G
685-4-15-13-2,85,G
685-4-16-12-1,85,G
685-4-17-10-2,85,G
685-4-17-14-1,85,G
685-4-18-12-1,85,G
685-4-19-10-2,85,G
685-4-19-14-1,85,G
750-2-5-6-1,85,G
750-2-5-9-1,85,G
751-1-1-7-2,85,G
751-1-2-6-1,85,G
751-1-2-9-2,85,G
751-1-3-7-2,85,G
751-1-4-6-1,85,G
751-1-4-9-2,85,G
751-1-5-8-1,85,G
751-2-1-6-2,85,G
751-2-1-9-2,85,G
751-2-2-8-1,85,G
751-2-3-6-2,85,G
751-2-3-a-1,85,G
751-2-4-8-1,85,G
751-2-5-6-2,85,G
751-2-5-a-1,85,G
750-2-5-15-3,85,G
750-2-5-18-3,85,G
751-1-1-16-4,85,G
751-1-2-15-3,85,G
751-1-2-18-4,85,G
751-1-3-16-4,85,G
751-1-4-15-3,85,G
751-1-4-18-4,85,G
751-1-5-17-3,85,G
751-2-1-15-4,85,G
751-2-1-18-4,85,G
751-2-2-17-3,85,G
751-2-3-15-4,85,G
751-2-3-19-3,85,G
751-2-4-17-3,85,G
751-2-5-15-4,85,G
750-2-a-10-1,85,G
750-2-a-13-1,85,G
751-1-6-11-2,85,G
751-1-7-10-1,85,G
751-1-7-13-2,85,G
751-1-8-11-2,85,G
751-1-9-10-1,85,G
751-1-9-13-2,85,G
751-1-a-12-1,85,G
751-2-6-10-2,85,G
751-2-6-13-2,85,G
751-2-7-12-1,85,G
751-2-8-10-2,85,G
751-2-8-14-1,85,G
751-2-9-12-1,85,G
751-2-a-10-2,85,G
751-2-a-14-1,85,G
750-2-f-6-3,85,G
750-2-f-9-3,85,G
751-1-b-7-4,85,G
751-1-c-6-3,85,G
751-1-c-9-4,85,G
751-1-d-7-4,85,G
751-1-e-6-3,85,G
751-1-e-9-4,85,G
751-1-f-8-3,85,G
751-2-b-6-4,85,G
751-2-b-9-4,85,G
751-2-c-8-3,85,G
751-2-d-6-4,85,G
751-2-d-a-3,85,G
751-2-e-8-3,85,G
751-2-f-6-4,85,G
751-2-f-a-3,85,G
750-2-14-4-1,85,G
751-1-10-2-2,85,G
751-1-11-1-1,85,G
751-1-11-4-2,85,G
751-1-12-2-2,85,G
751-1-13-1-1,85,G
751-1-13-4-2,85,G
751-1-14-3-1,85,G
751-2-10-1-2,85,G
751-2-10-4-2,85,G
751-2-11-3-1,85,G
751-2-12-1-2,85,G
751-2-12-5-1,85,G
751-2-13-3-1,85,G
751-2-14-1-2,85,G
751-2-14-5-1,85,G
750-2-14-10-1,85,G
750-2-14-13-1,85,G
751-1-10-11-2,85,G
751-1-11-10-1,85,G
751-1-11-13-2,85,G
751-1-12-11-2,85,G
751-1-13-10-1,85,G
751-1-13-13-2,85,G
751-1-14-12-1,85,G
751-2-10-10-2,85,G
751-2-10-13-2,85,G
751-2-11-12-1,85,G
751-2-12-10-2,85,G
751-2-12-14-1,85,G
751-2-13-12-1,85,G
751-2-14-10-2,85,G
751-2-14-14-1,85,G
750-2-18-7-4,85,G
750-2-19-6-3,85,G
750-2-19-9-3,85,G
751-1-15-7-4,85,G
751-1-16-6-3,85,G
751-1-16-9-4,85,G
751-1-17-7-4,85,G
751-1-18-6-3,85,G
751-1-18-9-4,85,G
751-1-19-8-3,85,G
751-2-15-6-4,85,G
751-2-15-9-4,85,G
751-2-16-8-3,85,G
751-2-17-6-4,85,G
751-2-17-a-3,85,G
751-2-18-8-3,85,G
751-2-19-6-4,85,G
750-4-2-2-2,85,G
750-4-2-5-2,85,G
750-4-3-4-1,85,G
750-4-4-2-2,85,G
750-4-5-1-1,85,G
750-4-5-4-1,85,G
751-3-1-2-2,85,G
751-3-2-1-1,85,G
751-3-2-4-2,85,G
751-3-3-2-2,85,G
751-3-4-1-1,85,G
751-3-4-4-2,85,G
751-3-5-3-1,85,G
751-4-1-1-2,85,G
751-4-1-4-2,85,G
751-4-2-3-1,85,G
751-4-3-1-2,85,G
751-4-3-5-1,85,G
751-4-4-3-1,85,G
751-4-5-1-2,85,G
750-4-2-11-4,85,G
750-4-2-14-4,85,G
750-4-3-13-3,85,G
750-4-4-11-4,85,G
750-4-5-10-3,85,G
750-4-5-13-3,85,G
751-3-1-11-4,85,G
751-3-2-10-3,85,G
751-3-2-13-4,85,G
751-3-3-11-4,85,G
751-3-4-10-3,85,G
751-3-4-13-4,85,G
751-3-5-12-3,85,G
751-4-1-10-4,85,G
751-4-1-13-4,85,G
751-4-2-12-3,85,G
751-4-3-10-4,85,G
751-4-3-14-3,85,G
751-4-4-12-3,85,G
750-4-7-7-4,85,G
750-4-7-a-4,85,G
750-4-8-9-3,85,G
750-4-9-7-4,85,G
750-4-a-6-3,85,G
750-4-a-9-3,85,G
751-3-6-7-4,85,G
751-3-7-6-3,85,G
751-3-7-9-4,85,G
751-3-8-7-4,85,G
751-3-9-6-3,85,G
751-3-9-9-4,85,G
751-3-a-8-3,85,G
751-4-6-6-4,85,G
751-4-6-9-4,85,G
751-4-7-8-3,85,G
751-4-8-6-4,85,G
751-4-8-a-3,85,G
751-4-9-8-3,85,G
750-4-c-5-2,85,G
750-4-d-4-1,85,G
750-4-e-2-2,85,G
750-4-f-1-1,85,G
750-4-f-4-1,85,G
751-3-b-2-2,85,G
751-3-c-1-1,85,G
751-3-c-4-2,85,G
751-3-d-2-2,85,G
751-3-e-1-1,85,G
751-3-e-4-2,85,G
751-3-f-3-1,85,G
751-4-b-1-2,85,G
751-4-b-4-2,85,G
751-4-c-3-1,85,G
751-4-d-1-2,85,G
751-4-d-5-1,85,G
750-4-c-11-4,85,G
750-4-c-14-4,85,G
750-4-d-13-3,85,G
750-4-e-11-4,85,G
750-4-f-10-3,85,G
750-4-f-13-3,85,G
751-3-b-11-4,85,G
751-3-c-10-3,85,G
751-3-c-13-4,85,G
751-3-d-11-4,85,G
751-3-e-10-3,85,G
751-3-e-13-4,85,G
751-3-f-12-3,85,G
751-4-b-10-4,85,G
751-4-b-13-4,85,G
751-4-c-12-3,85,G
751-4-d-10-4,85,G
750-4-10-e-1,85,G
750-4-11-c-2,85,G
750-4-11-f-2,85,G
750-4-12-e-1,85,G
750-4-13-c-2,85,G
750-4-14-b-1,85,G
750-4-14-e-1,85,G
751-3-10-c-2,85,G
751-3-11-b-1,85,G
751-3-11-e-2,85,G
751-3-12-c-2,85,G
751-3-13-b-1,85,G
751-3-13-e-2,85,G
751-3-14-d-1,85,G
751-4-10-b-2,85,G
751-4-10-e-2,85,G
750-3-19-2-1,85,G
750-3-19-5-2,85,G
750-4-15-4-1,85,G
750-4-16-2-2,85,G
750-4-16-5-2,85,G
750-4-17-4-1,85,G
750-4-18-2-2,85,G
750-4-19-1-1,85,G
750-4-19-4-1,85,G
751-3-15-2-2,85,G
751-3-16-1-1,85,G
751-3-16-4-2,85,G
751-3-17-2-2,85,G
751-3-18-1-1,85,G
751-3-18-4-2,85,G
751-3-19-3-1,85,G
750-3-17-14-4,85,G
750-3-18-13-3,85,G
750-3-19-11-3,85,G
750-3-19-14-4,85,G
750-4-15-13-3,85,G
750-4-16-11-4,85,G
750-4-16-14-4,85,G
750-4-17-13-3,85,G
750-4-18-11-4,85,G
750-4-19-10-3,85,G
750-4-19-13-3,85,G
751-3-15-11-4,85,G
751-3-16-10-3,85,G
751-3-16-13-4,85,G
751-3-17-11-4,85,G
751-3-18-10-3,85,G
816-1-3-f-2,85,G
816-1-4-e-1,85,G
816-1-5-c-1,85,G
816-1-5-f-2,85,G
816-2-1-e-1,85,G
816-2-2-c-2,85,G
816-2-2-f-2,85,G
816-2-3-e-1,85,G
816-2-4-c-2,85,G
816-2-5-b-1,85,G
816-2-5-e-1,85,G
817-1-1-c-2,85,G
817-1-2-b-1,85,G
817-1-2-e-2,85,G
817-1-3-c-2,85,G
816-1-8-2-3,85,G
816-1-8-5-4,85,G
816-1-9-4-3,85,G
816-1-a-2-3,85,G
816-1-a-5-4,85,G
816-2-6-4-3,85,G
816-2-7-2-4,85,G
816-2-7-5-4,85,G
816-2-8-4-3,85,G
816-2-9-2-4,85,G
816-2-a-1-3,85,G
816-2-a-4-3,85,G
817-1-6-2-4,85,G
817-1-7-1-3,85,G
817-1-7-4-4,85,G
816-1-8-11-3,85,G
816-1-8-14-4,85,G
816-1-9-13-3,85,G
816-1-a-11-3,85,G
816-1-a-14-4,85,G
816-2-6-13-3,85,G
816-2-7-11-4,85,G
816-2-7-14-4,85,G
816-2-8-13-3,85,G
816-2-9-11-4,85,G
816-2-a-10-3,85,G
816-2-a-13-3,85,G
817-1-6-11-4,85,G
817-1-7-10-3,85,G
816-1-d-f-2,85,G
816-1-e-e-1,85,G
816-1-f-c-1,85,G
816-1-f-f-2,85,G
816-2-b-e-1,85,G
816-2-c-c-2,85,G
816-2-c-f-2,85,G
816-2-d-e-1,85,G
816-2-e-c-2,85,G
816-2-f-b-1,85,G
816-2-f-e-1,85,G
817-1-b-c-2,85,G
817-1-c-b-1,85,G
816-1-13-4-3,85,G
816-1-14-2-3,85,G
816-1-14-5-4,85,G
816-2-10-4-3,85,G
816-2-11-2-4,85,G
816-2-11-5-4,85,G
816-2-12-4-3,85,G
816-2-13-2-4,85,G
816-2-14-1-3,85,G
816-2-14-4-3,85,G
817-1-10-2-4,85,G
817-1-11-1-3,85,G
816-1-14-19-2,85,G
816-2-10-18-1,85,G
816-2-11-16-2,85,G
816-2-11-19-2,85,G
816-2-12-18-1,85,G
816-2-13-16-2,85,G
816-2-14-15-1,85,G
816-2-14-18-1,85,G
817-1-10-16-2,85,G
817-1-11-15-1,85,G
816-1-19-f-2,85,G
816-2-15-e-1,85,G
816-2-16-c-2,85,G
816-2-16-f-2,85,G
816-2-17-e-1,85,G
816-2-18-c-2,85,G
816-2-19-b-1,85,G
816-2-19-e-1,85,G
817-1-15-c-2,85,G
817-1-16-b-1,85,G
816-3-5-2-3,85,G
816-3-5-5-4,85,G
816-4-1-4-3,85,G
816-4-2-2-4,85,G
816-4-2-5-4,85,G
816-4-3-4-3,85,G
816-4-4-2-4,85,G
816-4-5-1-3,85,G
816-4-5-4-3,85,G
817-3-1-2-4,85,G
817-3-2-1-3,85,G
816-3-4-18-1,85,G
816-3-5-16-1,85,G
816-3-5-19-2,85,G
816-4-1-18-1,85,G
816-4-2-16-2,85,G
816-4-2-19-2,85,G
816-4-3-18-1,85,G
816-4-4-16-2,85,G
816-4-5-15-1,85,G
816-4-5-18-1,85,G
817-3-1-16-2,85,G
817-3-2-15-1,85,G
817-3-2-18-2,85,G
816-3-9-e-3,85,G
816-3-a-c-3,85,G
816-3-a-f-4,85,G
816-4-6-e-3,85,G
816-4-7-c-4,85,G
816-4-7-f-4,85,G
816-4-8-e-3,85,G
816-4-9-c-4,85,G
816-4-a-b-3,85,G
816-4-a-e-3,85,G
817-3-6-c-4,85,G
817-3-7-b-3,85,G
817-3-7-e-4,85,G
816-3-d-5-4,85,G
816-3-e-4-3,85,G
816-3-f-2-3,85,G
816-3-f-5-4,85,G
816-4-b-4-3,85,G
816-4-c-2-4,85,G
816-4-c-5-4,85,G
816-4-d-4-3,85,G
816-4-e-2-4,85,G
816-4-f-1-3,85,G
816-4-f-4-3,85,G
817-3-b-2-4,85,G
817-3-c-1-3,85,G
817-3-c-4-4,85,G
816-3-d-19-2,85,G
816-3-e-18-1,85,G
816-3-f-16-1,85,G
816-3-f-19-2,85,G
816-4-b-18-1,85,G
816-4-c-16-2,85,G
816-4-c-19-2,85,G
816-4-d-18-1,85,G
816-4-e-16-2,85,G
816-4-f-15-1,85,G
816-4-f-18-1,85,G
817-3-b-16-2,85,G
817-3-c-15-1,85,G
817-3-c-18-2,85,G
817-3-d-16-2,85,G
816-3-13-e-3,85,G
816-3-14-c-3,85,G
816-3-14-f-4,85,G
816-4-10-e-3,85,G
816-4-11-c-4,85,G
816-4-11-f-4,85,G
816-4-12-e-3,85,G
816-4-13-c-4,85,G
816-4-14-b-3,85,G
816-4-14-e-3,85,G
817-3-10-c-4,85,G
817-3-11-b-3,85,G
817-3-11-e-4,85,G
817-3-12-c-4,85,G
816-3-19-a-2,85,G
816-4-15-9-1,85,G
816-4-16-7-2,85,G
816-4-16-a-2,85,G
816-4-17-9-1,85,G
816-4-18-7-2,85,G
816-4-19-6-1,85,G
816-4-19-9-1,85,G
817-3-15-7-2,85,G
817-3-16-6-1,85,G
817-3-16-9-2,85,G
817-3-17-7-2,85,G
816-3-19-19-4,85,G
816-4-15-18-3,85,G
816-4-16-16-4,85,G
816-4-16-19-4,85,G
816-4-17-18-3,85,G
816-4-18-16-4,85,G
816-4-19-15-3,85,G
816-4-19-18-3,85,G
817-3-15-16-4,85,G
817-3-16-15-3,85,G
817-3-16-18-4,85,G
817-3-17-16-4,85,G
882-1-5-f-4,85,G
882-2-1-e-3,85,G
882-2-2-c-4,85,G
882-2-2-f-4,85,G
882-2-3-e-3,85,G
882-2-4-c-4,85,G
882-2-5-b-3,85,G
882-2-5-e-3,85,G
883-1-1-c-4,85,G
883-1-2-b-3,85,G
883-1-2-e-4,85,G
883-1-3-c-4,85,G
882-1-a-a-2,85,G
882-2-6-9-1,85,G
882-2-7-7-2,85,G
882-2-7-a-2,85,G
882-2-8-9-1,85,G
882-2-9-7-2,85,G
882-2-a-6-1,85,G
882-2-a-9-1,85,G
883-1-6-7-2,85,G
883-1-7-6-1,85,G
883-1-7-9-2,85,G
883-1-8-7-2,85,G
882-1-a-19-4,85,G
882-2-6-18-3,85,G
882-2-7-16-4,85,G
882-2-7-19-4,85,G
882-2-8-18-3,85,G
882-2-9-16-4,85,G
882-2-a-15-3,85,G
882-2-a-18-3,85,G
883-1-6-16-4,85,G
883-1-7-15-3,85,G
883-1-7-18-4,85,G
883-1-8-16-4,85,G
882-1-f-14-2,85,G
882-2-b-13-1,85,G
882-2-c-11-2,85,G
882-2-c-14-2,85,G
882-2-d-13-1,85,G
882-2-e-11-2,85,G
882-2-f-10-1,85,G
882-2-f-13-1,85,G
883-1-b-11-2,85,G
883-1-c-10-1,85,G
883-1-c-13-2,85,G
882-1-14-a-2,85,G
882-2-10-9-1,85,G
882-2-11-7-2,85,G
882-2-11-a-2,85,G
882-2-12-9-1,85,G
882-2-13-7-2,85,G
882-2-14-6-1,85,G
882-2-14-9-1,85,G
883-1-10-7-2,85,G
883-1-11-6-1,85,G
883-1-11-9-2,85,G
882-1-14-19-4,85,G
882-2-10-18-3,85,G
882-2-11-16-4,85,G
882-2-11-19-4,85,G
882-2-12-18-3,85,G
882-2-13-16-4,85,G
882-2-14-15-3,85,G
882-2-14-18-3,85,G
883-1-10-16-4,85,G
883-1-11-15-3,85,G
883-1-11-18-4,85,G
882-1-19-11-1,85,G
882-1-19-14-2,85,G
882-2-15-13-1,85,G
882-2-16-11-2,85,G
882-2-16-14-2,85,G
882-2-17-13-1,85,G
882-2-18-11-2,85,G
882-2-19-10-1,85,G
882-2-19-13-1,85,G
883-1-15-11-2,85,G
883-1-16-10-1,85,G
883-1-16-13-2,85,G
882-3-5-7-3,85,G
882-3-5-a-4,85,G
882-4-1-9-3,85,G
882-4-2-7-4,85,G
882-4-2-a-4,85,G
882-4-3-9-3,85,G
882-4-4-7-4,85,G
882-4-5-6-3,85,G
882-4-5-9-3,85,G
883-3-1-7-4,85,G
883-3-2-6-3,85,G
883-3-2-9-4,85,G
882-3-5-16-3,85,G
882-3-5-19-4,85,G
882-4-1-18-3,85,G
882-4-2-16-4,85,G
882-4-2-19-4,85,G
882-4-3-18-3,85,G
882-4-4-16-4,85,G
882-4-5-15-3,85,G
882-4-5-18-3,85,G
883-3-1-16-4,85,G
883-3-2-15-3,85,G
882-3-9-13-1,85,G
882-3-a-11-1,85,G
882-3-a-14-2,85,G
882-4-6-13-1,85,G
882-4-7-11-2,85,G
882-4-7-14-2,85,G
882-4-8-13-1,85,G
882-4-9-11-2,85,G
882-4-a-10-1,85,G
882-4-a-13-1,85,G
883-3-6-11-2,85,G
883-3-7-10-1,85,G
882-3-e-9-3,85,G
882-3-f-7-3,85,G
882-3-f-a-4,85,G
882-4-b-9-3,85,G
882-4-c-7-4,85,G
882-4-c-a-4,85,G
882-4-d-9-3,85,G
882-4-e-7-4,85,G
882-4-f-6-3,85,G
882-4-f-9-3,85,G
883-3-b-7-4,85,G
883-3-c-6-3,85,G
882-3-13-4-1,85,G
882-3-14-2-1,85,G
882-3-14-5-2,85,G
882-4-10-4-1,85,G
882-4-11-5-2,85,G
882-4-12-4-1,85,G
882-4-13-2-2,85,G
882-4-14-1-1,85,G
882-4-14-4-1,85,G
883-3-10-2-2,85,G
883-3-11-1-1,85,G
882-3-13-13-1,85,G
882-3-14-11-1,85,G
882-3-14-14-2,85,G
882-4-13-11-2,85,G
882-4-14-10-1,85,G
882-4-14-13-1,85,G
883-3-10-11-2,85,G
883-3-11-10-1,85,G
882-4-18-7-4,85,G
882-4-19-6-3,85,G
882-4-19-9-3,85,G
883-3-15-7-4,85,G
883-3-16-6-3,85,G
948-2-3-4-1,85,G
948-2-4-2-2,85,G
948-2-5-1-1,85,G
948-2-5-4-1,85,G
949-1-1-2-2,85,G
948-2-3-13-3,85,G
948-2-4-11-4,85,G
948-2-5-10-3,85,G
948-2-5-13-3,85,G
949-1-1-11-4,85,G
948-2-7-a-4,85,G
948-2-8-9-3,85,G
948-2-9-7-4,85,G
948-2-a-6-3,85,G
948-2-a-9-3,85,G
949-1-6-7-4,85,G
948-2-c-5-2,85,G
948-2-d-4-1,85,G
948-2-e-2-2,85,G
948-2-f-1-1,85,G
948-2-f-4-1,85,G
949-1-b-2-2,85,G
948-2-c-11-4,85,G
948-2-c-14-4,85,G
948-2-d-13-3,85,G
948-2-e-11-4,85,G
948-2-f-10-3,85,G
948-2-f-13-3,85,G
949-1-b-11-4,85,G
948-2-10-e-1,85,G
948-2-11-c-2,85,G
948-2-11-f-2,85,G
948-2-12-e-1,85,G
948-2-13-c-2,85,G
948-2-14-b-1,85,G
948-2-14-e-1,85,G
949-1-10-c-2,85,G
949-1-13-b-1,85,G
949-1-13-e-2,85,G
948-2-15-4-1,85,G
948-2-16-2-2,85,G
948-2-16-5-2,85,G
948-2-17-4-1,85,G
948-2-18-2-2,85,G
948-2-19-1-1,85,G
948-2-19-4-1,85,G
949-1-15-2-2,85,G
949-1-16-4-2,85,G
949-1-17-2-2,85,G
949-1-18-1-1,85,G
949-1-18-4-2,85,G
949-1-19-3-1,85,G
949-2-15-1-2,85,G
949-2-15-4-2,85,G
949-2-16-3-1,85,G
948-1-19-14-4,85,G
948-2-15-13-3,85,G
948-2-16-11-4,85,G
948-2-16-14-4,85,G
948-2-17-13-3,85,G
948-2-18-11-4,85,G
948-2-19-10-3,85,G
948-2-19-13-3,85,G
949-1-15-11-4,85,G
949-1-16-10-3,85,G
949-1-16-13-4,85,G
949-1-17-11-4,85,G
949-1-18-10-3,85,G
949-1-18-13-4,85,G
949-1-19-12-3,85,G
949-2-15-10-4,85,G
949-2-15-13-4,85,G
949-2-16-12-3,85,G
949-2-17-10-4,85,G
949-2-17-14-3,85,G
949-2-18-12-3,85,G
949-2-19-10-4,85,G
949-2-19-14-3,85,G
950-1-15-12-4,85,G
948-3-5-f-2,85,G
948-4-1-e-1,85,G
948-4-2-c-2,85,G
948-4-2-f-2,85,G
948-4-3-e-1,85,G
948-4-4-c-2,85,G
948-4-5-b-1,85,G
948-4-5-e-1,85,G
949-3-1-c-2,85,G
949-3-2-b-1,85,G
949-3-2-e-2,85,G
949-3-3-c-2,85,G
949-3-4-b-1,85,G
949-3-4-e-2,85,G
949-3-5-d-1,85,G
949-4-1-b-2,85,G
949-4-1-e-2,85,G
949-4-2-d-1,85,G
949-4-3-b-2,85,G
949-4-3-f-1,85,G
949-4-4-d-1,85,G
949-4-5-b-2,85,G
949-4-5-f-1,85,G
950-3-1-d-2,85,G
948-3-a-5-4,85,G
948-4-6-4-3,85,G
948-4-7-2-4,85,G
948-4-7-5-4,85,G
948-4-8-4-3,85,G
948-4-9-2-4,85,G
948-4-a-1-3,85,G
948-4-a-4-3,85,G
949-3-6-2-4,85,G
949-3-7-1-3,85,G
949-3-7-4-4,85,G
949-3-8-2-4,85,G
949-3-9-4-4,85,G
949-3-a-3-3,85,G
949-4-6-1-4,85,G
949-4-6-4-4,85,G
949-4-7-3-3,85,G
949-4-8-1-4,85,G
949-4-8-5-3,85,G
949-4-9-3-3,85,G
949-4-a-1-4,85,G
949-4-a-5-3,85,G
950-3-6-3-4,85,G
950-3-7-1-4,85,G
948-3-a-11-3,85,G
948-3-a-14-4,85,G
948-4-6-13-3,85,G
948-4-7-11-4,85,G
948-4-7-14-4,85,G
948-4-8-13-3,85,G
948-4-9-11-4,85,G
948-4-a-10-3,85,G
948-4-a-13-3,85,G
949-3-6-11-4,85,G
949-3-7-10-3,85,G
949-3-7-13-4,85,G
949-3-a-12-3,85,G
949-4-6-10-4,85,G
949-4-6-13-4,85,G
949-4-7-12-3,85,G
949-4-8-10-4,85,G
949-4-8-14-3,85,G
949-4-9-12-3,85,G
949-4-a-10-4,85,G
949-4-a-14-3,85,G
950-3-6-12-4,85,G
950-3-7-10-4,85,G
950-3-7-14-3,85,G
948-3-e-e-1,85,G
948-3-f-c-1,85,G
948-3-f-f-2,85,G
948-4-b-e-1,85,G
948-4-c-c-2,85,G
948-4-c-f-2,85,G
948-4-d-e-1,85,G
948-4-e-c-2,85,G
948-4-f-b-1,85,G
948-4-f-e-1,85,G
949-3-b-c-2,85,G
949-3-c-b-1,85,G
949-3-e-e-2,85,G
949-3-f-d-1,85,G
949-4-b-b-2,85,G
949-4-b-e-2,85,G
949-4-c-d-1,85,G
949-4-d-b-2,85,G
949-4-d-f-1,85,G
949-4-e-d-1,85,G
949-4-f-b-2,85,G
949-4-f-f-1,85,G
950-3-b-d-2,85,G
950-3-c-b-2,85,G
950-3-c-f-1,85,G
948-3-12-5-4,85,G
948-3-13-4-3,85,G
948-3-14-2-3,85,G
948-3-14-5-4,85,G
948-4-10-4-3,85,G
948-4-11-2-4,85,G
948-4-11-5-4,85,G
948-4-12-4-3,85,G
948-4-13-2-4,85,G
948-4-14-1-3,85,G
948-4-14-4-3,85,G
949-3-10-2-4,85,G
949-3-13-4-4,85,G
949-3-14-3-3,85,G
949-4-10-1-4,85,G
949-4-10-4-4,85,G
949-4-11-3-3,85,G
949-4-12-1-4,85,G
949-4-12-5-3,85,G
949-4-13-3-3,85,G
949-4-14-1-4,85,G
949-4-14-5-3,85,G
950-3-10-3-4,85,G
950-3-11-1-4,85,G
950-3-11-5-3,85,G
950-3-12-3-4,85,G
948-3-12-16-1,85,G
948-3-12-19-2,85,G
948-3-13-18-1,85,G
948-3-14-16-1,85,G
948-3-14-19-2,85,G
948-4-10-18-1,85,G
948-4-11-16-2,85,G
948-4-11-19-2,85,G
948-4-12-18-1,85,G
948-4-13-16-2,85,G
948-4-14-15-1,85,G
948-4-14-18-1,85,G
949-3-10-16-2,85,G
949-3-11-15-1,85,G
949-3-13-15-1,85,G
949-3-13-18-2,85,G
949-3-14-17-1,85,G
949-4-10-15-2,85,G
949-4-10-18-2,85,G
949-4-11-17-1,85,G
949-4-12-15-2,85,G
949-4-12-19-1,85,G
949-4-13-17-1,85,G
949-4-14-15-2,85,G
949-4-14-19-1,85,G
950-3-10-17-2,85,G
950-3-11-15-2,85,G
950-3-11-19-1,85,G
950-3-12-17-2,85,G
948-3-17-c-3,85,G
948-3-17-f-4,85,G
948-3-18-e-3,85,G
948-3-19-c-3,85,G
948-3-19-f-4,85,G
948-4-15-e-3,85,G
948-4-16-c-4,85,G
948-4-16-f-4,85,G
948-4-17-e-3,85,G
948-4-18-c-4,85,G
948-4-19-b-3,85,G
948-4-19-e-3,85,G
949-3-15-c-4,85,G
949-3-16-b-3,85,G
949-3-16-e-4,85,G
949-3-19-d-3,85,G
949-4-15-b-4,85,G
949-4-15-e-4,85,G
949-4-16-d-3,85,G
949-4-17-b-4,85,G
949-4-17-f-3,85,G
949-4-18-d-3,85,G
949-4-19-b-4,85,G
949-4-19-f-3,85,G
950-3-15-d-4,85,G
950-3-16-b-4,85,G
950-3-16-f-3,85,G
950-3-17-d-4,85,G
1014-1-2-3-4,85,G
1014-1-3-2-3,85,G
1014-1-3-5-4,85,G
1014-1-4-4-3,85,G
1014-1-5-2-3,85,G
1014-1-5-5-4,85,G
1014-2-1-4-3,85,G
1014-2-2-2-4,85,G
1014-2-2-5-4,85,G
1014-2-3-4-3,85,G
1014-2-4-2-4,85,G
1014-2-5-1-3,85,G
1014-2-5-4-3,85,G
1015-1-1-2-4,85,G
1015-1-2-1-3,85,G
1015-1-2-4-4,85,G
1015-1-5-3-3,85,G
1015-2-1-1-4,85,G
1015-2-1-4-4,85,G
1015-2-2-3-3,85,G
1015-2-3-1-4,85,G
1015-2-3-5-3,85,G
1015-2-4-3-3,85,G
1015-2-5-1-4,85,G
1015-2-5-5-3,85,G
1016-1-2-1-4,85,G
1016-1-2-5-3,85,G
1016-1-3-3-4,85,G
1016-1-4-2-3,85,G
1016-1-4-5-3,85,G
1014-1-3-16-1,85,G
1014-1-3-19-2,85,G
1014-1-4-18-1,85,G
1014-1-5-16-1,85,G
1014-1-5-19-2,85,G
1014-2-1-18-1,85,G
1014-2-2-16-2,85,G
1014-2-2-19-2,85,G
1014-2-3-18-1,85,G
1014-2-4-16-2,85,G
1014-2-5-15-1,85,G
1014-2-5-18-1,85,G
1015-1-1-16-2,85,G
1015-1-2-15-1,85,G
1015-1-2-18-2,85,G
1015-1-5-17-1,85,G
1015-2-1-15-2,85,G
1015-2-1-18-2,85,G
1015-2-2-17-1,85,G
1015-2-3-15-2,85,G
1015-2-3-19-1,85,G
1015-2-4-17-1,85,G
1016-1-2-15-2,85,G
1016-1-2-19-1,85,G
1016-1-3-17-2,85,G
1016-1-4-16-1,85,G
1016-1-4-19-1,85,G
1014-1-8-f-4,85,G
1014-2-7-c-4,85,G
1014-2-7-f-4,85,G
1014-2-8-e-3,85,G
1014-2-9-c-4,85,G
1014-2-a-b-3,85,G
1014-2-a-e-3,85,G
1015-1-6-c-4,85,G
1015-1-7-b-3,85,G
1015-1-7-e-4,85,G
1015-1-a-d-3,85,G
1015-2-6-b-4,85,G
1015-2-6-e-4,85,G
1015-2-7-d-3,85,G
1015-2-8-b-4,85,G
1015-2-8-f-3,85,G
1016-1-9-c-3,85,G
1016-1-9-f-3,85,G
1014-2-d-9-1,85,G
1014-2-e-7-2,85,G
1014-2-f-6-1,85,G
1014-2-f-9-1,85,G
1015-1-b-7-2,85,G
1015-1-c-6-1,85,G
1015-1-c-9-2,85,G
1015-1-f-8-1,85,G
1015-2-b-6-2,85,G
1015-2-b-9-2,85,G
1015-2-c-8-1,85,G
1014-2-e-16-2,85,G
1014-2-f-15-1,85,G
1014-2-f-18-1,85,G
1015-1-b-16-2,85,G
1015-1-c-15-1,85,G
1015-1-c-18-2,85,G
1015-1-f-17-1,85,G
1015-2-b-15-2,85,G
1015-2-b-18-2,85,G
1015-2-c-17-1,85,G
1014-2-14-b-3,85,G
1014-2-14-e-3,85,G
1015-1-10-c-4,85,G
1015-1-11-b-3,85,G
1015-1-11-e-4,85,G
1015-1-14-d-3,85,G
1015-2-10-b-4,85,G
1015-2-10-e-4,85,G
1015-2-11-d-3,85,G
1015-1-16-6-1,85,G
1015-1-19-8-1,85,G
1015-2-15-6-2,85,G
1015-2-15-9-2,85,G
1015-2-16-8-1,85,G
1015-2-17-6-2,85,G
1015-1-19-17-3,85,G
1015-2-15-15-4,85,G
1015-2-15-18-4,85,G
1015-2-16-17-3,85,G
1015-2-17-15-4,85,G
1015-3-5-d-3,85,G
1015-4-1-b-4,85,G
1015-4-1-e-4,85,G
1015-4-2-d-3,85,G
1015-4-3-b-4,85,G
1015-4-6-6-2,85,G
1015-4-6-9-2,85,G
1015-4-7-8-1,85,G
1015-4-8-6-2,85,G
1015-4-6-15-4,85,G
